year,contract_id,measure,stars
2016,C0001,Breast Cancer Screening,3.5
2016,C0002,Breast Cancer Screening,3.5
2016,C0003,Breast Cancer Screening,3.5
2016,C0004,Breast Cancer Screening,4.0
2016,C0005,Breast Cancer Screening,3.5
2016,C0006,Breast Cancer Screening,4.0
2016,C0007,Breast Cancer Screening,4.0
2016,C0008,Breast Cancer Screening,3.5
2016,C0009,Breast Cancer Screening,3.5
2016,C0010,Breast Cancer Screening,4.0
2016,C0011,Breast Cancer Screening,3.5
2016,C0012,Breast Cancer Screening,3.5
2016,C0013,Breast Cancer Screening,3.5
2016,C0014,Breast Cancer Screening,4.0
2016,C0015,Breast Cancer Screening,3.5
2016,C0016,Breast Cancer Screening,4.0
2016,C0017,Breast Cancer Screening,4.0
2016,C0018,Breast Cancer Screening,3.5
2016,C0019,Breast Cancer Screening,4.0
2016,C0020,Breast Cancer Screening,3.5
2016,C0021,Breast Cancer Screening,3.5
2016,C0022,Breast Cancer Screening,4.0
2016,C0023,Breast Cancer Screening,3.5
2016,C0024,Breast Cancer Screening,4.0
2016,C0025,Breast Cancer Screening,3.5
2016,C0026,Breast Cancer Screening,4.0
2016,C0027,Breast Cancer Screening,3.5
2016,C0028,Breast Cancer Screening,3.5
2016,C0029,Breast Cancer Screening,3.5
2016,C0030,Breast Cancer Screening,3.5
2016,C0031,Breast Cancer Screening,3.5
2016,C0032,Breast Cancer Screening,3.5
2016,C0033,Breast Cancer Screening,3.5
2016,C0034,Breast Cancer Screening,4.0
2016,C0035,Breast Cancer Screening,3.5
2016,C0036,Breast Cancer Screening,3.5
2016,C0037,Breast Cancer Screening,3.5
2016,C0038,Breast Cancer Screening,3.5
2016,C0039,Breast Cancer Screening,4.0
2016,C0040,Breast Cancer Screening,4.0
2016,C0041,Breast Cancer Screening,3.5
2016,C0042,Breast Cancer Screening,3.5
2016,C0043,Breast Cancer Screening,4.0
2016,C0044,Breast Cancer Screening,3.5
2016,C0045,Breast Cancer Screening,3.5
2016,C0046,Breast Cancer Screening,4.0
2016,C0047,Breast Cancer Screening,4.0
2016,C0048,Breast Cancer Screening,3.5
2016,C0049,Breast Cancer Screening,4.0
2016,C0050,Breast Cancer Screening,4.0
2016,C0051,Breast Cancer Screening,4.0
2016,C0052,Breast Cancer Screening,3.5
2016,C0053,Breast Cancer Screening,3.5
2016,C0054,Breast Cancer Screening,3.5
2016,C0055,Breast Cancer Screening,3.5
2016,C0056,Breast Cancer Screening,3.5
2016,C0057,Breast Cancer Screening,4.0
2016,C0058,Breast Cancer Screening,4.0
2016,C0059,Breast Cancer Screening,3.5
2016,C0060,Breast Cancer Screening,4.0
2016,C0061,Breast Cancer Screening,3.5
2016,C0062,Breast Cancer Screening,4.0
2016,C0063,Breast Cancer Screening,3.5
2016,C0064,Breast Cancer Screening,3.5
2016,C0065,Breast Cancer Screening,3.5
2016,C0066,Breast Cancer Screening,3.5
2016,C0067,Breast Cancer Screening,3.5
2016,C0068,Breast Cancer Screening,3.5
2016,C0069,Breast Cancer Screening,4.0
2016,C0070,Breast Cancer Screening,3.5
2016,C0071,Breast Cancer Screening,3.5
2016,C0072,Breast Cancer Screening,4.0
2016,C0073,Breast Cancer Screening,3.5
2016,C0074,Breast Cancer Screening,3.5
2016,C0075,Breast Cancer Screening,3.5
2016,C0076,Breast Cancer Screening,3.5
2016,C0077,Breast Cancer Screening,3.5
2016,C0078,Breast Cancer Screening,4.0
2016,C0079,Breast Cancer Screening,3.5
2016,C0080,Breast Cancer Screening,3.5
2016,C0081,Breast Cancer Screening,3.5
2016,C0082,Breast Cancer Screening,4.0
2016,C0083,Breast Cancer Screening,3.5
2016,C0084,Breast Cancer Screening,4.0
2016,C0085,Breast Cancer Screening,4.0
2016,C0086,Breast Cancer Screening,3.5
2016,C0087,Breast Cancer Screening,4.0
2016,C0088,Breast Cancer Screening,4.0
2016,C0089,Breast Cancer Screening,3.5
2016,C0090,Breast Cancer Screening,3.5
2016,C0091,Breast Cancer Screening,4.0
2016,C0092,Breast Cancer Screening,3.5
2016,C0093,Breast Cancer Screening,3.5
2016,C0094,Breast Cancer Screening,3.5
2016,C0095,Breast Cancer Screening,4.0
2016,C0096,Breast Cancer Screening,4.0
2016,C0097,Breast Cancer Screening,3.5
2016,C0098,Breast Cancer Screening,3.5
2016,C0099,Breast Cancer Screening,3.5
2016,C0100,Breast Cancer Screening,4.0
2016,C0101,Breast Cancer Screening,4.0
2016,C0102,Breast Cancer Screening,3.5
2016,C0103,Breast Cancer Screening,4.0
2016,C0104,Breast Cancer Screening,3.5
2016,C0105,Breast Cancer Screening,3.5
2016,C0106,Breast Cancer Screening,4.0
2016,C0107,Breast Cancer Screening,3.5
2016,C0108,Breast Cancer Screening,4.0
2016,C0109,Breast Cancer Screening,3.5
2016,C0110,Breast Cancer Screening,3.5
2016,C0111,Breast Cancer Screening,3.5
2016,C0112,Breast Cancer Screening,3.5
2016,C0113,Breast Cancer Screening,4.0
2016,C0114,Breast Cancer Screening,4.0
2016,C0115,Breast Cancer Screening,4.0
2016,C0116,Breast Cancer Screening,3.5
2016,C0117,Breast Cancer Screening,3.5
2016,C0118,Breast Cancer Screening,4.0
2016,C0119,Breast Cancer Screening,4.0
2016,C0120,Breast Cancer Screening,3.5
2016,C0121,Breast Cancer Screening,3.5
2016,C0122,Breast Cancer Screening,3.5
2016,C0123,Breast Cancer Screening,4.0
2016,C0124,Breast Cancer Screening,4.0
2016,C0125,Breast Cancer Screening,3.5
2016,C0126,Breast Cancer Screening,3.5
2016,C0127,Breast Cancer Screening,3.5
2016,C0128,Breast Cancer Screening,3.5
2016,C0129,Breast Cancer Screening,4.0
2016,C0130,Breast Cancer Screening,3.5
2016,C0131,Breast Cancer Screening,3.5
2016,C0132,Breast Cancer Screening,3.5
2016,C0133,Breast Cancer Screening,4.0
2016,C0134,Breast Cancer Screening,3.5
2016,C0135,Breast Cancer Screening,3.5
2016,C0136,Breast Cancer Screening,4.0
2016,C0137,Breast Cancer Screening,4.0
2016,C0138,Breast Cancer Screening,3.5
2016,C0139,Breast Cancer Screening,3.5
2016,C0140,Breast Cancer Screening,3.5
2016,C0141,Breast Cancer Screening,3.5
2016,C0142,Breast Cancer Screening,3.5
2016,C0143,Breast Cancer Screening,3.5
2016,C0144,Breast Cancer Screening,3.5
2016,C0145,Breast Cancer Screening,3.5
2016,C0146,Breast Cancer Screening,3.5
2016,C0147,Breast Cancer Screening,4.0
2016,C0148,Breast Cancer Screening,3.5
2016,C0149,Breast Cancer Screening,4.0
2016,C0150,Breast Cancer Screening,4.0
2016,C0151,Breast Cancer Screening,3.5
2016,C0152,Breast Cancer Screening,3.5
2016,C0153,Breast Cancer Screening,4.0
2016,C0154,Breast Cancer Screening,3.5
2016,C0155,Breast Cancer Screening,3.5
2016,C0156,Breast Cancer Screening,4.0
2016,C0157,Breast Cancer Screening,3.5
2016,C0158,Breast Cancer Screening,3.5
2016,C0159,Breast Cancer Screening,4.0
2016,C0160,Breast Cancer Screening,4.0
2016,C0161,Breast Cancer Screening,3.5
2016,C0162,Breast Cancer Screening,3.5
2016,C0163,Breast Cancer Screening,3.5
2016,C0164,Breast Cancer Screening,3.5
2016,C0165,Breast Cancer Screening,3.5
2016,C0166,Breast Cancer Screening,4.0
2016,C0167,Breast Cancer Screening,4.0
2016,C0168,Breast Cancer Screening,4.0
2016,C0169,Breast Cancer Screening,3.5
2016,C0170,Breast Cancer Screening,3.5
2016,C0171,Breast Cancer Screening,3.5
2016,C0172,Breast Cancer Screening,4.0
2016,C0173,Breast Cancer Screening,3.5
2016,C0174,Breast Cancer Screening,3.5
2016,C0175,Breast Cancer Screening,3.5
2016,C0176,Breast Cancer Screening,3.5
2016,C0177,Breast Cancer Screening,3.5
2016,C0178,Breast Cancer Screening,3.5
2016,C0179,Breast Cancer Screening,4.0
2016,C0180,Breast Cancer Screening,3.5
2016,C0181,Breast Cancer Screening,4.0
2016,C0182,Breast Cancer Screening,3.5
2016,C0183,Breast Cancer Screening,3.5
2016,C0184,Breast Cancer Screening,4.0
2016,C0185,Breast Cancer Screening,4.0
2016,C0186,Breast Cancer Screening,4.0
2016,C0187,Breast Cancer Screening,4.0
2016,C0188,Breast Cancer Screening,4.0
2016,C0189,Breast Cancer Screening,3.5
2016,C0190,Breast Cancer Screening,3.5
2016,C0191,Breast Cancer Screening,3.5
2016,C0192,Breast Cancer Screening,3.5
2016,C0193,Breast Cancer Screening,3.5
2016,C0194,Breast Cancer Screening,3.5
2016,C0195,Breast Cancer Screening,4.0
2016,C0196,Breast Cancer Screening,3.5
2016,C0197,Breast Cancer Screening,4.0
2016,C0198,Breast Cancer Screening,3.5
2016,C0199,Breast Cancer Screening,3.5
2016,C0200,Breast Cancer Screening,4.0
2016,C0201,Breast Cancer Screening,4.0
2016,C0202,Breast Cancer Screening,3.5
2016,C0203,Breast Cancer Screening,4.0
2016,C0204,Breast Cancer Screening,3.5
2016,C0205,Breast Cancer Screening,3.5
2016,C0206,Breast Cancer Screening,4.0
2016,C0207,Breast Cancer Screening,3.5
2016,C0208,Breast Cancer Screening,3.5
2016,C0209,Breast Cancer Screening,4.0
2016,C0210,Breast Cancer Screening,3.5
2016,C0211,Breast Cancer Screening,3.5
2016,C0212,Breast Cancer Screening,3.5
2016,C0213,Breast Cancer Screening,4.0
2016,C0214,Breast Cancer Screening,3.5
2016,C0215,Breast Cancer Screening,4.0
2016,C0216,Breast Cancer Screening,3.5
2016,C0217,Breast Cancer Screening,3.5
2016,C0218,Breast Cancer Screening,3.5
2016,C0219,Breast Cancer Screening,4.0
2016,C0220,Breast Cancer Screening,3.5
2016,C0221,Breast Cancer Screening,3.5
2016,C0222,Breast Cancer Screening,4.0
2016,C0223,Breast Cancer Screening,3.5
2016,C0224,Breast Cancer Screening,3.5
2016,C0225,Breast Cancer Screening,3.5
2016,C0226,Breast Cancer Screening,3.5
2016,C0227,Breast Cancer Screening,3.5
2016,C0228,Breast Cancer Screening,3.5
2016,C0229,Breast Cancer Screening,4.0
2016,C0230,Breast Cancer Screening,3.5
2016,C0231,Breast Cancer Screening,4.0
2016,C0232,Breast Cancer Screening,3.5
2016,C0233,Breast Cancer Screening,3.5
2016,C0234,Breast Cancer Screening,4.0
2016,C0235,Breast Cancer Screening,3.5
2016,C0236,Breast Cancer Screening,3.5
2016,C0237,Breast Cancer Screening,4.0
2016,C0238,Breast Cancer Screening,3.5
2016,C0239,Breast Cancer Screening,3.5
2016,C0240,Breast Cancer Screening,4.0
2016,C0241,Breast Cancer Screening,4.0
2016,C0242,Breast Cancer Screening,3.5
2016,C0243,Breast Cancer Screening,3.5
2016,C0244,Breast Cancer Screening,3.5
2016,C0245,Breast Cancer Screening,4.0
2016,C0246,Breast Cancer Screening,4.0
2016,C0247,Breast Cancer Screening,4.0
2016,C0248,Breast Cancer Screening,3.5
2016,C0249,Breast Cancer Screening,3.5
2016,C0250,Breast Cancer Screening,4.0
2016,C0001,Medication Reconciliation,3.5
2016,C0002,Medication Reconciliation,4.0
2016,C0003,Medication Reconciliation,3.5
2016,C0004,Medication Reconciliation,3.0
2016,C0005,Medication Reconciliation,3.5
2016,C0006,Medication Reconciliation,3.5
2016,C0007,Medication Reconciliation,3.5
2016,C0008,Medication Reconciliation,3.5
2016,C0009,Medication Reconciliation,3.5
2016,C0010,Medication Reconciliation,3.5
2016,C0011,Medication Reconciliation,3.5
2016,C0012,Medication Reconciliation,3.5
2016,C0013,Medication Reconciliation,3.5
2016,C0014,Medication Reconciliation,3.5
2016,C0015,Medication Reconciliation,3.5
2016,C0016,Medication Reconciliation,3.5
2016,C0017,Medication Reconciliation,3.5
2016,C0018,Medication Reconciliation,3.5
2016,C0019,Medication Reconciliation,3.5
2016,C0020,Medication Reconciliation,3.5
2016,C0021,Medication Reconciliation,3.5
2016,C0022,Medication Reconciliation,3.5
2016,C0023,Medication Reconciliation,3.5
2016,C0024,Medication Reconciliation,3.5
2016,C0025,Medication Reconciliation,3.0
2016,C0026,Medication Reconciliation,3.5
2016,C0027,Medication Reconciliation,3.5
2016,C0028,Medication Reconciliation,3.5
2016,C0029,Medication Reconciliation,3.5
2016,C0030,Medication Reconciliation,3.5
2016,C0031,Medication Reconciliation,3.5
2016,C0032,Medication Reconciliation,3.0
2016,C0033,Medication Reconciliation,3.5
2016,C0034,Medication Reconciliation,3.5
2016,C0035,Medication Reconciliation,3.5
2016,C0036,Medication Reconciliation,3.5
2016,C0037,Medication Reconciliation,3.5
2016,C0038,Medication Reconciliation,3.5
2016,C0039,Medication Reconciliation,3.5
2016,C0040,Medication Reconciliation,3.5
2016,C0041,Medication Reconciliation,3.5
2016,C0042,Medication Reconciliation,3.5
2016,C0043,Medication Reconciliation,3.5
2016,C0044,Medication Reconciliation,3.5
2016,C0045,Medication Reconciliation,3.5
2016,C0046,Medication Reconciliation,3.5
2016,C0047,Medication Reconciliation,3.5
2016,C0048,Medication Reconciliation,3.5
2016,C0049,Medication Reconciliation,3.5
2016,C0050,Medication Reconciliation,3.5
2016,C0051,Medication Reconciliation,3.5
2016,C0052,Medication Reconciliation,3.5
2016,C0053,Medication Reconciliation,3.5
2016,C0054,Medication Reconciliation,3.5
2016,C0055,Medication Reconciliation,3.5
2016,C0056,Medication Reconciliation,4.0
2016,C0057,Medication Reconciliation,3.5
2016,C0058,Medication Reconciliation,3.5
2016,C0059,Medication Reconciliation,3.0
2016,C0060,Medication Reconciliation,3.5
2016,C0061,Medication Reconciliation,3.5
2016,C0062,Medication Reconciliation,3.5
2016,C0063,Medication Reconciliation,3.5
2016,C0064,Medication Reconciliation,3.5
2016,C0065,Medication Reconciliation,3.5
2016,C0066,Medication Reconciliation,3.5
2016,C0067,Medication Reconciliation,3.5
2016,C0068,Medication Reconciliation,3.5
2016,C0069,Medication Reconciliation,3.5
2016,C0070,Medication Reconciliation,3.5
2016,C0071,Medication Reconciliation,3.5
2016,C0072,Medication Reconciliation,3.5
2016,C0073,Medication Reconciliation,3.5
2016,C0074,Medication Reconciliation,3.5
2016,C0075,Medication Reconciliation,3.5
2016,C0076,Medication Reconciliation,3.5
2016,C0077,Medication Reconciliation,3.0
2016,C0078,Medication Reconciliation,3.5
2016,C0079,Medication Reconciliation,3.5
2016,C0080,Medication Reconciliation,3.5
2016,C0081,Medication Reconciliation,4.0
2016,C0082,Medication Reconciliation,3.5
2016,C0083,Medication Reconciliation,3.5
2016,C0084,Medication Reconciliation,3.5
2016,C0085,Medication Reconciliation,4.0
2016,C0086,Medication Reconciliation,3.5
2016,C0087,Medication Reconciliation,3.5
2016,C0088,Medication Reconciliation,3.5
2016,C0089,Medication Reconciliation,4.0
2016,C0090,Medication Reconciliation,3.5
2016,C0091,Medication Reconciliation,4.0
2016,C0092,Medication Reconciliation,3.5
2016,C0093,Medication Reconciliation,3.5
2016,C0094,Medication Reconciliation,3.5
2016,C0095,Medication Reconciliation,3.5
2016,C0096,Medication Reconciliation,3.5
2016,C0097,Medication Reconciliation,3.5
2016,C0098,Medication Reconciliation,3.5
2016,C0099,Medication Reconciliation,3.5
2016,C0100,Medication Reconciliation,3.5
2016,C0101,Medication Reconciliation,3.5
2016,C0102,Medication Reconciliation,3.5
2016,C0103,Medication Reconciliation,3.0
2016,C0104,Medication Reconciliation,3.5
2016,C0105,Medication Reconciliation,3.5
2016,C0106,Medication Reconciliation,3.5
2016,C0107,Medication Reconciliation,3.5
2016,C0108,Medication Reconciliation,3.5
2016,C0109,Medication Reconciliation,3.5
2016,C0110,Medication Reconciliation,3.5
2016,C0111,Medication Reconciliation,3.5
2016,C0112,Medication Reconciliation,3.5
2016,C0113,Medication Reconciliation,3.5
2016,C0114,Medication Reconciliation,3.5
2016,C0115,Medication Reconciliation,3.5
2016,C0116,Medication Reconciliation,3.5
2016,C0117,Medication Reconciliation,3.5
2016,C0118,Medication Reconciliation,3.5
2016,C0119,Medication Reconciliation,3.5
2016,C0120,Medication Reconciliation,3.5
2016,C0121,Medication Reconciliation,3.5
2016,C0122,Medication Reconciliation,3.5
2016,C0123,Medication Reconciliation,3.5
2016,C0124,Medication Reconciliation,3.5
2016,C0125,Medication Reconciliation,3.5
2016,C0126,Medication Reconciliation,3.5
2016,C0127,Medication Reconciliation,3.5
2016,C0128,Medication Reconciliation,3.5
2016,C0129,Medication Reconciliation,3.0
2016,C0130,Medication Reconciliation,3.5
2016,C0131,Medication Reconciliation,3.5
2016,C0132,Medication Reconciliation,3.5
2016,C0133,Medication Reconciliation,3.5
2016,C0134,Medication Reconciliation,3.5
2016,C0135,Medication Reconciliation,3.5
2016,C0136,Medication Reconciliation,3.5
2016,C0137,Medication Reconciliation,3.5
2016,C0138,Medication Reconciliation,3.5
2016,C0139,Medication Reconciliation,3.5
2016,C0140,Medication Reconciliation,3.5
2016,C0141,Medication Reconciliation,3.5
2016,C0142,Medication Reconciliation,3.5
2016,C0143,Medication Reconciliation,3.5
2016,C0144,Medication Reconciliation,3.5
2016,C0145,Medication Reconciliation,3.5
2016,C0146,Medication Reconciliation,3.5
2016,C0147,Medication Reconciliation,3.5
2016,C0148,Medication Reconciliation,3.5
2016,C0149,Medication Reconciliation,3.5
2016,C0150,Medication Reconciliation,3.0
2016,C0151,Medication Reconciliation,3.5
2016,C0152,Medication Reconciliation,3.5
2016,C0153,Medication Reconciliation,3.5
2016,C0154,Medication Reconciliation,3.5
2016,C0155,Medication Reconciliation,3.5
2016,C0156,Medication Reconciliation,3.5
2016,C0157,Medication Reconciliation,3.5
2016,C0158,Medication Reconciliation,3.5
2016,C0159,Medication Reconciliation,3.5
2016,C0160,Medication Reconciliation,3.5
2016,C0161,Medication Reconciliation,3.5
2016,C0162,Medication Reconciliation,3.0
2016,C0163,Medication Reconciliation,3.5
2016,C0164,Medication Reconciliation,3.5
2016,C0165,Medication Reconciliation,3.5
2016,C0166,Medication Reconciliation,3.5
2016,C0167,Medication Reconciliation,3.5
2016,C0168,Medication Reconciliation,4.0
2016,C0169,Medication Reconciliation,3.5
2016,C0170,Medication Reconciliation,3.0
2016,C0171,Medication Reconciliation,3.5
2016,C0172,Medication Reconciliation,3.5
2016,C0173,Medication Reconciliation,3.5
2016,C0174,Medication Reconciliation,3.5
2016,C0175,Medication Reconciliation,3.5
2016,C0176,Medication Reconciliation,4.0
2016,C0177,Medication Reconciliation,3.5
2016,C0178,Medication Reconciliation,4.0
2016,C0179,Medication Reconciliation,3.5
2016,C0180,Medication Reconciliation,3.5
2016,C0181,Medication Reconciliation,3.5
2016,C0182,Medication Reconciliation,3.5
2016,C0183,Medication Reconciliation,3.5
2016,C0184,Medication Reconciliation,3.5
2016,C0185,Medication Reconciliation,3.5
2016,C0186,Medication Reconciliation,3.5
2016,C0187,Medication Reconciliation,3.5
2016,C0188,Medication Reconciliation,3.5
2016,C0189,Medication Reconciliation,3.5
2016,C0190,Medication Reconciliation,3.5
2016,C0191,Medication Reconciliation,3.5
2016,C0192,Medication Reconciliation,3.5
2016,C0193,Medication Reconciliation,3.5
2016,C0194,Medication Reconciliation,3.5
2016,C0195,Medication Reconciliation,3.5
2016,C0196,Medication Reconciliation,3.5
2016,C0197,Medication Reconciliation,3.5
2016,C0198,Medication Reconciliation,3.5
2016,C0199,Medication Reconciliation,3.5
2016,C0200,Medication Reconciliation,3.5
2016,C0201,Medication Reconciliation,3.5
2016,C0202,Medication Reconciliation,3.5
2016,C0203,Medication Reconciliation,3.5
2016,C0204,Medication Reconciliation,3.5
2016,C0205,Medication Reconciliation,3.5
2016,C0206,Medication Reconciliation,3.5
2016,C0207,Medication Reconciliation,3.5
2016,C0208,Medication Reconciliation,3.5
2016,C0209,Medication Reconciliation,3.5
2016,C0210,Medication Reconciliation,3.5
2016,C0211,Medication Reconciliation,3.5
2016,C0212,Medication Reconciliation,3.5
2016,C0213,Medication Reconciliation,3.5
2016,C0214,Medication Reconciliation,3.5
2016,C0215,Medication Reconciliation,3.5
2016,C0216,Medication Reconciliation,3.0
2016,C0217,Medication Reconciliation,3.5
2016,C0218,Medication Reconciliation,3.5
2016,C0219,Medication Reconciliation,3.5
2016,C0220,Medication Reconciliation,4.0
2016,C0221,Medication Reconciliation,3.5
2016,C0222,Medication Reconciliation,3.5
2016,C0223,Medication Reconciliation,3.5
2016,C0224,Medication Reconciliation,3.5
2016,C0225,Medication Reconciliation,3.5
2016,C0226,Medication Reconciliation,3.5
2016,C0227,Medication Reconciliation,3.5
2016,C0228,Medication Reconciliation,3.0
2016,C0229,Medication Reconciliation,3.5
2016,C0230,Medication Reconciliation,3.5
2016,C0231,Medication Reconciliation,3.5
2016,C0232,Medication Reconciliation,3.5
2016,C0233,Medication Reconciliation,3.5
2016,C0234,Medication Reconciliation,3.5
2016,C0235,Medication Reconciliation,3.5
2016,C0236,Medication Reconciliation,3.0
2016,C0237,Medication Reconciliation,3.5
2016,C0238,Medication Reconciliation,3.5
2016,C0239,Medication Reconciliation,3.0
2016,C0240,Medication Reconciliation,3.5
2016,C0241,Medication Reconciliation,3.5
2016,C0242,Medication Reconciliation,3.5
2016,C0243,Medication Reconciliation,3.0
2016,C0244,Medication Reconciliation,3.5
2016,C0245,Medication Reconciliation,3.5
2016,C0246,Medication Reconciliation,3.5
2016,C0247,Medication Reconciliation,3.5
2016,C0248,Medication Reconciliation,3.5
2016,C0249,Medication Reconciliation,3.5
2016,C0250,Medication Reconciliation,3.5
2016,C0001,Plan All-Cause Readmissions,3.5
2016,C0002,Plan All-Cause Readmissions,3.5
2016,C0003,Plan All-Cause Readmissions,4.0
2016,C0004,Plan All-Cause Readmissions,3.5
2016,C0005,Plan All-Cause Readmissions,4.0
2016,C0006,Plan All-Cause Readmissions,4.0
2016,C0007,Plan All-Cause Readmissions,4.0
2016,C0008,Plan All-Cause Readmissions,4.0
2016,C0009,Plan All-Cause Readmissions,4.0
2016,C0010,Plan All-Cause Readmissions,3.5
2016,C0011,Plan All-Cause Readmissions,3.5
2016,C0012,Plan All-Cause Readmissions,3.5
2016,C0013,Plan All-Cause Readmissions,3.5
2016,C0014,Plan All-Cause Readmissions,4.0
2016,C0015,Plan All-Cause Readmissions,3.5
2016,C0016,Plan All-Cause Readmissions,3.5
2016,C0017,Plan All-Cause Readmissions,4.0
2016,C0018,Plan All-Cause Readmissions,4.0
2016,C0019,Plan All-Cause Readmissions,3.5
2016,C0020,Plan All-Cause Readmissions,4.0
2016,C0021,Plan All-Cause Readmissions,4.0
2016,C0022,Plan All-Cause Readmissions,3.5
2016,C0023,Plan All-Cause Readmissions,4.0
2016,C0024,Plan All-Cause Readmissions,4.0
2016,C0025,Plan All-Cause Readmissions,3.5
2016,C0026,Plan All-Cause Readmissions,3.5
2016,C0027,Plan All-Cause Readmissions,3.5
2016,C0028,Plan All-Cause Readmissions,4.0
2016,C0029,Plan All-Cause Readmissions,4.0
2016,C0030,Plan All-Cause Readmissions,3.5
2016,C0031,Plan All-Cause Readmissions,4.0
2016,C0032,Plan All-Cause Readmissions,3.5
2016,C0033,Plan All-Cause Readmissions,4.0
2016,C0034,Plan All-Cause Readmissions,4.0
2016,C0035,Plan All-Cause Readmissions,3.5
2016,C0036,Plan All-Cause Readmissions,4.0
2016,C0037,Plan All-Cause Readmissions,4.0
2016,C0038,Plan All-Cause Readmissions,4.0
2016,C0039,Plan All-Cause Readmissions,3.5
2016,C0040,Plan All-Cause Readmissions,4.0
2016,C0041,Plan All-Cause Readmissions,4.0
2016,C0042,Plan All-Cause Readmissions,3.5
2016,C0043,Plan All-Cause Readmissions,3.5
2016,C0044,Plan All-Cause Readmissions,3.5
2016,C0045,Plan All-Cause Readmissions,3.5
2016,C0046,Plan All-Cause Readmissions,3.5
2016,C0047,Plan All-Cause Readmissions,4.0
2016,C0048,Plan All-Cause Readmissions,4.0
2016,C0049,Plan All-Cause Readmissions,3.5
2016,C0050,Plan All-Cause Readmissions,4.0
2016,C0051,Plan All-Cause Readmissions,4.0
2016,C0052,Plan All-Cause Readmissions,4.0
2016,C0053,Plan All-Cause Readmissions,4.0
2016,C0054,Plan All-Cause Readmissions,3.5
2016,C0055,Plan All-Cause Readmissions,4.0
2016,C0056,Plan All-Cause Readmissions,4.0
2016,C0057,Plan All-Cause Readmissions,3.5
2016,C0058,Plan All-Cause Readmissions,4.0
2016,C0059,Plan All-Cause Readmissions,3.5
2016,C0060,Plan All-Cause Readmissions,3.5
2016,C0061,Plan All-Cause Readmissions,3.5
2016,C0062,Plan All-Cause Readmissions,4.0
2016,C0063,Plan All-Cause Readmissions,3.5
2016,C0064,Plan All-Cause Readmissions,4.0
2016,C0065,Plan All-Cause Readmissions,4.0
2016,C0066,Plan All-Cause Readmissions,3.5
2016,C0067,Plan All-Cause Readmissions,4.0
2016,C0068,Plan All-Cause Readmissions,3.5
2016,C0069,Plan All-Cause Readmissions,3.5
2016,C0070,Plan All-Cause Readmissions,4.0
2016,C0071,Plan All-Cause Readmissions,3.5
2016,C0072,Plan All-Cause Readmissions,3.5
2016,C0073,Plan All-Cause Readmissions,4.0
2016,C0074,Plan All-Cause Readmissions,3.5
2016,C0075,Plan All-Cause Readmissions,3.5
2016,C0076,Plan All-Cause Readmissions,4.0
2016,C0077,Plan All-Cause Readmissions,3.5
2016,C0078,Plan All-Cause Readmissions,4.0
2016,C0079,Plan All-Cause Readmissions,4.0
2016,C0080,Plan All-Cause Readmissions,3.5
2016,C0081,Plan All-Cause Readmissions,3.5
2016,C0082,Plan All-Cause Readmissions,4.0
2016,C0083,Plan All-Cause Readmissions,3.5
2016,C0084,Plan All-Cause Readmissions,4.0
2016,C0085,Plan All-Cause Readmissions,3.5
2016,C0086,Plan All-Cause Readmissions,4.0
2016,C0087,Plan All-Cause Readmissions,4.0
2016,C0088,Plan All-Cause Readmissions,4.0
2016,C0089,Plan All-Cause Readmissions,3.5
2016,C0090,Plan All-Cause Readmissions,4.0
2016,C0091,Plan All-Cause Readmissions,3.5
2016,C0092,Plan All-Cause Readmissions,3.5
2016,C0093,Plan All-Cause Readmissions,4.0
2016,C0094,Plan All-Cause Readmissions,3.5
2016,C0095,Plan All-Cause Readmissions,3.5
2016,C0096,Plan All-Cause Readmissions,3.5
2016,C0097,Plan All-Cause Readmissions,3.5
2016,C0098,Plan All-Cause Readmissions,3.5
2016,C0099,Plan All-Cause Readmissions,4.0
2016,C0100,Plan All-Cause Readmissions,3.5
2016,C0101,Plan All-Cause Readmissions,4.0
2016,C0102,Plan All-Cause Readmissions,3.5
2016,C0103,Plan All-Cause Readmissions,3.5
2016,C0104,Plan All-Cause Readmissions,3.5
2016,C0105,Plan All-Cause Readmissions,3.5
2016,C0106,Plan All-Cause Readmissions,3.5
2016,C0107,Plan All-Cause Readmissions,3.5
2016,C0108,Plan All-Cause Readmissions,4.0
2016,C0109,Plan All-Cause Readmissions,3.5
2016,C0110,Plan All-Cause Readmissions,3.5
2016,C0111,Plan All-Cause Readmissions,3.5
2016,C0112,Plan All-Cause Readmissions,4.0
2016,C0113,Plan All-Cause Readmissions,4.0
2016,C0114,Plan All-Cause Readmissions,3.5
2016,C0115,Plan All-Cause Readmissions,3.5
2016,C0116,Plan All-Cause Readmissions,3.5
2016,C0117,Plan All-Cause Readmissions,3.5
2016,C0118,Plan All-Cause Readmissions,3.5
2016,C0119,Plan All-Cause Readmissions,3.5
2016,C0120,Plan All-Cause Readmissions,3.5
2016,C0121,Plan All-Cause Readmissions,3.5
2016,C0122,Plan All-Cause Readmissions,3.5
2016,C0123,Plan All-Cause Readmissions,4.0
2016,C0124,Plan All-Cause Readmissions,3.5
2016,C0125,Plan All-Cause Readmissions,4.0
2016,C0126,Plan All-Cause Readmissions,3.5
2016,C0127,Plan All-Cause Readmissions,4.0
2016,C0128,Plan All-Cause Readmissions,3.5
2016,C0129,Plan All-Cause Readmissions,4.0
2016,C0130,Plan All-Cause Readmissions,3.5
2016,C0131,Plan All-Cause Readmissions,3.5
2016,C0132,Plan All-Cause Readmissions,3.5
2016,C0133,Plan All-Cause Readmissions,3.5
2016,C0134,Plan All-Cause Readmissions,3.5
2016,C0135,Plan All-Cause Readmissions,4.0
2016,C0136,Plan All-Cause Readmissions,3.5
2016,C0137,Plan All-Cause Readmissions,4.0
2016,C0138,Plan All-Cause Readmissions,3.5
2016,C0139,Plan All-Cause Readmissions,3.5
2016,C0140,Plan All-Cause Readmissions,4.0
2016,C0141,Plan All-Cause Readmissions,3.5
2016,C0142,Plan All-Cause Readmissions,3.5
2016,C0143,Plan All-Cause Readmissions,3.5
2016,C0144,Plan All-Cause Readmissions,3.5
2016,C0145,Plan All-Cause Readmissions,4.0
2016,C0146,Plan All-Cause Readmissions,3.5
2016,C0147,Plan All-Cause Readmissions,4.0
2016,C0148,Plan All-Cause Readmissions,4.0
2016,C0149,Plan All-Cause Readmissions,4.0
2016,C0150,Plan All-Cause Readmissions,3.5
2016,C0151,Plan All-Cause Readmissions,3.5
2016,C0152,Plan All-Cause Readmissions,3.5
2016,C0153,Plan All-Cause Readmissions,3.5
2016,C0154,Plan All-Cause Readmissions,4.0
2016,C0155,Plan All-Cause Readmissions,4.0
2016,C0156,Plan All-Cause Readmissions,3.5
2016,C0157,Plan All-Cause Readmissions,4.0
2016,C0158,Plan All-Cause Readmissions,4.0
2016,C0159,Plan All-Cause Readmissions,4.0
2016,C0160,Plan All-Cause Readmissions,4.0
2016,C0161,Plan All-Cause Readmissions,3.5
2016,C0162,Plan All-Cause Readmissions,3.5
2016,C0163,Plan All-Cause Readmissions,4.0
2016,C0164,Plan All-Cause Readmissions,3.5
2016,C0165,Plan All-Cause Readmissions,3.5
2016,C0166,Plan All-Cause Readmissions,3.5
2016,C0167,Plan All-Cause Readmissions,3.5
2016,C0168,Plan All-Cause Readmissions,3.5
2016,C0169,Plan All-Cause Readmissions,4.0
2016,C0170,Plan All-Cause Readmissions,3.5
2016,C0171,Plan All-Cause Readmissions,3.5
2016,C0172,Plan All-Cause Readmissions,4.0
2016,C0173,Plan All-Cause Readmissions,4.0
2016,C0174,Plan All-Cause Readmissions,3.5
2016,C0175,Plan All-Cause Readmissions,4.0
2016,C0176,Plan All-Cause Readmissions,4.0
2016,C0177,Plan All-Cause Readmissions,4.0
2016,C0178,Plan All-Cause Readmissions,4.0
2016,C0179,Plan All-Cause Readmissions,4.0
2016,C0180,Plan All-Cause Readmissions,4.0
2016,C0181,Plan All-Cause Readmissions,3.5
2016,C0182,Plan All-Cause Readmissions,3.5
2016,C0183,Plan All-Cause Readmissions,4.0
2016,C0184,Plan All-Cause Readmissions,4.0
2016,C0185,Plan All-Cause Readmissions,4.0
2016,C0186,Plan All-Cause Readmissions,3.5
2016,C0187,Plan All-Cause Readmissions,3.5
2016,C0188,Plan All-Cause Readmissions,3.5
2016,C0189,Plan All-Cause Readmissions,4.0
2016,C0190,Plan All-Cause Readmissions,3.5
2016,C0191,Plan All-Cause Readmissions,3.5
2016,C0192,Plan All-Cause Readmissions,3.5
2016,C0193,Plan All-Cause Readmissions,4.0
2016,C0194,Plan All-Cause Readmissions,4.0
2016,C0195,Plan All-Cause Readmissions,4.0
2016,C0196,Plan All-Cause Readmissions,3.5
2016,C0197,Plan All-Cause Readmissions,3.5
2016,C0198,Plan All-Cause Readmissions,3.5
2016,C0199,Plan All-Cause Readmissions,3.5
2016,C0200,Plan All-Cause Readmissions,3.5
2016,C0201,Plan All-Cause Readmissions,3.5
2016,C0202,Plan All-Cause Readmissions,3.5
2016,C0203,Plan All-Cause Readmissions,3.5
2016,C0204,Plan All-Cause Readmissions,4.0
2016,C0205,Plan All-Cause Readmissions,4.0
2016,C0206,Plan All-Cause Readmissions,3.5
2016,C0207,Plan All-Cause Readmissions,4.0
2016,C0208,Plan All-Cause Readmissions,4.0
2016,C0209,Plan All-Cause Readmissions,4.0
2016,C0210,Plan All-Cause Readmissions,3.5
2016,C0211,Plan All-Cause Readmissions,3.5
2016,C0212,Plan All-Cause Readmissions,4.0
2016,C0213,Plan All-Cause Readmissions,3.5
2016,C0214,Plan All-Cause Readmissions,4.0
2016,C0215,Plan All-Cause Readmissions,4.0
2016,C0216,Plan All-Cause Readmissions,3.5
2016,C0217,Plan All-Cause Readmissions,3.5
2016,C0218,Plan All-Cause Readmissions,4.0
2016,C0219,Plan All-Cause Readmissions,3.5
2016,C0220,Plan All-Cause Readmissions,3.5
2016,C0221,Plan All-Cause Readmissions,3.5
2016,C0222,Plan All-Cause Readmissions,3.5
2016,C0223,Plan All-Cause Readmissions,4.0
2016,C0224,Plan All-Cause Readmissions,4.0
2016,C0225,Plan All-Cause Readmissions,3.5
2016,C0226,Plan All-Cause Readmissions,4.0
2016,C0227,Plan All-Cause Readmissions,3.5
2016,C0228,Plan All-Cause Readmissions,4.0
2016,C0229,Plan All-Cause Readmissions,4.0
2016,C0230,Plan All-Cause Readmissions,3.5
2016,C0231,Plan All-Cause Readmissions,3.5
2016,C0232,Plan All-Cause Readmissions,3.5
2016,C0233,Plan All-Cause Readmissions,3.5
2016,C0234,Plan All-Cause Readmissions,4.0
2016,C0235,Plan All-Cause Readmissions,3.5
2016,C0236,Plan All-Cause Readmissions,3.5
2016,C0237,Plan All-Cause Readmissions,4.0
2016,C0238,Plan All-Cause Readmissions,4.0
2016,C0239,Plan All-Cause Readmissions,3.5
2016,C0240,Plan All-Cause Readmissions,3.5
2016,C0241,Plan All-Cause Readmissions,3.5
2016,C0242,Plan All-Cause Readmissions,3.5
2016,C0243,Plan All-Cause Readmissions,4.0
2016,C0244,Plan All-Cause Readmissions,4.0
2016,C0245,Plan All-Cause Readmissions,4.0
2016,C0246,Plan All-Cause Readmissions,3.5
2016,C0247,Plan All-Cause Readmissions,3.5
2016,C0248,Plan All-Cause Readmissions,4.0
2016,C0249,Plan All-Cause Readmissions,3.5
2016,C0250,Plan All-Cause Readmissions,4.0
2016,C0001,Controlling Blood Pressure,3.5
2016,C0002,Controlling Blood Pressure,3.5
2016,C0003,Controlling Blood Pressure,3.5
2016,C0004,Controlling Blood Pressure,3.5
2016,C0005,Controlling Blood Pressure,3.5
2016,C0006,Controlling Blood Pressure,3.5
2016,C0007,Controlling Blood Pressure,4.0
2016,C0008,Controlling Blood Pressure,4.0
2016,C0009,Controlling Blood Pressure,3.5
2016,C0010,Controlling Blood Pressure,3.5
2016,C0011,Controlling Blood Pressure,4.0
2016,C0012,Controlling Blood Pressure,3.5
2016,C0013,Controlling Blood Pressure,4.0
2016,C0014,Controlling Blood Pressure,3.5
2016,C0015,Controlling Blood Pressure,3.5
2016,C0016,Controlling Blood Pressure,4.0
2016,C0017,Controlling Blood Pressure,4.0
2016,C0018,Controlling Blood Pressure,3.5
2016,C0019,Controlling Blood Pressure,3.5
2016,C0020,Controlling Blood Pressure,3.5
2016,C0021,Controlling Blood Pressure,4.0
2016,C0022,Controlling Blood Pressure,3.5
2016,C0023,Controlling Blood Pressure,4.0
2016,C0024,Controlling Blood Pressure,4.0
2016,C0025,Controlling Blood Pressure,3.5
2016,C0026,Controlling Blood Pressure,4.0
2016,C0027,Controlling Blood Pressure,3.5
2016,C0028,Controlling Blood Pressure,4.0
2016,C0029,Controlling Blood Pressure,3.5
2016,C0030,Controlling Blood Pressure,4.0
2016,C0031,Controlling Blood Pressure,3.5
2016,C0032,Controlling Blood Pressure,3.5
2016,C0033,Controlling Blood Pressure,3.5
2016,C0034,Controlling Blood Pressure,4.0
2016,C0035,Controlling Blood Pressure,3.5
2016,C0036,Controlling Blood Pressure,3.5
2016,C0037,Controlling Blood Pressure,3.5
2016,C0038,Controlling Blood Pressure,3.5
2016,C0039,Controlling Blood Pressure,3.5
2016,C0040,Controlling Blood Pressure,3.5
2016,C0041,Controlling Blood Pressure,3.5
2016,C0042,Controlling Blood Pressure,3.5
2016,C0043,Controlling Blood Pressure,3.5
2016,C0044,Controlling Blood Pressure,3.5
2016,C0045,Controlling Blood Pressure,3.5
2016,C0046,Controlling Blood Pressure,3.5
2016,C0047,Controlling Blood Pressure,4.0
2016,C0048,Controlling Blood Pressure,3.5
2016,C0049,Controlling Blood Pressure,4.0
2016,C0050,Controlling Blood Pressure,4.0
2016,C0051,Controlling Blood Pressure,4.0
2016,C0052,Controlling Blood Pressure,3.5
2016,C0053,Controlling Blood Pressure,3.5
2016,C0054,Controlling Blood Pressure,4.0
2016,C0055,Controlling Blood Pressure,4.0
2016,C0056,Controlling Blood Pressure,3.5
2016,C0057,Controlling Blood Pressure,3.5
2016,C0058,Controlling Blood Pressure,3.5
2016,C0059,Controlling Blood Pressure,3.5
2016,C0060,Controlling Blood Pressure,4.0
2016,C0061,Controlling Blood Pressure,4.0
2016,C0062,Controlling Blood Pressure,3.5
2016,C0063,Controlling Blood Pressure,3.5
2016,C0064,Controlling Blood Pressure,3.5
2016,C0065,Controlling Blood Pressure,4.0
2016,C0066,Controlling Blood Pressure,3.5
2016,C0067,Controlling Blood Pressure,3.5
2016,C0068,Controlling Blood Pressure,3.5
2016,C0069,Controlling Blood Pressure,3.5
2016,C0070,Controlling Blood Pressure,4.0
2016,C0071,Controlling Blood Pressure,3.5
2016,C0072,Controlling Blood Pressure,3.5
2016,C0073,Controlling Blood Pressure,3.5
2016,C0074,Controlling Blood Pressure,4.0
2016,C0075,Controlling Blood Pressure,4.0
2016,C0076,Controlling Blood Pressure,4.0
2016,C0077,Controlling Blood Pressure,3.5
2016,C0078,Controlling Blood Pressure,3.5
2016,C0079,Controlling Blood Pressure,4.0
2016,C0080,Controlling Blood Pressure,4.0
2016,C0081,Controlling Blood Pressure,4.0
2016,C0082,Controlling Blood Pressure,3.5
2016,C0083,Controlling Blood Pressure,3.5
2016,C0084,Controlling Blood Pressure,3.5
2016,C0085,Controlling Blood Pressure,4.0
2016,C0086,Controlling Blood Pressure,4.0
2016,C0087,Controlling Blood Pressure,4.0
2016,C0088,Controlling Blood Pressure,3.5
2016,C0089,Controlling Blood Pressure,3.5
2016,C0090,Controlling Blood Pressure,3.5
2016,C0091,Controlling Blood Pressure,4.0
2016,C0092,Controlling Blood Pressure,3.5
2016,C0093,Controlling Blood Pressure,3.5
2016,C0094,Controlling Blood Pressure,4.0
2016,C0095,Controlling Blood Pressure,3.5
2016,C0096,Controlling Blood Pressure,4.0
2016,C0097,Controlling Blood Pressure,3.5
2016,C0098,Controlling Blood Pressure,3.5
2016,C0099,Controlling Blood Pressure,3.5
2016,C0100,Controlling Blood Pressure,3.5
2016,C0101,Controlling Blood Pressure,3.5
2016,C0102,Controlling Blood Pressure,4.0
2016,C0103,Controlling Blood Pressure,3.5
2016,C0104,Controlling Blood Pressure,3.5
2016,C0105,Controlling Blood Pressure,4.0
2016,C0106,Controlling Blood Pressure,3.5
2016,C0107,Controlling Blood Pressure,3.5
2016,C0108,Controlling Blood Pressure,4.0
2016,C0109,Controlling Blood Pressure,3.5
2016,C0110,Controlling Blood Pressure,3.5
2016,C0111,Controlling Blood Pressure,3.5
2016,C0112,Controlling Blood Pressure,3.5
2016,C0113,Controlling Blood Pressure,3.5
2016,C0114,Controlling Blood Pressure,4.0
2016,C0115,Controlling Blood Pressure,4.0
2016,C0116,Controlling Blood Pressure,3.5
2016,C0117,Controlling Blood Pressure,3.5
2016,C0118,Controlling Blood Pressure,3.5
2016,C0119,Controlling Blood Pressure,3.5
2016,C0120,Controlling Blood Pressure,3.5
2016,C0121,Controlling Blood Pressure,3.5
2016,C0122,Controlling Blood Pressure,3.5
2016,C0123,Controlling Blood Pressure,3.5
2016,C0124,Controlling Blood Pressure,4.0
2016,C0125,Controlling Blood Pressure,3.5
2016,C0126,Controlling Blood Pressure,3.5
2016,C0127,Controlling Blood Pressure,3.5
2016,C0128,Controlling Blood Pressure,3.5
2016,C0129,Controlling Blood Pressure,3.5
2016,C0130,Controlling Blood Pressure,3.5
2016,C0131,Controlling Blood Pressure,4.0
2016,C0132,Controlling Blood Pressure,3.5
2016,C0133,Controlling Blood Pressure,4.0
2016,C0134,Controlling Blood Pressure,3.5
2016,C0135,Controlling Blood Pressure,3.5
2016,C0136,Controlling Blood Pressure,3.5
2016,C0137,Controlling Blood Pressure,3.5
2016,C0138,Controlling Blood Pressure,4.0
2016,C0139,Controlling Blood Pressure,3.5
2016,C0140,Controlling Blood Pressure,3.5
2016,C0141,Controlling Blood Pressure,3.5
2016,C0142,Controlling Blood Pressure,4.0
2016,C0143,Controlling Blood Pressure,3.5
2016,C0144,Controlling Blood Pressure,4.0
2016,C0145,Controlling Blood Pressure,3.5
2016,C0146,Controlling Blood Pressure,3.5
2016,C0147,Controlling Blood Pressure,3.5
2016,C0148,Controlling Blood Pressure,3.5
2016,C0149,Controlling Blood Pressure,3.5
2016,C0150,Controlling Blood Pressure,4.0
2016,C0151,Controlling Blood Pressure,3.5
2016,C0152,Controlling Blood Pressure,4.0
2016,C0153,Controlling Blood Pressure,3.5
2016,C0154,Controlling Blood Pressure,4.0
2016,C0155,Controlling Blood Pressure,3.5
2016,C0156,Controlling Blood Pressure,3.5
2016,C0157,Controlling Blood Pressure,3.5
2016,C0158,Controlling Blood Pressure,3.5
2016,C0159,Controlling Blood Pressure,4.0
2016,C0160,Controlling Blood Pressure,3.5
2016,C0161,Controlling Blood Pressure,3.5
2016,C0162,Controlling Blood Pressure,4.0
2016,C0163,Controlling Blood Pressure,3.5
2016,C0164,Controlling Blood Pressure,3.5
2016,C0165,Controlling Blood Pressure,3.5
2016,C0166,Controlling Blood Pressure,4.0
2016,C0167,Controlling Blood Pressure,3.5
2016,C0168,Controlling Blood Pressure,4.0
2016,C0169,Controlling Blood Pressure,4.0
2016,C0170,Controlling Blood Pressure,3.5
2016,C0171,Controlling Blood Pressure,4.0
2016,C0172,Controlling Blood Pressure,3.5
2016,C0173,Controlling Blood Pressure,4.0
2016,C0174,Controlling Blood Pressure,4.0
2016,C0175,Controlling Blood Pressure,3.5
2016,C0176,Controlling Blood Pressure,3.5
2016,C0177,Controlling Blood Pressure,4.0
2016,C0178,Controlling Blood Pressure,3.5
2016,C0179,Controlling Blood Pressure,4.0
2016,C0180,Controlling Blood Pressure,4.0
2016,C0181,Controlling Blood Pressure,4.0
2016,C0182,Controlling Blood Pressure,4.0
2016,C0183,Controlling Blood Pressure,4.0
2016,C0184,Controlling Blood Pressure,4.0
2016,C0185,Controlling Blood Pressure,3.5
2016,C0186,Controlling Blood Pressure,4.0
2016,C0187,Controlling Blood Pressure,3.5
2016,C0188,Controlling Blood Pressure,3.5
2016,C0189,Controlling Blood Pressure,3.5
2016,C0190,Controlling Blood Pressure,3.5
2016,C0191,Controlling Blood Pressure,3.5
2016,C0192,Controlling Blood Pressure,3.5
2016,C0193,Controlling Blood Pressure,4.0
2016,C0194,Controlling Blood Pressure,4.0
2016,C0195,Controlling Blood Pressure,3.5
2016,C0196,Controlling Blood Pressure,3.5
2016,C0197,Controlling Blood Pressure,3.5
2016,C0198,Controlling Blood Pressure,4.0
2016,C0199,Controlling Blood Pressure,3.5
2016,C0200,Controlling Blood Pressure,4.0
2016,C0201,Controlling Blood Pressure,3.5
2016,C0202,Controlling Blood Pressure,3.5
2016,C0203,Controlling Blood Pressure,4.0
2016,C0204,Controlling Blood Pressure,4.0
2016,C0205,Controlling Blood Pressure,3.5
2016,C0206,Controlling Blood Pressure,3.5
2016,C0207,Controlling Blood Pressure,3.5
2016,C0208,Controlling Blood Pressure,4.0
2016,C0209,Controlling Blood Pressure,3.5
2016,C0210,Controlling Blood Pressure,3.5
2016,C0211,Controlling Blood Pressure,3.5
2016,C0212,Controlling Blood Pressure,4.0
2016,C0213,Controlling Blood Pressure,3.5
2016,C0214,Controlling Blood Pressure,3.5
2016,C0215,Controlling Blood Pressure,3.5
2016,C0216,Controlling Blood Pressure,4.0
2016,C0217,Controlling Blood Pressure,4.0
2016,C0218,Controlling Blood Pressure,3.5
2016,C0219,Controlling Blood Pressure,4.0
2016,C0220,Controlling Blood Pressure,3.5
2016,C0221,Controlling Blood Pressure,3.5
2016,C0222,Controlling Blood Pressure,3.5
2016,C0223,Controlling Blood Pressure,3.5
2016,C0224,Controlling Blood Pressure,3.5
2016,C0225,Controlling Blood Pressure,4.0
2016,C0226,Controlling Blood Pressure,3.5
2016,C0227,Controlling Blood Pressure,3.5
2016,C0228,Controlling Blood Pressure,3.5
2016,C0229,Controlling Blood Pressure,4.0
2016,C0230,Controlling Blood Pressure,4.0
2016,C0231,Controlling Blood Pressure,3.5
2016,C0232,Controlling Blood Pressure,3.5
2016,C0233,Controlling Blood Pressure,3.5
2016,C0234,Controlling Blood Pressure,4.0
2016,C0235,Controlling Blood Pressure,3.5
2016,C0236,Controlling Blood Pressure,3.5
2016,C0237,Controlling Blood Pressure,3.5
2016,C0238,Controlling Blood Pressure,3.5
2016,C0239,Controlling Blood Pressure,4.0
2016,C0240,Controlling Blood Pressure,3.5
2016,C0241,Controlling Blood Pressure,3.5
2016,C0242,Controlling Blood Pressure,3.5
2016,C0243,Controlling Blood Pressure,3.5
2016,C0244,Controlling Blood Pressure,3.5
2016,C0245,Controlling Blood Pressure,4.0
2016,C0246,Controlling Blood Pressure,3.5
2016,C0247,Controlling Blood Pressure,3.5
2016,C0248,Controlling Blood Pressure,3.5
2016,C0249,Controlling Blood Pressure,3.5
2016,C0250,Controlling Blood Pressure,4.0
2017,C0001,Breast Cancer Screening,3.5
2017,C0002,Breast Cancer Screening,3.5
2017,C0003,Breast Cancer Screening,4.0
2017,C0004,Breast Cancer Screening,3.5
2017,C0005,Breast Cancer Screening,4.0
2017,C0006,Breast Cancer Screening,3.5
2017,C0007,Breast Cancer Screening,3.5
2017,C0008,Breast Cancer Screening,3.5
2017,C0009,Breast Cancer Screening,3.5
2017,C0010,Breast Cancer Screening,4.0
2017,C0011,Breast Cancer Screening,3.5
2017,C0012,Breast Cancer Screening,3.5
2017,C0013,Breast Cancer Screening,4.0
2017,C0014,Breast Cancer Screening,3.5
2017,C0015,Breast Cancer Screening,3.5
2017,C0016,Breast Cancer Screening,3.5
2017,C0017,Breast Cancer Screening,3.5
2017,C0018,Breast Cancer Screening,4.0
2017,C0019,Breast Cancer Screening,3.5
2017,C0020,Breast Cancer Screening,4.0
2017,C0021,Breast Cancer Screening,3.5
2017,C0022,Breast Cancer Screening,4.0
2017,C0023,Breast Cancer Screening,3.5
2017,C0024,Breast Cancer Screening,3.5
2017,C0025,Breast Cancer Screening,3.5
2017,C0026,Breast Cancer Screening,4.0
2017,C0027,Breast Cancer Screening,3.5
2017,C0028,Breast Cancer Screening,4.0
2017,C0029,Breast Cancer Screening,4.0
2017,C0030,Breast Cancer Screening,3.5
2017,C0031,Breast Cancer Screening,3.5
2017,C0032,Breast Cancer Screening,4.0
2017,C0033,Breast Cancer Screening,3.5
2017,C0034,Breast Cancer Screening,3.5
2017,C0035,Breast Cancer Screening,3.5
2017,C0036,Breast Cancer Screening,4.0
2017,C0037,Breast Cancer Screening,3.5
2017,C0038,Breast Cancer Screening,4.0
2017,C0039,Breast Cancer Screening,3.5
2017,C0040,Breast Cancer Screening,3.5
2017,C0041,Breast Cancer Screening,4.0
2017,C0042,Breast Cancer Screening,3.5
2017,C0043,Breast Cancer Screening,3.5
2017,C0044,Breast Cancer Screening,4.0
2017,C0045,Breast Cancer Screening,3.5
2017,C0046,Breast Cancer Screening,3.5
2017,C0047,Breast Cancer Screening,4.0
2017,C0048,Breast Cancer Screening,3.5
2017,C0049,Breast Cancer Screening,3.5
2017,C0050,Breast Cancer Screening,4.0
2017,C0051,Breast Cancer Screening,3.5
2017,C0052,Breast Cancer Screening,4.0
2017,C0053,Breast Cancer Screening,4.0
2017,C0054,Breast Cancer Screening,4.0
2017,C0055,Breast Cancer Screening,4.0
2017,C0056,Breast Cancer Screening,4.0
2017,C0057,Breast Cancer Screening,3.5
2017,C0058,Breast Cancer Screening,3.5
2017,C0059,Breast Cancer Screening,3.5
2017,C0060,Breast Cancer Screening,3.5
2017,C0061,Breast Cancer Screening,3.5
2017,C0062,Breast Cancer Screening,3.5
2017,C0063,Breast Cancer Screening,3.5
2017,C0064,Breast Cancer Screening,3.5
2017,C0065,Breast Cancer Screening,4.0
2017,C0066,Breast Cancer Screening,3.5
2017,C0067,Breast Cancer Screening,3.5
2017,C0068,Breast Cancer Screening,4.0
2017,C0069,Breast Cancer Screening,3.5
2017,C0070,Breast Cancer Screening,4.0
2017,C0071,Breast Cancer Screening,3.5
2017,C0072,Breast Cancer Screening,3.5
2017,C0073,Breast Cancer Screening,4.0
2017,C0074,Breast Cancer Screening,4.0
2017,C0075,Breast Cancer Screening,3.5
2017,C0076,Breast Cancer Screening,4.0
2017,C0077,Breast Cancer Screening,3.5
2017,C0078,Breast Cancer Screening,3.5
2017,C0079,Breast Cancer Screening,3.5
2017,C0080,Breast Cancer Screening,3.5
2017,C0081,Breast Cancer Screening,4.0
2017,C0082,Breast Cancer Screening,4.0
2017,C0083,Breast Cancer Screening,4.0
2017,C0084,Breast Cancer Screening,4.0
2017,C0085,Breast Cancer Screening,4.0
2017,C0086,Breast Cancer Screening,4.0
2017,C0087,Breast Cancer Screening,3.5
2017,C0088,Breast Cancer Screening,4.0
2017,C0089,Breast Cancer Screening,3.5
2017,C0090,Breast Cancer Screening,4.0
2017,C0091,Breast Cancer Screening,3.5
2017,C0092,Breast Cancer Screening,3.5
2017,C0093,Breast Cancer Screening,4.0
2017,C0094,Breast Cancer Screening,3.5
2017,C0095,Breast Cancer Screening,4.0
2017,C0096,Breast Cancer Screening,4.0
2017,C0097,Breast Cancer Screening,4.0
2017,C0098,Breast Cancer Screening,4.0
2017,C0099,Breast Cancer Screening,4.0
2017,C0100,Breast Cancer Screening,4.0
2017,C0101,Breast Cancer Screening,4.0
2017,C0102,Breast Cancer Screening,4.0
2017,C0103,Breast Cancer Screening,3.5
2017,C0104,Breast Cancer Screening,4.0
2017,C0105,Breast Cancer Screening,4.0
2017,C0106,Breast Cancer Screening,3.5
2017,C0107,Breast Cancer Screening,3.5
2017,C0108,Breast Cancer Screening,4.0
2017,C0109,Breast Cancer Screening,3.5
2017,C0110,Breast Cancer Screening,3.5
2017,C0111,Breast Cancer Screening,3.5
2017,C0112,Breast Cancer Screening,4.0
2017,C0113,Breast Cancer Screening,3.5
2017,C0114,Breast Cancer Screening,3.5
2017,C0115,Breast Cancer Screening,3.5
2017,C0116,Breast Cancer Screening,4.0
2017,C0117,Breast Cancer Screening,3.5
2017,C0118,Breast Cancer Screening,4.0
2017,C0119,Breast Cancer Screening,3.5
2017,C0120,Breast Cancer Screening,3.5
2017,C0121,Breast Cancer Screening,3.5
2017,C0122,Breast Cancer Screening,3.5
2017,C0123,Breast Cancer Screening,4.0
2017,C0124,Breast Cancer Screening,4.0
2017,C0125,Breast Cancer Screening,3.5
2017,C0126,Breast Cancer Screening,3.5
2017,C0127,Breast Cancer Screening,3.5
2017,C0128,Breast Cancer Screening,3.5
2017,C0129,Breast Cancer Screening,4.0
2017,C0130,Breast Cancer Screening,4.0
2017,C0131,Breast Cancer Screening,3.5
2017,C0132,Breast Cancer Screening,4.0
2017,C0133,Breast Cancer Screening,3.5
2017,C0134,Breast Cancer Screening,3.5
2017,C0135,Breast Cancer Screening,3.5
2017,C0136,Breast Cancer Screening,4.0
2017,C0137,Breast Cancer Screening,3.5
2017,C0138,Breast Cancer Screening,3.5
2017,C0139,Breast Cancer Screening,3.5
2017,C0140,Breast Cancer Screening,4.0
2017,C0141,Breast Cancer Screening,3.5
2017,C0142,Breast Cancer Screening,4.0
2017,C0143,Breast Cancer Screening,3.5
2017,C0144,Breast Cancer Screening,3.5
2017,C0145,Breast Cancer Screening,4.0
2017,C0146,Breast Cancer Screening,3.5
2017,C0147,Breast Cancer Screening,3.5
2017,C0148,Breast Cancer Screening,3.5
2017,C0149,Breast Cancer Screening,3.5
2017,C0150,Breast Cancer Screening,3.5
2017,C0151,Breast Cancer Screening,3.5
2017,C0152,Breast Cancer Screening,3.5
2017,C0153,Breast Cancer Screening,4.0
2017,C0154,Breast Cancer Screening,3.5
2017,C0155,Breast Cancer Screening,3.5
2017,C0156,Breast Cancer Screening,4.0
2017,C0157,Breast Cancer Screening,3.5
2017,C0158,Breast Cancer Screening,4.0
2017,C0159,Breast Cancer Screening,4.0
2017,C0160,Breast Cancer Screening,3.5
2017,C0161,Breast Cancer Screening,4.0
2017,C0162,Breast Cancer Screening,3.5
2017,C0163,Breast Cancer Screening,3.5
2017,C0164,Breast Cancer Screening,4.0
2017,C0165,Breast Cancer Screening,4.0
2017,C0166,Breast Cancer Screening,4.0
2017,C0167,Breast Cancer Screening,4.0
2017,C0168,Breast Cancer Screening,4.0
2017,C0169,Breast Cancer Screening,3.5
2017,C0170,Breast Cancer Screening,3.5
2017,C0171,Breast Cancer Screening,3.5
2017,C0172,Breast Cancer Screening,3.5
2017,C0173,Breast Cancer Screening,4.0
2017,C0174,Breast Cancer Screening,4.0
2017,C0175,Breast Cancer Screening,4.0
2017,C0176,Breast Cancer Screening,4.0
2017,C0177,Breast Cancer Screening,3.5
2017,C0178,Breast Cancer Screening,4.0
2017,C0179,Breast Cancer Screening,3.5
2017,C0180,Breast Cancer Screening,4.0
2017,C0181,Breast Cancer Screening,3.5
2017,C0182,Breast Cancer Screening,3.5
2017,C0183,Breast Cancer Screening,3.5
2017,C0184,Breast Cancer Screening,3.5
2017,C0185,Breast Cancer Screening,3.5
2017,C0186,Breast Cancer Screening,3.5
2017,C0187,Breast Cancer Screening,3.5
2017,C0188,Breast Cancer Screening,3.5
2017,C0189,Breast Cancer Screening,3.5
2017,C0190,Breast Cancer Screening,4.0
2017,C0191,Breast Cancer Screening,3.5
2017,C0192,Breast Cancer Screening,4.0
2017,C0193,Breast Cancer Screening,4.0
2017,C0194,Breast Cancer Screening,4.0
2017,C0195,Breast Cancer Screening,3.5
2017,C0196,Breast Cancer Screening,3.5
2017,C0197,Breast Cancer Screening,3.5
2017,C0198,Breast Cancer Screening,4.0
2017,C0199,Breast Cancer Screening,4.0
2017,C0200,Breast Cancer Screening,4.0
2017,C0201,Breast Cancer Screening,3.5
2017,C0202,Breast Cancer Screening,4.0
2017,C0203,Breast Cancer Screening,3.5
2017,C0204,Breast Cancer Screening,4.0
2017,C0205,Breast Cancer Screening,4.0
2017,C0206,Breast Cancer Screening,3.5
2017,C0207,Breast Cancer Screening,4.0
2017,C0208,Breast Cancer Screening,3.5
2017,C0209,Breast Cancer Screening,4.0
2017,C0210,Breast Cancer Screening,4.0
2017,C0211,Breast Cancer Screening,4.0
2017,C0212,Breast Cancer Screening,4.0
2017,C0213,Breast Cancer Screening,3.5
2017,C0214,Breast Cancer Screening,3.5
2017,C0215,Breast Cancer Screening,3.5
2017,C0216,Breast Cancer Screening,3.5
2017,C0217,Breast Cancer Screening,3.5
2017,C0218,Breast Cancer Screening,3.5
2017,C0219,Breast Cancer Screening,3.5
2017,C0220,Breast Cancer Screening,3.5
2017,C0221,Breast Cancer Screening,3.5
2017,C0222,Breast Cancer Screening,3.5
2017,C0223,Breast Cancer Screening,4.0
2017,C0224,Breast Cancer Screening,3.5
2017,C0225,Breast Cancer Screening,4.0
2017,C0226,Breast Cancer Screening,4.0
2017,C0227,Breast Cancer Screening,4.0
2017,C0228,Breast Cancer Screening,3.5
2017,C0229,Breast Cancer Screening,3.5
2017,C0230,Breast Cancer Screening,3.5
2017,C0231,Breast Cancer Screening,4.0
2017,C0232,Breast Cancer Screening,4.0
2017,C0233,Breast Cancer Screening,3.5
2017,C0234,Breast Cancer Screening,4.0
2017,C0235,Breast Cancer Screening,4.0
2017,C0236,Breast Cancer Screening,3.5
2017,C0237,Breast Cancer Screening,3.5
2017,C0238,Breast Cancer Screening,3.5
2017,C0239,Breast Cancer Screening,3.5
2017,C0240,Breast Cancer Screening,3.5
2017,C0241,Breast Cancer Screening,4.0
2017,C0242,Breast Cancer Screening,3.5
2017,C0243,Breast Cancer Screening,4.0
2017,C0244,Breast Cancer Screening,3.5
2017,C0245,Breast Cancer Screening,3.5
2017,C0246,Breast Cancer Screening,3.5
2017,C0247,Breast Cancer Screening,3.5
2017,C0248,Breast Cancer Screening,3.5
2017,C0249,Breast Cancer Screening,3.5
2017,C0250,Breast Cancer Screening,3.5
2017,C0001,Medication Reconciliation,3.5
2017,C0002,Medication Reconciliation,3.5
2017,C0003,Medication Reconciliation,3.5
2017,C0004,Medication Reconciliation,3.5
2017,C0005,Medication Reconciliation,3.5
2017,C0006,Medication Reconciliation,3.5
2017,C0007,Medication Reconciliation,3.5
2017,C0008,Medication Reconciliation,3.5
2017,C0009,Medication Reconciliation,3.5
2017,C0010,Medication Reconciliation,3.5
2017,C0011,Medication Reconciliation,3.5
2017,C0012,Medication Reconciliation,3.5
2017,C0013,Medication Reconciliation,3.5
2017,C0014,Medication Reconciliation,3.5
2017,C0015,Medication Reconciliation,3.5
2017,C0016,Medication Reconciliation,3.5
2017,C0017,Medication Reconciliation,3.5
2017,C0018,Medication Reconciliation,3.5
2017,C0019,Medication Reconciliation,4.0
2017,C0020,Medication Reconciliation,3.5
2017,C0021,Medication Reconciliation,3.5
2017,C0022,Medication Reconciliation,3.5
2017,C0023,Medication Reconciliation,4.0
2017,C0024,Medication Reconciliation,3.5
2017,C0025,Medication Reconciliation,3.5
2017,C0026,Medication Reconciliation,3.5
2017,C0027,Medication Reconciliation,3.5
2017,C0028,Medication Reconciliation,3.5
2017,C0029,Medication Reconciliation,3.5
2017,C0030,Medication Reconciliation,3.5
2017,C0031,Medication Reconciliation,3.5
2017,C0032,Medication Reconciliation,3.5
2017,C0033,Medication Reconciliation,3.5
2017,C0034,Medication Reconciliation,3.5
2017,C0035,Medication Reconciliation,3.5
2017,C0036,Medication Reconciliation,3.5
2017,C0037,Medication Reconciliation,3.5
2017,C0038,Medication Reconciliation,3.5
2017,C0039,Medication Reconciliation,4.0
2017,C0040,Medication Reconciliation,3.5
2017,C0041,Medication Reconciliation,3.5
2017,C0042,Medication Reconciliation,3.5
2017,C0043,Medication Reconciliation,3.5
2017,C0044,Medication Reconciliation,3.5
2017,C0045,Medication Reconciliation,3.5
2017,C0046,Medication Reconciliation,3.5
2017,C0047,Medication Reconciliation,3.5
2017,C0048,Medication Reconciliation,3.5
2017,C0049,Medication Reconciliation,3.5
2017,C0050,Medication Reconciliation,3.5
2017,C0051,Medication Reconciliation,3.5
2017,C0052,Medication Reconciliation,3.5
2017,C0053,Medication Reconciliation,3.5
2017,C0054,Medication Reconciliation,3.5
2017,C0055,Medication Reconciliation,3.5
2017,C0056,Medication Reconciliation,3.5
2017,C0057,Medication Reconciliation,3.5
2017,C0058,Medication Reconciliation,3.5
2017,C0059,Medication Reconciliation,3.5
2017,C0060,Medication Reconciliation,3.5
2017,C0061,Medication Reconciliation,3.5
2017,C0062,Medication Reconciliation,3.5
2017,C0063,Medication Reconciliation,3.5
2017,C0064,Medication Reconciliation,3.5
2017,C0065,Medication Reconciliation,3.5
2017,C0066,Medication Reconciliation,3.5
2017,C0067,Medication Reconciliation,3.5
2017,C0068,Medication Reconciliation,3.5
2017,C0069,Medication Reconciliation,3.5
2017,C0070,Medication Reconciliation,3.5
2017,C0071,Medication Reconciliation,3.5
2017,C0072,Medication Reconciliation,3.5
2017,C0073,Medication Reconciliation,4.0
2017,C0074,Medication Reconciliation,4.0
2017,C0075,Medication Reconciliation,3.5
2017,C0076,Medication Reconciliation,3.5
2017,C0077,Medication Reconciliation,3.5
2017,C0078,Medication Reconciliation,3.5
2017,C0079,Medication Reconciliation,4.0
2017,C0080,Medication Reconciliation,3.5
2017,C0081,Medication Reconciliation,3.5
2017,C0082,Medication Reconciliation,3.5
2017,C0083,Medication Reconciliation,3.5
2017,C0084,Medication Reconciliation,3.5
2017,C0085,Medication Reconciliation,3.5
2017,C0086,Medication Reconciliation,3.5
2017,C0087,Medication Reconciliation,3.5
2017,C0088,Medication Reconciliation,3.5
2017,C0089,Medication Reconciliation,3.5
2017,C0090,Medication Reconciliation,3.5
2017,C0091,Medication Reconciliation,3.5
2017,C0092,Medication Reconciliation,3.5
2017,C0093,Medication Reconciliation,3.5
2017,C0094,Medication Reconciliation,3.5
2017,C0095,Medication Reconciliation,3.5
2017,C0096,Medication Reconciliation,4.0
2017,C0097,Medication Reconciliation,3.5
2017,C0098,Medication Reconciliation,3.5
2017,C0099,Medication Reconciliation,3.5
2017,C0100,Medication Reconciliation,3.5
2017,C0101,Medication Reconciliation,3.5
2017,C0102,Medication Reconciliation,3.5
2017,C0103,Medication Reconciliation,3.5
2017,C0104,Medication Reconciliation,4.0
2017,C0105,Medication Reconciliation,3.5
2017,C0106,Medication Reconciliation,3.5
2017,C0107,Medication Reconciliation,4.0
2017,C0108,Medication Reconciliation,3.5
2017,C0109,Medication Reconciliation,3.5
2017,C0110,Medication Reconciliation,3.5
2017,C0111,Medication Reconciliation,3.5
2017,C0112,Medication Reconciliation,3.5
2017,C0113,Medication Reconciliation,3.5
2017,C0114,Medication Reconciliation,3.5
2017,C0115,Medication Reconciliation,3.5
2017,C0116,Medication Reconciliation,3.5
2017,C0117,Medication Reconciliation,3.5
2017,C0118,Medication Reconciliation,3.0
2017,C0119,Medication Reconciliation,3.5
2017,C0120,Medication Reconciliation,3.5
2017,C0121,Medication Reconciliation,3.5
2017,C0122,Medication Reconciliation,3.5
2017,C0123,Medication Reconciliation,3.5
2017,C0124,Medication Reconciliation,3.5
2017,C0125,Medication Reconciliation,3.5
2017,C0126,Medication Reconciliation,3.5
2017,C0127,Medication Reconciliation,3.5
2017,C0128,Medication Reconciliation,3.5
2017,C0129,Medication Reconciliation,3.5
2017,C0130,Medication Reconciliation,3.5
2017,C0131,Medication Reconciliation,3.5
2017,C0132,Medication Reconciliation,3.5
2017,C0133,Medication Reconciliation,3.5
2017,C0134,Medication Reconciliation,3.5
2017,C0135,Medication Reconciliation,3.5
2017,C0136,Medication Reconciliation,3.5
2017,C0137,Medication Reconciliation,3.5
2017,C0138,Medication Reconciliation,3.5
2017,C0139,Medication Reconciliation,3.5
2017,C0140,Medication Reconciliation,3.5
2017,C0141,Medication Reconciliation,3.5
2017,C0142,Medication Reconciliation,3.5
2017,C0143,Medication Reconciliation,3.5
2017,C0144,Medication Reconciliation,3.5
2017,C0145,Medication Reconciliation,4.0
2017,C0146,Medication Reconciliation,3.5
2017,C0147,Medication Reconciliation,3.5
2017,C0148,Medication Reconciliation,3.5
2017,C0149,Medication Reconciliation,4.0
2017,C0150,Medication Reconciliation,3.5
2017,C0151,Medication Reconciliation,3.5
2017,C0152,Medication Reconciliation,3.5
2017,C0153,Medication Reconciliation,3.5
2017,C0154,Medication Reconciliation,4.0
2017,C0155,Medication Reconciliation,3.5
2017,C0156,Medication Reconciliation,3.5
2017,C0157,Medication Reconciliation,3.5
2017,C0158,Medication Reconciliation,3.5
2017,C0159,Medication Reconciliation,3.5
2017,C0160,Medication Reconciliation,3.5
2017,C0161,Medication Reconciliation,3.5
2017,C0162,Medication Reconciliation,3.5
2017,C0163,Medication Reconciliation,3.5
2017,C0164,Medication Reconciliation,3.5
2017,C0165,Medication Reconciliation,3.5
2017,C0166,Medication Reconciliation,3.5
2017,C0167,Medication Reconciliation,3.5
2017,C0168,Medication Reconciliation,3.5
2017,C0169,Medication Reconciliation,3.5
2017,C0170,Medication Reconciliation,3.5
2017,C0171,Medication Reconciliation,3.5
2017,C0172,Medication Reconciliation,3.5
2017,C0173,Medication Reconciliation,3.5
2017,C0174,Medication Reconciliation,3.5
2017,C0175,Medication Reconciliation,3.5
2017,C0176,Medication Reconciliation,3.5
2017,C0177,Medication Reconciliation,3.5
2017,C0178,Medication Reconciliation,3.5
2017,C0179,Medication Reconciliation,3.5
2017,C0180,Medication Reconciliation,4.0
2017,C0181,Medication Reconciliation,3.5
2017,C0182,Medication Reconciliation,4.0
2017,C0183,Medication Reconciliation,3.5
2017,C0184,Medication Reconciliation,3.5
2017,C0185,Medication Reconciliation,3.5
2017,C0186,Medication Reconciliation,3.5
2017,C0187,Medication Reconciliation,3.5
2017,C0188,Medication Reconciliation,3.5
2017,C0189,Medication Reconciliation,3.5
2017,C0190,Medication Reconciliation,3.5
2017,C0191,Medication Reconciliation,3.5
2017,C0192,Medication Reconciliation,3.5
2017,C0193,Medication Reconciliation,3.5
2017,C0194,Medication Reconciliation,3.5
2017,C0195,Medication Reconciliation,3.5
2017,C0196,Medication Reconciliation,3.5
2017,C0197,Medication Reconciliation,4.0
2017,C0198,Medication Reconciliation,3.5
2017,C0199,Medication Reconciliation,3.5
2017,C0200,Medication Reconciliation,4.0
2017,C0201,Medication Reconciliation,3.5
2017,C0202,Medication Reconciliation,3.5
2017,C0203,Medication Reconciliation,3.5
2017,C0204,Medication Reconciliation,3.5
2017,C0205,Medication Reconciliation,3.5
2017,C0206,Medication Reconciliation,3.5
2017,C0207,Medication Reconciliation,3.5
2017,C0208,Medication Reconciliation,3.5
2017,C0209,Medication Reconciliation,3.5
2017,C0210,Medication Reconciliation,3.5
2017,C0211,Medication Reconciliation,3.5
2017,C0212,Medication Reconciliation,3.5
2017,C0213,Medication Reconciliation,3.5
2017,C0214,Medication Reconciliation,3.5
2017,C0215,Medication Reconciliation,3.5
2017,C0216,Medication Reconciliation,3.5
2017,C0217,Medication Reconciliation,3.5
2017,C0218,Medication Reconciliation,3.5
2017,C0219,Medication Reconciliation,4.0
2017,C0220,Medication Reconciliation,3.5
2017,C0221,Medication Reconciliation,4.0
2017,C0222,Medication Reconciliation,4.0
2017,C0223,Medication Reconciliation,3.5
2017,C0224,Medication Reconciliation,3.5
2017,C0225,Medication Reconciliation,3.5
2017,C0226,Medication Reconciliation,3.5
2017,C0227,Medication Reconciliation,3.5
2017,C0228,Medication Reconciliation,4.0
2017,C0229,Medication Reconciliation,3.5
2017,C0230,Medication Reconciliation,3.5
2017,C0231,Medication Reconciliation,3.5
2017,C0232,Medication Reconciliation,3.5
2017,C0233,Medication Reconciliation,3.5
2017,C0234,Medication Reconciliation,3.5
2017,C0235,Medication Reconciliation,3.5
2017,C0236,Medication Reconciliation,3.5
2017,C0237,Medication Reconciliation,3.5
2017,C0238,Medication Reconciliation,3.5
2017,C0239,Medication Reconciliation,3.5
2017,C0240,Medication Reconciliation,4.0
2017,C0241,Medication Reconciliation,3.5
2017,C0242,Medication Reconciliation,3.5
2017,C0243,Medication Reconciliation,3.5
2017,C0244,Medication Reconciliation,3.5
2017,C0245,Medication Reconciliation,3.5
2017,C0246,Medication Reconciliation,3.5
2017,C0247,Medication Reconciliation,3.5
2017,C0248,Medication Reconciliation,3.5
2017,C0249,Medication Reconciliation,3.5
2017,C0250,Medication Reconciliation,3.5
2017,C0001,Plan All-Cause Readmissions,4.0
2017,C0002,Plan All-Cause Readmissions,3.5
2017,C0003,Plan All-Cause Readmissions,3.5
2017,C0004,Plan All-Cause Readmissions,3.5
2017,C0005,Plan All-Cause Readmissions,4.0
2017,C0006,Plan All-Cause Readmissions,3.5
2017,C0007,Plan All-Cause Readmissions,4.0
2017,C0008,Plan All-Cause Readmissions,3.5
2017,C0009,Plan All-Cause Readmissions,3.5
2017,C0010,Plan All-Cause Readmissions,4.0
2017,C0011,Plan All-Cause Readmissions,3.5
2017,C0012,Plan All-Cause Readmissions,4.0
2017,C0013,Plan All-Cause Readmissions,3.5
2017,C0014,Plan All-Cause Readmissions,3.5
2017,C0015,Plan All-Cause Readmissions,4.0
2017,C0016,Plan All-Cause Readmissions,4.0
2017,C0017,Plan All-Cause Readmissions,3.5
2017,C0018,Plan All-Cause Readmissions,3.5
2017,C0019,Plan All-Cause Readmissions,3.5
2017,C0020,Plan All-Cause Readmissions,3.5
2017,C0021,Plan All-Cause Readmissions,4.0
2017,C0022,Plan All-Cause Readmissions,4.0
2017,C0023,Plan All-Cause Readmissions,4.0
2017,C0024,Plan All-Cause Readmissions,4.0
2017,C0025,Plan All-Cause Readmissions,4.0
2017,C0026,Plan All-Cause Readmissions,4.0
2017,C0027,Plan All-Cause Readmissions,3.5
2017,C0028,Plan All-Cause Readmissions,3.5
2017,C0029,Plan All-Cause Readmissions,3.5
2017,C0030,Plan All-Cause Readmissions,3.5
2017,C0031,Plan All-Cause Readmissions,4.0
2017,C0032,Plan All-Cause Readmissions,3.5
2017,C0033,Plan All-Cause Readmissions,4.0
2017,C0034,Plan All-Cause Readmissions,3.5
2017,C0035,Plan All-Cause Readmissions,4.0
2017,C0036,Plan All-Cause Readmissions,3.5
2017,C0037,Plan All-Cause Readmissions,4.0
2017,C0038,Plan All-Cause Readmissions,3.5
2017,C0039,Plan All-Cause Readmissions,3.5
2017,C0040,Plan All-Cause Readmissions,4.0
2017,C0041,Plan All-Cause Readmissions,4.0
2017,C0042,Plan All-Cause Readmissions,3.5
2017,C0043,Plan All-Cause Readmissions,4.0
2017,C0044,Plan All-Cause Readmissions,4.0
2017,C0045,Plan All-Cause Readmissions,3.5
2017,C0046,Plan All-Cause Readmissions,4.0
2017,C0047,Plan All-Cause Readmissions,4.0
2017,C0048,Plan All-Cause Readmissions,3.5
2017,C0049,Plan All-Cause Readmissions,4.0
2017,C0050,Plan All-Cause Readmissions,3.5
2017,C0051,Plan All-Cause Readmissions,4.0
2017,C0052,Plan All-Cause Readmissions,4.0
2017,C0053,Plan All-Cause Readmissions,4.0
2017,C0054,Plan All-Cause Readmissions,3.5
2017,C0055,Plan All-Cause Readmissions,4.0
2017,C0056,Plan All-Cause Readmissions,3.5
2017,C0057,Plan All-Cause Readmissions,4.0
2017,C0058,Plan All-Cause Readmissions,3.5
2017,C0059,Plan All-Cause Readmissions,3.5
2017,C0060,Plan All-Cause Readmissions,3.5
2017,C0061,Plan All-Cause Readmissions,3.5
2017,C0062,Plan All-Cause Readmissions,3.5
2017,C0063,Plan All-Cause Readmissions,4.0
2017,C0064,Plan All-Cause Readmissions,3.5
2017,C0065,Plan All-Cause Readmissions,4.0
2017,C0066,Plan All-Cause Readmissions,4.0
2017,C0067,Plan All-Cause Readmissions,4.0
2017,C0068,Plan All-Cause Readmissions,3.5
2017,C0069,Plan All-Cause Readmissions,4.0
2017,C0070,Plan All-Cause Readmissions,3.5
2017,C0071,Plan All-Cause Readmissions,3.5
2017,C0072,Plan All-Cause Readmissions,3.5
2017,C0073,Plan All-Cause Readmissions,3.5
2017,C0074,Plan All-Cause Readmissions,3.5
2017,C0075,Plan All-Cause Readmissions,3.5
2017,C0076,Plan All-Cause Readmissions,4.0
2017,C0077,Plan All-Cause Readmissions,3.5
2017,C0078,Plan All-Cause Readmissions,4.0
2017,C0079,Plan All-Cause Readmissions,4.0
2017,C0080,Plan All-Cause Readmissions,4.0
2017,C0081,Plan All-Cause Readmissions,4.0
2017,C0082,Plan All-Cause Readmissions,4.0
2017,C0083,Plan All-Cause Readmissions,4.0
2017,C0084,Plan All-Cause Readmissions,3.5
2017,C0085,Plan All-Cause Readmissions,3.5
2017,C0086,Plan All-Cause Readmissions,4.0
2017,C0087,Plan All-Cause Readmissions,4.0
2017,C0088,Plan All-Cause Readmissions,4.0
2017,C0089,Plan All-Cause Readmissions,4.0
2017,C0090,Plan All-Cause Readmissions,3.5
2017,C0091,Plan All-Cause Readmissions,4.0
2017,C0092,Plan All-Cause Readmissions,3.5
2017,C0093,Plan All-Cause Readmissions,4.0
2017,C0094,Plan All-Cause Readmissions,3.5
2017,C0095,Plan All-Cause Readmissions,4.0
2017,C0096,Plan All-Cause Readmissions,3.5
2017,C0097,Plan All-Cause Readmissions,4.0
2017,C0098,Plan All-Cause Readmissions,4.0
2017,C0099,Plan All-Cause Readmissions,3.5
2017,C0100,Plan All-Cause Readmissions,3.5
2017,C0101,Plan All-Cause Readmissions,3.5
2017,C0102,Plan All-Cause Readmissions,3.5
2017,C0103,Plan All-Cause Readmissions,3.5
2017,C0104,Plan All-Cause Readmissions,3.5
2017,C0105,Plan All-Cause Readmissions,4.0
2017,C0106,Plan All-Cause Readmissions,3.5
2017,C0107,Plan All-Cause Readmissions,4.0
2017,C0108,Plan All-Cause Readmissions,4.0
2017,C0109,Plan All-Cause Readmissions,4.0
2017,C0110,Plan All-Cause Readmissions,4.0
2017,C0111,Plan All-Cause Readmissions,3.5
2017,C0112,Plan All-Cause Readmissions,3.5
2017,C0113,Plan All-Cause Readmissions,4.0
2017,C0114,Plan All-Cause Readmissions,3.5
2017,C0115,Plan All-Cause Readmissions,3.5
2017,C0116,Plan All-Cause Readmissions,3.5
2017,C0117,Plan All-Cause Readmissions,3.5
2017,C0118,Plan All-Cause Readmissions,3.5
2017,C0119,Plan All-Cause Readmissions,3.5
2017,C0120,Plan All-Cause Readmissions,3.5
2017,C0121,Plan All-Cause Readmissions,4.0
2017,C0122,Plan All-Cause Readmissions,3.5
2017,C0123,Plan All-Cause Readmissions,4.0
2017,C0124,Plan All-Cause Readmissions,3.5
2017,C0125,Plan All-Cause Readmissions,3.5
2017,C0126,Plan All-Cause Readmissions,4.0
2017,C0127,Plan All-Cause Readmissions,3.5
2017,C0128,Plan All-Cause Readmissions,4.0
2017,C0129,Plan All-Cause Readmissions,3.5
2017,C0130,Plan All-Cause Readmissions,3.5
2017,C0131,Plan All-Cause Readmissions,3.5
2017,C0132,Plan All-Cause Readmissions,3.5
2017,C0133,Plan All-Cause Readmissions,3.5
2017,C0134,Plan All-Cause Readmissions,4.0
2017,C0135,Plan All-Cause Readmissions,3.5
2017,C0136,Plan All-Cause Readmissions,4.0
2017,C0137,Plan All-Cause Readmissions,3.5
2017,C0138,Plan All-Cause Readmissions,3.5
2017,C0139,Plan All-Cause Readmissions,3.5
2017,C0140,Plan All-Cause Readmissions,3.5
2017,C0141,Plan All-Cause Readmissions,4.0
2017,C0142,Plan All-Cause Readmissions,4.0
2017,C0143,Plan All-Cause Readmissions,3.5
2017,C0144,Plan All-Cause Readmissions,3.5
2017,C0145,Plan All-Cause Readmissions,4.0
2017,C0146,Plan All-Cause Readmissions,3.5
2017,C0147,Plan All-Cause Readmissions,4.0
2017,C0148,Plan All-Cause Readmissions,4.0
2017,C0149,Plan All-Cause Readmissions,4.0
2017,C0150,Plan All-Cause Readmissions,3.5
2017,C0151,Plan All-Cause Readmissions,3.5
2017,C0152,Plan All-Cause Readmissions,4.0
2017,C0153,Plan All-Cause Readmissions,3.5
2017,C0154,Plan All-Cause Readmissions,3.5
2017,C0155,Plan All-Cause Readmissions,3.5
2017,C0156,Plan All-Cause Readmissions,3.5
2017,C0157,Plan All-Cause Readmissions,4.0
2017,C0158,Plan All-Cause Readmissions,3.5
2017,C0159,Plan All-Cause Readmissions,4.0
2017,C0160,Plan All-Cause Readmissions,4.0
2017,C0161,Plan All-Cause Readmissions,3.5
2017,C0162,Plan All-Cause Readmissions,4.0
2017,C0163,Plan All-Cause Readmissions,3.5
2017,C0164,Plan All-Cause Readmissions,4.0
2017,C0165,Plan All-Cause Readmissions,3.5
2017,C0166,Plan All-Cause Readmissions,4.0
2017,C0167,Plan All-Cause Readmissions,4.0
2017,C0168,Plan All-Cause Readmissions,3.5
2017,C0169,Plan All-Cause Readmissions,3.5
2017,C0170,Plan All-Cause Readmissions,3.5
2017,C0171,Plan All-Cause Readmissions,3.5
2017,C0172,Plan All-Cause Readmissions,3.5
2017,C0173,Plan All-Cause Readmissions,3.5
2017,C0174,Plan All-Cause Readmissions,3.5
2017,C0175,Plan All-Cause Readmissions,3.5
2017,C0176,Plan All-Cause Readmissions,4.0
2017,C0177,Plan All-Cause Readmissions,3.5
2017,C0178,Plan All-Cause Readmissions,3.5
2017,C0179,Plan All-Cause Readmissions,4.0
2017,C0180,Plan All-Cause Readmissions,3.5
2017,C0181,Plan All-Cause Readmissions,4.0
2017,C0182,Plan All-Cause Readmissions,4.0
2017,C0183,Plan All-Cause Readmissions,3.5
2017,C0184,Plan All-Cause Readmissions,3.5
2017,C0185,Plan All-Cause Readmissions,4.0
2017,C0186,Plan All-Cause Readmissions,3.5
2017,C0187,Plan All-Cause Readmissions,4.0
2017,C0188,Plan All-Cause Readmissions,3.5
2017,C0189,Plan All-Cause Readmissions,4.0
2017,C0190,Plan All-Cause Readmissions,3.5
2017,C0191,Plan All-Cause Readmissions,4.0
2017,C0192,Plan All-Cause Readmissions,4.0
2017,C0193,Plan All-Cause Readmissions,4.0
2017,C0194,Plan All-Cause Readmissions,4.0
2017,C0195,Plan All-Cause Readmissions,4.0
2017,C0196,Plan All-Cause Readmissions,4.0
2017,C0197,Plan All-Cause Readmissions,3.5
2017,C0198,Plan All-Cause Readmissions,3.5
2017,C0199,Plan All-Cause Readmissions,4.0
2017,C0200,Plan All-Cause Readmissions,4.0
2017,C0201,Plan All-Cause Readmissions,4.0
2017,C0202,Plan All-Cause Readmissions,4.0
2017,C0203,Plan All-Cause Readmissions,4.0
2017,C0204,Plan All-Cause Readmissions,4.0
2017,C0205,Plan All-Cause Readmissions,3.5
2017,C0206,Plan All-Cause Readmissions,4.0
2017,C0207,Plan All-Cause Readmissions,4.0
2017,C0208,Plan All-Cause Readmissions,4.0
2017,C0209,Plan All-Cause Readmissions,3.5
2017,C0210,Plan All-Cause Readmissions,4.0
2017,C0211,Plan All-Cause Readmissions,3.5
2017,C0212,Plan All-Cause Readmissions,4.0
2017,C0213,Plan All-Cause Readmissions,3.5
2017,C0214,Plan All-Cause Readmissions,3.5
2017,C0215,Plan All-Cause Readmissions,3.5
2017,C0216,Plan All-Cause Readmissions,3.5
2017,C0217,Plan All-Cause Readmissions,4.0
2017,C0218,Plan All-Cause Readmissions,3.5
2017,C0219,Plan All-Cause Readmissions,4.0
2017,C0220,Plan All-Cause Readmissions,4.0
2017,C0221,Plan All-Cause Readmissions,4.0
2017,C0222,Plan All-Cause Readmissions,4.0
2017,C0223,Plan All-Cause Readmissions,3.5
2017,C0224,Plan All-Cause Readmissions,3.5
2017,C0225,Plan All-Cause Readmissions,3.5
2017,C0226,Plan All-Cause Readmissions,3.5
2017,C0227,Plan All-Cause Readmissions,4.0
2017,C0228,Plan All-Cause Readmissions,3.5
2017,C0229,Plan All-Cause Readmissions,3.5
2017,C0230,Plan All-Cause Readmissions,3.5
2017,C0231,Plan All-Cause Readmissions,4.0
2017,C0232,Plan All-Cause Readmissions,3.5
2017,C0233,Plan All-Cause Readmissions,3.5
2017,C0234,Plan All-Cause Readmissions,4.0
2017,C0235,Plan All-Cause Readmissions,4.0
2017,C0236,Plan All-Cause Readmissions,4.0
2017,C0237,Plan All-Cause Readmissions,4.0
2017,C0238,Plan All-Cause Readmissions,4.0
2017,C0239,Plan All-Cause Readmissions,3.5
2017,C0240,Plan All-Cause Readmissions,3.5
2017,C0241,Plan All-Cause Readmissions,4.0
2017,C0242,Plan All-Cause Readmissions,3.5
2017,C0243,Plan All-Cause Readmissions,4.0
2017,C0244,Plan All-Cause Readmissions,3.5
2017,C0245,Plan All-Cause Readmissions,3.5
2017,C0246,Plan All-Cause Readmissions,3.5
2017,C0247,Plan All-Cause Readmissions,4.0
2017,C0248,Plan All-Cause Readmissions,3.5
2017,C0249,Plan All-Cause Readmissions,3.5
2017,C0250,Plan All-Cause Readmissions,4.0
2017,C0001,Controlling Blood Pressure,3.5
2017,C0002,Controlling Blood Pressure,3.5
2017,C0003,Controlling Blood Pressure,4.0
2017,C0004,Controlling Blood Pressure,3.5
2017,C0005,Controlling Blood Pressure,4.0
2017,C0006,Controlling Blood Pressure,4.0
2017,C0007,Controlling Blood Pressure,4.0
2017,C0008,Controlling Blood Pressure,4.0
2017,C0009,Controlling Blood Pressure,3.5
2017,C0010,Controlling Blood Pressure,3.5
2017,C0011,Controlling Blood Pressure,4.0
2017,C0012,Controlling Blood Pressure,3.5
2017,C0013,Controlling Blood Pressure,3.5
2017,C0014,Controlling Blood Pressure,3.5
2017,C0015,Controlling Blood Pressure,3.5
2017,C0016,Controlling Blood Pressure,3.5
2017,C0017,Controlling Blood Pressure,3.5
2017,C0018,Controlling Blood Pressure,4.0
2017,C0019,Controlling Blood Pressure,4.0
2017,C0020,Controlling Blood Pressure,3.5
2017,C0021,Controlling Blood Pressure,3.5
2017,C0022,Controlling Blood Pressure,3.5
2017,C0023,Controlling Blood Pressure,3.5
2017,C0024,Controlling Blood Pressure,4.0
2017,C0025,Controlling Blood Pressure,3.5
2017,C0026,Controlling Blood Pressure,3.5
2017,C0027,Controlling Blood Pressure,3.5
2017,C0028,Controlling Blood Pressure,3.5
2017,C0029,Controlling Blood Pressure,4.0
2017,C0030,Controlling Blood Pressure,3.5
2017,C0031,Controlling Blood Pressure,4.0
2017,C0032,Controlling Blood Pressure,3.5
2017,C0033,Controlling Blood Pressure,3.5
2017,C0034,Controlling Blood Pressure,4.0
2017,C0035,Controlling Blood Pressure,3.5
2017,C0036,Controlling Blood Pressure,4.0
2017,C0037,Controlling Blood Pressure,4.0
2017,C0038,Controlling Blood Pressure,3.5
2017,C0039,Controlling Blood Pressure,3.5
2017,C0040,Controlling Blood Pressure,4.0
2017,C0041,Controlling Blood Pressure,3.5
2017,C0042,Controlling Blood Pressure,3.5
2017,C0043,Controlling Blood Pressure,4.0
2017,C0044,Controlling Blood Pressure,3.5
2017,C0045,Controlling Blood Pressure,3.5
2017,C0046,Controlling Blood Pressure,3.5
2017,C0047,Controlling Blood Pressure,4.0
2017,C0048,Controlling Blood Pressure,4.0
2017,C0049,Controlling Blood Pressure,4.0
2017,C0050,Controlling Blood Pressure,3.5
2017,C0051,Controlling Blood Pressure,4.0
2017,C0052,Controlling Blood Pressure,3.5
2017,C0053,Controlling Blood Pressure,4.0
2017,C0054,Controlling Blood Pressure,4.0
2017,C0055,Controlling Blood Pressure,3.5
2017,C0056,Controlling Blood Pressure,3.5
2017,C0057,Controlling Blood Pressure,4.0
2017,C0058,Controlling Blood Pressure,4.0
2017,C0059,Controlling Blood Pressure,4.0
2017,C0060,Controlling Blood Pressure,4.0
2017,C0061,Controlling Blood Pressure,3.5
2017,C0062,Controlling Blood Pressure,3.5
2017,C0063,Controlling Blood Pressure,3.5
2017,C0064,Controlling Blood Pressure,4.0
2017,C0065,Controlling Blood Pressure,3.5
2017,C0066,Controlling Blood Pressure,4.0
2017,C0067,Controlling Blood Pressure,3.5
2017,C0068,Controlling Blood Pressure,3.5
2017,C0069,Controlling Blood Pressure,4.0
2017,C0070,Controlling Blood Pressure,4.0
2017,C0071,Controlling Blood Pressure,3.5
2017,C0072,Controlling Blood Pressure,3.5
2017,C0073,Controlling Blood Pressure,3.5
2017,C0074,Controlling Blood Pressure,3.5
2017,C0075,Controlling Blood Pressure,3.5
2017,C0076,Controlling Blood Pressure,3.5
2017,C0077,Controlling Blood Pressure,3.5
2017,C0078,Controlling Blood Pressure,4.0
2017,C0079,Controlling Blood Pressure,4.0
2017,C0080,Controlling Blood Pressure,3.5
2017,C0081,Controlling Blood Pressure,4.0
2017,C0082,Controlling Blood Pressure,3.5
2017,C0083,Controlling Blood Pressure,4.0
2017,C0084,Controlling Blood Pressure,4.0
2017,C0085,Controlling Blood Pressure,4.0
2017,C0086,Controlling Blood Pressure,3.5
2017,C0087,Controlling Blood Pressure,3.5
2017,C0088,Controlling Blood Pressure,4.0
2017,C0089,Controlling Blood Pressure,3.5
2017,C0090,Controlling Blood Pressure,3.5
2017,C0091,Controlling Blood Pressure,3.5
2017,C0092,Controlling Blood Pressure,3.5
2017,C0093,Controlling Blood Pressure,3.5
2017,C0094,Controlling Blood Pressure,3.5
2017,C0095,Controlling Blood Pressure,4.0
2017,C0096,Controlling Blood Pressure,4.0
2017,C0097,Controlling Blood Pressure,3.5
2017,C0098,Controlling Blood Pressure,4.0
2017,C0099,Controlling Blood Pressure,3.5
2017,C0100,Controlling Blood Pressure,3.5
2017,C0101,Controlling Blood Pressure,4.0
2017,C0102,Controlling Blood Pressure,3.5
2017,C0103,Controlling Blood Pressure,3.5
2017,C0104,Controlling Blood Pressure,3.5
2017,C0105,Controlling Blood Pressure,3.5
2017,C0106,Controlling Blood Pressure,3.5
2017,C0107,Controlling Blood Pressure,4.0
2017,C0108,Controlling Blood Pressure,4.0
2017,C0109,Controlling Blood Pressure,3.5
2017,C0110,Controlling Blood Pressure,3.5
2017,C0111,Controlling Blood Pressure,4.0
2017,C0112,Controlling Blood Pressure,3.5
2017,C0113,Controlling Blood Pressure,3.5
2017,C0114,Controlling Blood Pressure,3.5
2017,C0115,Controlling Blood Pressure,3.5
2017,C0116,Controlling Blood Pressure,3.5
2017,C0117,Controlling Blood Pressure,4.0
2017,C0118,Controlling Blood Pressure,3.5
2017,C0119,Controlling Blood Pressure,3.5
2017,C0120,Controlling Blood Pressure,3.5
2017,C0121,Controlling Blood Pressure,3.5
2017,C0122,Controlling Blood Pressure,3.5
2017,C0123,Controlling Blood Pressure,3.5
2017,C0124,Controlling Blood Pressure,3.5
2017,C0125,Controlling Blood Pressure,3.5
2017,C0126,Controlling Blood Pressure,4.0
2017,C0127,Controlling Blood Pressure,4.0
2017,C0128,Controlling Blood Pressure,3.5
2017,C0129,Controlling Blood Pressure,3.5
2017,C0130,Controlling Blood Pressure,4.0
2017,C0131,Controlling Blood Pressure,3.5
2017,C0132,Controlling Blood Pressure,3.5
2017,C0133,Controlling Blood Pressure,3.5
2017,C0134,Controlling Blood Pressure,3.5
2017,C0135,Controlling Blood Pressure,3.5
2017,C0136,Controlling Blood Pressure,3.5
2017,C0137,Controlling Blood Pressure,3.5
2017,C0138,Controlling Blood Pressure,3.5
2017,C0139,Controlling Blood Pressure,3.5
2017,C0140,Controlling Blood Pressure,3.5
2017,C0141,Controlling Blood Pressure,3.5
2017,C0142,Controlling Blood Pressure,3.5
2017,C0143,Controlling Blood Pressure,3.5
2017,C0144,Controlling Blood Pressure,3.5
2017,C0145,Controlling Blood Pressure,4.0
2017,C0146,Controlling Blood Pressure,3.5
2017,C0147,Controlling Blood Pressure,3.5
2017,C0148,Controlling Blood Pressure,3.5
2017,C0149,Controlling Blood Pressure,3.5
2017,C0150,Controlling Blood Pressure,3.5
2017,C0151,Controlling Blood Pressure,4.0
2017,C0152,Controlling Blood Pressure,4.0
2017,C0153,Controlling Blood Pressure,3.5
2017,C0154,Controlling Blood Pressure,4.0
2017,C0155,Controlling Blood Pressure,4.0
2017,C0156,Controlling Blood Pressure,3.5
2017,C0157,Controlling Blood Pressure,3.5
2017,C0158,Controlling Blood Pressure,3.5
2017,C0159,Controlling Blood Pressure,3.5
2017,C0160,Controlling Blood Pressure,4.0
2017,C0161,Controlling Blood Pressure,4.0
2017,C0162,Controlling Blood Pressure,3.5
2017,C0163,Controlling Blood Pressure,4.0
2017,C0164,Controlling Blood Pressure,3.5
2017,C0165,Controlling Blood Pressure,3.5
2017,C0166,Controlling Blood Pressure,4.0
2017,C0167,Controlling Blood Pressure,4.0
2017,C0168,Controlling Blood Pressure,4.0
2017,C0169,Controlling Blood Pressure,3.5
2017,C0170,Controlling Blood Pressure,3.5
2017,C0171,Controlling Blood Pressure,4.0
2017,C0172,Controlling Blood Pressure,3.5
2017,C0173,Controlling Blood Pressure,4.0
2017,C0174,Controlling Blood Pressure,4.0
2017,C0175,Controlling Blood Pressure,3.5
2017,C0176,Controlling Blood Pressure,4.0
2017,C0177,Controlling Blood Pressure,3.5
2017,C0178,Controlling Blood Pressure,3.5
2017,C0179,Controlling Blood Pressure,3.5
2017,C0180,Controlling Blood Pressure,3.5
2017,C0181,Controlling Blood Pressure,3.5
2017,C0182,Controlling Blood Pressure,3.5
2017,C0183,Controlling Blood Pressure,3.5
2017,C0184,Controlling Blood Pressure,4.0
2017,C0185,Controlling Blood Pressure,3.5
2017,C0186,Controlling Blood Pressure,3.5
2017,C0187,Controlling Blood Pressure,3.5
2017,C0188,Controlling Blood Pressure,3.5
2017,C0189,Controlling Blood Pressure,4.0
2017,C0190,Controlling Blood Pressure,3.5
2017,C0191,Controlling Blood Pressure,3.5
2017,C0192,Controlling Blood Pressure,4.0
2017,C0193,Controlling Blood Pressure,3.5
2017,C0194,Controlling Blood Pressure,3.5
2017,C0195,Controlling Blood Pressure,3.5
2017,C0196,Controlling Blood Pressure,4.0
2017,C0197,Controlling Blood Pressure,4.0
2017,C0198,Controlling Blood Pressure,3.5
2017,C0199,Controlling Blood Pressure,4.0
2017,C0200,Controlling Blood Pressure,3.5
2017,C0201,Controlling Blood Pressure,4.0
2017,C0202,Controlling Blood Pressure,4.0
2017,C0203,Controlling Blood Pressure,3.5
2017,C0204,Controlling Blood Pressure,3.5
2017,C0205,Controlling Blood Pressure,3.5
2017,C0206,Controlling Blood Pressure,3.5
2017,C0207,Controlling Blood Pressure,3.5
2017,C0208,Controlling Blood Pressure,4.0
2017,C0209,Controlling Blood Pressure,3.5
2017,C0210,Controlling Blood Pressure,4.0
2017,C0211,Controlling Blood Pressure,3.5
2017,C0212,Controlling Blood Pressure,3.5
2017,C0213,Controlling Blood Pressure,3.5
2017,C0214,Controlling Blood Pressure,4.0
2017,C0215,Controlling Blood Pressure,3.5
2017,C0216,Controlling Blood Pressure,3.5
2017,C0217,Controlling Blood Pressure,3.5
2017,C0218,Controlling Blood Pressure,4.0
2017,C0219,Controlling Blood Pressure,4.0
2017,C0220,Controlling Blood Pressure,3.5
2017,C0221,Controlling Blood Pressure,3.5
2017,C0222,Controlling Blood Pressure,4.0
2017,C0223,Controlling Blood Pressure,3.5
2017,C0224,Controlling Blood Pressure,3.5
2017,C0225,Controlling Blood Pressure,3.5
2017,C0226,Controlling Blood Pressure,3.5
2017,C0227,Controlling Blood Pressure,3.5
2017,C0228,Controlling Blood Pressure,3.5
2017,C0229,Controlling Blood Pressure,3.5
2017,C0230,Controlling Blood Pressure,4.0
2017,C0231,Controlling Blood Pressure,4.0
2017,C0232,Controlling Blood Pressure,4.0
2017,C0233,Controlling Blood Pressure,3.5
2017,C0234,Controlling Blood Pressure,3.5
2017,C0235,Controlling Blood Pressure,3.5
2017,C0236,Controlling Blood Pressure,4.0
2017,C0237,Controlling Blood Pressure,4.0
2017,C0238,Controlling Blood Pressure,4.0
2017,C0239,Controlling Blood Pressure,4.0
2017,C0240,Controlling Blood Pressure,3.5
2017,C0241,Controlling Blood Pressure,3.5
2017,C0242,Controlling Blood Pressure,3.5
2017,C0243,Controlling Blood Pressure,3.5
2017,C0244,Controlling Blood Pressure,4.0
2017,C0245,Controlling Blood Pressure,3.5
2017,C0246,Controlling Blood Pressure,4.0
2017,C0247,Controlling Blood Pressure,3.5
2017,C0248,Controlling Blood Pressure,4.0
2017,C0249,Controlling Blood Pressure,4.0
2017,C0250,Controlling Blood Pressure,4.0
2018,C0001,Breast Cancer Screening,4.0
2018,C0002,Breast Cancer Screening,3.5
2018,C0003,Breast Cancer Screening,3.5
2018,C0004,Breast Cancer Screening,3.5
2018,C0005,Breast Cancer Screening,4.0
2018,C0006,Breast Cancer Screening,4.0
2018,C0007,Breast Cancer Screening,4.0
2018,C0008,Breast Cancer Screening,3.5
2018,C0009,Breast Cancer Screening,4.0
2018,C0010,Breast Cancer Screening,3.5
2018,C0011,Breast Cancer Screening,3.5
2018,C0012,Breast Cancer Screening,4.0
2018,C0013,Breast Cancer Screening,4.0
2018,C0014,Breast Cancer Screening,4.0
2018,C0015,Breast Cancer Screening,3.5
2018,C0016,Breast Cancer Screening,4.0
2018,C0017,Breast Cancer Screening,4.0
2018,C0018,Breast Cancer Screening,4.0
2018,C0019,Breast Cancer Screening,4.0
2018,C0020,Breast Cancer Screening,4.0
2018,C0021,Breast Cancer Screening,3.5
2018,C0022,Breast Cancer Screening,4.0
2018,C0023,Breast Cancer Screening,3.5
2018,C0024,Breast Cancer Screening,4.0
2018,C0025,Breast Cancer Screening,4.0
2018,C0026,Breast Cancer Screening,3.5
2018,C0027,Breast Cancer Screening,4.0
2018,C0028,Breast Cancer Screening,4.0
2018,C0029,Breast Cancer Screening,3.5
2018,C0030,Breast Cancer Screening,4.0
2018,C0031,Breast Cancer Screening,3.5
2018,C0032,Breast Cancer Screening,4.0
2018,C0033,Breast Cancer Screening,4.0
2018,C0034,Breast Cancer Screening,4.0
2018,C0035,Breast Cancer Screening,3.5
2018,C0036,Breast Cancer Screening,4.0
2018,C0037,Breast Cancer Screening,3.5
2018,C0038,Breast Cancer Screening,3.5
2018,C0039,Breast Cancer Screening,4.0
2018,C0040,Breast Cancer Screening,4.0
2018,C0041,Breast Cancer Screening,3.5
2018,C0042,Breast Cancer Screening,4.0
2018,C0043,Breast Cancer Screening,4.0
2018,C0044,Breast Cancer Screening,4.0
2018,C0045,Breast Cancer Screening,4.0
2018,C0046,Breast Cancer Screening,3.5
2018,C0047,Breast Cancer Screening,3.5
2018,C0048,Breast Cancer Screening,4.0
2018,C0049,Breast Cancer Screening,3.5
2018,C0050,Breast Cancer Screening,3.5
2018,C0051,Breast Cancer Screening,3.5
2018,C0052,Breast Cancer Screening,4.0
2018,C0053,Breast Cancer Screening,4.0
2018,C0054,Breast Cancer Screening,3.5
2018,C0055,Breast Cancer Screening,3.5
2018,C0056,Breast Cancer Screening,3.5
2018,C0057,Breast Cancer Screening,3.5
2018,C0058,Breast Cancer Screening,4.0
2018,C0059,Breast Cancer Screening,4.0
2018,C0060,Breast Cancer Screening,4.0
2018,C0061,Breast Cancer Screening,4.0
2018,C0062,Breast Cancer Screening,3.5
2018,C0063,Breast Cancer Screening,4.0
2018,C0064,Breast Cancer Screening,4.0
2018,C0065,Breast Cancer Screening,4.0
2018,C0066,Breast Cancer Screening,4.0
2018,C0067,Breast Cancer Screening,3.5
2018,C0068,Breast Cancer Screening,4.0
2018,C0069,Breast Cancer Screening,3.5
2018,C0070,Breast Cancer Screening,4.0
2018,C0071,Breast Cancer Screening,4.0
2018,C0072,Breast Cancer Screening,4.0
2018,C0073,Breast Cancer Screening,4.0
2018,C0074,Breast Cancer Screening,4.0
2018,C0075,Breast Cancer Screening,3.5
2018,C0076,Breast Cancer Screening,3.5
2018,C0077,Breast Cancer Screening,4.0
2018,C0078,Breast Cancer Screening,4.0
2018,C0079,Breast Cancer Screening,4.0
2018,C0080,Breast Cancer Screening,4.0
2018,C0081,Breast Cancer Screening,3.5
2018,C0082,Breast Cancer Screening,4.0
2018,C0083,Breast Cancer Screening,3.5
2018,C0084,Breast Cancer Screening,4.0
2018,C0085,Breast Cancer Screening,3.5
2018,C0086,Breast Cancer Screening,4.0
2018,C0087,Breast Cancer Screening,3.5
2018,C0088,Breast Cancer Screening,4.0
2018,C0089,Breast Cancer Screening,4.0
2018,C0090,Breast Cancer Screening,4.0
2018,C0091,Breast Cancer Screening,4.0
2018,C0092,Breast Cancer Screening,4.0
2018,C0093,Breast Cancer Screening,3.5
2018,C0094,Breast Cancer Screening,4.0
2018,C0095,Breast Cancer Screening,3.5
2018,C0096,Breast Cancer Screening,4.0
2018,C0097,Breast Cancer Screening,3.5
2018,C0098,Breast Cancer Screening,4.0
2018,C0099,Breast Cancer Screening,3.5
2018,C0100,Breast Cancer Screening,4.0
2018,C0101,Breast Cancer Screening,4.0
2018,C0102,Breast Cancer Screening,4.0
2018,C0103,Breast Cancer Screening,4.0
2018,C0104,Breast Cancer Screening,3.5
2018,C0105,Breast Cancer Screening,3.5
2018,C0106,Breast Cancer Screening,3.5
2018,C0107,Breast Cancer Screening,3.5
2018,C0108,Breast Cancer Screening,4.0
2018,C0109,Breast Cancer Screening,4.0
2018,C0110,Breast Cancer Screening,3.5
2018,C0111,Breast Cancer Screening,3.5
2018,C0112,Breast Cancer Screening,3.5
2018,C0113,Breast Cancer Screening,3.5
2018,C0114,Breast Cancer Screening,4.0
2018,C0115,Breast Cancer Screening,4.0
2018,C0116,Breast Cancer Screening,3.5
2018,C0117,Breast Cancer Screening,4.0
2018,C0118,Breast Cancer Screening,4.0
2018,C0119,Breast Cancer Screening,4.0
2018,C0120,Breast Cancer Screening,4.0
2018,C0121,Breast Cancer Screening,4.0
2018,C0122,Breast Cancer Screening,3.5
2018,C0123,Breast Cancer Screening,3.5
2018,C0124,Breast Cancer Screening,4.0
2018,C0125,Breast Cancer Screening,3.5
2018,C0126,Breast Cancer Screening,3.5
2018,C0127,Breast Cancer Screening,3.5
2018,C0128,Breast Cancer Screening,4.0
2018,C0129,Breast Cancer Screening,3.5
2018,C0130,Breast Cancer Screening,4.0
2018,C0131,Breast Cancer Screening,4.0
2018,C0132,Breast Cancer Screening,4.0
2018,C0133,Breast Cancer Screening,3.5
2018,C0134,Breast Cancer Screening,4.0
2018,C0135,Breast Cancer Screening,3.5
2018,C0136,Breast Cancer Screening,3.5
2018,C0137,Breast Cancer Screening,4.0
2018,C0138,Breast Cancer Screening,4.0
2018,C0139,Breast Cancer Screening,4.0
2018,C0140,Breast Cancer Screening,3.5
2018,C0141,Breast Cancer Screening,3.5
2018,C0142,Breast Cancer Screening,4.0
2018,C0143,Breast Cancer Screening,4.0
2018,C0144,Breast Cancer Screening,4.0
2018,C0145,Breast Cancer Screening,3.5
2018,C0146,Breast Cancer Screening,4.0
2018,C0147,Breast Cancer Screening,3.5
2018,C0148,Breast Cancer Screening,4.0
2018,C0149,Breast Cancer Screening,4.0
2018,C0150,Breast Cancer Screening,4.0
2018,C0151,Breast Cancer Screening,4.0
2018,C0152,Breast Cancer Screening,3.5
2018,C0153,Breast Cancer Screening,3.5
2018,C0154,Breast Cancer Screening,3.5
2018,C0155,Breast Cancer Screening,3.5
2018,C0156,Breast Cancer Screening,4.0
2018,C0157,Breast Cancer Screening,3.5
2018,C0158,Breast Cancer Screening,4.0
2018,C0159,Breast Cancer Screening,3.5
2018,C0160,Breast Cancer Screening,4.0
2018,C0161,Breast Cancer Screening,3.5
2018,C0162,Breast Cancer Screening,4.0
2018,C0163,Breast Cancer Screening,4.0
2018,C0164,Breast Cancer Screening,4.0
2018,C0165,Breast Cancer Screening,4.0
2018,C0166,Breast Cancer Screening,3.5
2018,C0167,Breast Cancer Screening,3.5
2018,C0168,Breast Cancer Screening,4.0
2018,C0169,Breast Cancer Screening,3.5
2018,C0170,Breast Cancer Screening,4.0
2018,C0171,Breast Cancer Screening,4.0
2018,C0172,Breast Cancer Screening,3.5
2018,C0173,Breast Cancer Screening,4.0
2018,C0174,Breast Cancer Screening,3.5
2018,C0175,Breast Cancer Screening,3.5
2018,C0176,Breast Cancer Screening,4.0
2018,C0177,Breast Cancer Screening,4.0
2018,C0178,Breast Cancer Screening,3.5
2018,C0179,Breast Cancer Screening,4.0
2018,C0180,Breast Cancer Screening,3.5
2018,C0181,Breast Cancer Screening,4.0
2018,C0182,Breast Cancer Screening,4.0
2018,C0183,Breast Cancer Screening,3.5
2018,C0184,Breast Cancer Screening,4.0
2018,C0185,Breast Cancer Screening,4.0
2018,C0186,Breast Cancer Screening,4.0
2018,C0187,Breast Cancer Screening,3.5
2018,C0188,Breast Cancer Screening,3.5
2018,C0189,Breast Cancer Screening,4.0
2018,C0190,Breast Cancer Screening,4.0
2018,C0191,Breast Cancer Screening,4.0
2018,C0192,Breast Cancer Screening,3.5
2018,C0193,Breast Cancer Screening,3.5
2018,C0194,Breast Cancer Screening,3.5
2018,C0195,Breast Cancer Screening,3.5
2018,C0196,Breast Cancer Screening,3.5
2018,C0197,Breast Cancer Screening,3.5
2018,C0198,Breast Cancer Screening,3.5
2018,C0199,Breast Cancer Screening,3.5
2018,C0200,Breast Cancer Screening,3.5
2018,C0201,Breast Cancer Screening,4.0
2018,C0202,Breast Cancer Screening,3.5
2018,C0203,Breast Cancer Screening,3.5
2018,C0204,Breast Cancer Screening,3.5
2018,C0205,Breast Cancer Screening,3.5
2018,C0206,Breast Cancer Screening,4.0
2018,C0207,Breast Cancer Screening,3.5
2018,C0208,Breast Cancer Screening,3.5
2018,C0209,Breast Cancer Screening,3.5
2018,C0210,Breast Cancer Screening,3.5
2018,C0211,Breast Cancer Screening,3.5
2018,C0212,Breast Cancer Screening,4.0
2018,C0213,Breast Cancer Screening,4.0
2018,C0214,Breast Cancer Screening,4.0
2018,C0215,Breast Cancer Screening,4.0
2018,C0216,Breast Cancer Screening,3.5
2018,C0217,Breast Cancer Screening,3.5
2018,C0218,Breast Cancer Screening,3.5
2018,C0219,Breast Cancer Screening,3.5
2018,C0220,Breast Cancer Screening,4.0
2018,C0221,Breast Cancer Screening,3.5
2018,C0222,Breast Cancer Screening,3.5
2018,C0223,Breast Cancer Screening,3.5
2018,C0224,Breast Cancer Screening,4.0
2018,C0225,Breast Cancer Screening,3.5
2018,C0226,Breast Cancer Screening,3.5
2018,C0227,Breast Cancer Screening,3.5
2018,C0228,Breast Cancer Screening,4.0
2018,C0229,Breast Cancer Screening,4.0
2018,C0230,Breast Cancer Screening,3.5
2018,C0231,Breast Cancer Screening,3.5
2018,C0232,Breast Cancer Screening,3.5
2018,C0233,Breast Cancer Screening,4.0
2018,C0234,Breast Cancer Screening,3.5
2018,C0235,Breast Cancer Screening,4.0
2018,C0236,Breast Cancer Screening,4.0
2018,C0237,Breast Cancer Screening,3.5
2018,C0238,Breast Cancer Screening,3.5
2018,C0239,Breast Cancer Screening,4.0
2018,C0240,Breast Cancer Screening,4.0
2018,C0241,Breast Cancer Screening,4.0
2018,C0242,Breast Cancer Screening,3.5
2018,C0243,Breast Cancer Screening,3.5
2018,C0244,Breast Cancer Screening,4.0
2018,C0245,Breast Cancer Screening,3.5
2018,C0246,Breast Cancer Screening,3.5
2018,C0247,Breast Cancer Screening,4.0
2018,C0248,Breast Cancer Screening,4.0
2018,C0249,Breast Cancer Screening,3.5
2018,C0250,Breast Cancer Screening,4.0
2018,C0001,Medication Reconciliation,3.5
2018,C0002,Medication Reconciliation,3.5
2018,C0003,Medication Reconciliation,3.5
2018,C0004,Medication Reconciliation,4.0
2018,C0005,Medication Reconciliation,3.5
2018,C0006,Medication Reconciliation,3.5
2018,C0007,Medication Reconciliation,3.5
2018,C0008,Medication Reconciliation,3.5
2018,C0009,Medication Reconciliation,3.5
2018,C0010,Medication Reconciliation,3.5
2018,C0011,Medication Reconciliation,3.5
2018,C0012,Medication Reconciliation,4.0
2018,C0013,Medication Reconciliation,3.5
2018,C0014,Medication Reconciliation,3.5
2018,C0015,Medication Reconciliation,3.5
2018,C0016,Medication Reconciliation,3.5
2018,C0017,Medication Reconciliation,3.5
2018,C0018,Medication Reconciliation,4.0
2018,C0019,Medication Reconciliation,3.5
2018,C0020,Medication Reconciliation,3.5
2018,C0021,Medication Reconciliation,3.5
2018,C0022,Medication Reconciliation,3.5
2018,C0023,Medication Reconciliation,3.5
2018,C0024,Medication Reconciliation,3.5
2018,C0025,Medication Reconciliation,3.5
2018,C0026,Medication Reconciliation,3.5
2018,C0027,Medication Reconciliation,3.5
2018,C0028,Medication Reconciliation,4.0
2018,C0029,Medication Reconciliation,3.5
2018,C0030,Medication Reconciliation,3.5
2018,C0031,Medication Reconciliation,3.5
2018,C0032,Medication Reconciliation,4.0
2018,C0033,Medication Reconciliation,3.5
2018,C0034,Medication Reconciliation,3.5
2018,C0035,Medication Reconciliation,3.5
2018,C0036,Medication Reconciliation,3.5
2018,C0037,Medication Reconciliation,4.0
2018,C0038,Medication Reconciliation,3.5
2018,C0039,Medication Reconciliation,3.5
2018,C0040,Medication Reconciliation,3.5
2018,C0041,Medication Reconciliation,3.5
2018,C0042,Medication Reconciliation,3.5
2018,C0043,Medication Reconciliation,3.5
2018,C0044,Medication Reconciliation,3.5
2018,C0045,Medication Reconciliation,3.5
2018,C0046,Medication Reconciliation,4.0
2018,C0047,Medication Reconciliation,3.5
2018,C0048,Medication Reconciliation,3.5
2018,C0049,Medication Reconciliation,3.5
2018,C0050,Medication Reconciliation,4.0
2018,C0051,Medication Reconciliation,3.5
2018,C0052,Medication Reconciliation,3.5
2018,C0053,Medication Reconciliation,3.5
2018,C0054,Medication Reconciliation,3.5
2018,C0055,Medication Reconciliation,3.5
2018,C0056,Medication Reconciliation,3.5
2018,C0057,Medication Reconciliation,3.5
2018,C0058,Medication Reconciliation,3.5
2018,C0059,Medication Reconciliation,3.5
2018,C0060,Medication Reconciliation,3.5
2018,C0061,Medication Reconciliation,3.5
2018,C0062,Medication Reconciliation,3.5
2018,C0063,Medication Reconciliation,3.5
2018,C0064,Medication Reconciliation,3.5
2018,C0065,Medication Reconciliation,3.5
2018,C0066,Medication Reconciliation,3.5
2018,C0067,Medication Reconciliation,4.0
2018,C0068,Medication Reconciliation,3.5
2018,C0069,Medication Reconciliation,4.0
2018,C0070,Medication Reconciliation,3.5
2018,C0071,Medication Reconciliation,3.5
2018,C0072,Medication Reconciliation,3.5
2018,C0073,Medication Reconciliation,3.5
2018,C0074,Medication Reconciliation,3.5
2018,C0075,Medication Reconciliation,3.5
2018,C0076,Medication Reconciliation,3.5
2018,C0077,Medication Reconciliation,3.5
2018,C0078,Medication Reconciliation,3.5
2018,C0079,Medication Reconciliation,3.5
2018,C0080,Medication Reconciliation,4.0
2018,C0081,Medication Reconciliation,3.5
2018,C0082,Medication Reconciliation,4.0
2018,C0083,Medication Reconciliation,3.5
2018,C0084,Medication Reconciliation,3.5
2018,C0085,Medication Reconciliation,3.5
2018,C0086,Medication Reconciliation,4.0
2018,C0087,Medication Reconciliation,3.5
2018,C0088,Medication Reconciliation,3.5
2018,C0089,Medication Reconciliation,3.5
2018,C0090,Medication Reconciliation,3.5
2018,C0091,Medication Reconciliation,4.0
2018,C0092,Medication Reconciliation,3.5
2018,C0093,Medication Reconciliation,3.5
2018,C0094,Medication Reconciliation,3.5
2018,C0095,Medication Reconciliation,3.5
2018,C0096,Medication Reconciliation,3.5
2018,C0097,Medication Reconciliation,3.5
2018,C0098,Medication Reconciliation,3.5
2018,C0099,Medication Reconciliation,3.5
2018,C0100,Medication Reconciliation,3.5
2018,C0101,Medication Reconciliation,3.5
2018,C0102,Medication Reconciliation,3.5
2018,C0103,Medication Reconciliation,3.5
2018,C0104,Medication Reconciliation,3.5
2018,C0105,Medication Reconciliation,4.0
2018,C0106,Medication Reconciliation,3.5
2018,C0107,Medication Reconciliation,3.5
2018,C0108,Medication Reconciliation,4.0
2018,C0109,Medication Reconciliation,3.5
2018,C0110,Medication Reconciliation,3.5
2018,C0111,Medication Reconciliation,3.5
2018,C0112,Medication Reconciliation,3.5
2018,C0113,Medication Reconciliation,4.0
2018,C0114,Medication Reconciliation,3.5
2018,C0115,Medication Reconciliation,3.5
2018,C0116,Medication Reconciliation,3.5
2018,C0117,Medication Reconciliation,3.5
2018,C0118,Medication Reconciliation,3.5
2018,C0119,Medication Reconciliation,3.5
2018,C0120,Medication Reconciliation,4.0
2018,C0121,Medication Reconciliation,3.5
2018,C0122,Medication Reconciliation,4.0
2018,C0123,Medication Reconciliation,3.5
2018,C0124,Medication Reconciliation,3.5
2018,C0125,Medication Reconciliation,3.5
2018,C0126,Medication Reconciliation,3.5
2018,C0127,Medication Reconciliation,3.5
2018,C0128,Medication Reconciliation,3.5
2018,C0129,Medication Reconciliation,3.5
2018,C0130,Medication Reconciliation,3.5
2018,C0131,Medication Reconciliation,3.5
2018,C0132,Medication Reconciliation,3.5
2018,C0133,Medication Reconciliation,3.5
2018,C0134,Medication Reconciliation,3.5
2018,C0135,Medication Reconciliation,3.5
2018,C0136,Medication Reconciliation,3.5
2018,C0137,Medication Reconciliation,3.5
2018,C0138,Medication Reconciliation,3.5
2018,C0139,Medication Reconciliation,3.5
2018,C0140,Medication Reconciliation,4.0
2018,C0141,Medication Reconciliation,3.5
2018,C0142,Medication Reconciliation,3.5
2018,C0143,Medication Reconciliation,3.5
2018,C0144,Medication Reconciliation,3.5
2018,C0145,Medication Reconciliation,3.5
2018,C0146,Medication Reconciliation,3.5
2018,C0147,Medication Reconciliation,3.5
2018,C0148,Medication Reconciliation,3.5
2018,C0149,Medication Reconciliation,3.5
2018,C0150,Medication Reconciliation,4.0
2018,C0151,Medication Reconciliation,4.0
2018,C0152,Medication Reconciliation,3.5
2018,C0153,Medication Reconciliation,3.5
2018,C0154,Medication Reconciliation,3.5
2018,C0155,Medication Reconciliation,3.5
2018,C0156,Medication Reconciliation,4.0
2018,C0157,Medication Reconciliation,3.5
2018,C0158,Medication Reconciliation,3.5
2018,C0159,Medication Reconciliation,3.5
2018,C0160,Medication Reconciliation,3.5
2018,C0161,Medication Reconciliation,3.5
2018,C0162,Medication Reconciliation,3.5
2018,C0163,Medication Reconciliation,3.5
2018,C0164,Medication Reconciliation,3.5
2018,C0165,Medication Reconciliation,3.5
2018,C0166,Medication Reconciliation,3.5
2018,C0167,Medication Reconciliation,3.5
2018,C0168,Medication Reconciliation,3.5
2018,C0169,Medication Reconciliation,3.5
2018,C0170,Medication Reconciliation,3.5
2018,C0171,Medication Reconciliation,3.5
2018,C0172,Medication Reconciliation,4.0
2018,C0173,Medication Reconciliation,3.5
2018,C0174,Medication Reconciliation,4.0
2018,C0175,Medication Reconciliation,3.5
2018,C0176,Medication Reconciliation,3.5
2018,C0177,Medication Reconciliation,3.5
2018,C0178,Medication Reconciliation,4.0
2018,C0179,Medication Reconciliation,3.5
2018,C0180,Medication Reconciliation,4.0
2018,C0181,Medication Reconciliation,3.5
2018,C0182,Medication Reconciliation,3.5
2018,C0183,Medication Reconciliation,4.0
2018,C0184,Medication Reconciliation,3.5
2018,C0185,Medication Reconciliation,3.5
2018,C0186,Medication Reconciliation,4.0
2018,C0187,Medication Reconciliation,3.5
2018,C0188,Medication Reconciliation,4.0
2018,C0189,Medication Reconciliation,3.5
2018,C0190,Medication Reconciliation,3.5
2018,C0191,Medication Reconciliation,4.0
2018,C0192,Medication Reconciliation,3.5
2018,C0193,Medication Reconciliation,3.5
2018,C0194,Medication Reconciliation,3.5
2018,C0195,Medication Reconciliation,3.5
2018,C0196,Medication Reconciliation,3.5
2018,C0197,Medication Reconciliation,3.5
2018,C0198,Medication Reconciliation,3.5
2018,C0199,Medication Reconciliation,3.5
2018,C0200,Medication Reconciliation,3.5
2018,C0201,Medication Reconciliation,3.5
2018,C0202,Medication Reconciliation,3.5
2018,C0203,Medication Reconciliation,3.5
2018,C0204,Medication Reconciliation,3.5
2018,C0205,Medication Reconciliation,3.5
2018,C0206,Medication Reconciliation,3.5
2018,C0207,Medication Reconciliation,3.5
2018,C0208,Medication Reconciliation,4.0
2018,C0209,Medication Reconciliation,4.0
2018,C0210,Medication Reconciliation,3.5
2018,C0211,Medication Reconciliation,3.5
2018,C0212,Medication Reconciliation,4.0
2018,C0213,Medication Reconciliation,3.5
2018,C0214,Medication Reconciliation,4.0
2018,C0215,Medication Reconciliation,4.0
2018,C0216,Medication Reconciliation,4.0
2018,C0217,Medication Reconciliation,3.5
2018,C0218,Medication Reconciliation,4.0
2018,C0219,Medication Reconciliation,3.5
2018,C0220,Medication Reconciliation,3.5
2018,C0221,Medication Reconciliation,4.0
2018,C0222,Medication Reconciliation,3.5
2018,C0223,Medication Reconciliation,3.5
2018,C0224,Medication Reconciliation,3.5
2018,C0225,Medication Reconciliation,3.5
2018,C0226,Medication Reconciliation,3.5
2018,C0227,Medication Reconciliation,3.5
2018,C0228,Medication Reconciliation,3.5
2018,C0229,Medication Reconciliation,3.5
2018,C0230,Medication Reconciliation,4.0
2018,C0231,Medication Reconciliation,3.5
2018,C0232,Medication Reconciliation,3.5
2018,C0233,Medication Reconciliation,3.5
2018,C0234,Medication Reconciliation,4.0
2018,C0235,Medication Reconciliation,3.5
2018,C0236,Medication Reconciliation,4.0
2018,C0237,Medication Reconciliation,3.5
2018,C0238,Medication Reconciliation,3.5
2018,C0239,Medication Reconciliation,3.5
2018,C0240,Medication Reconciliation,3.5
2018,C0241,Medication Reconciliation,3.5
2018,C0242,Medication Reconciliation,3.5
2018,C0243,Medication Reconciliation,3.5
2018,C0244,Medication Reconciliation,3.5
2018,C0245,Medication Reconciliation,3.5
2018,C0246,Medication Reconciliation,3.5
2018,C0247,Medication Reconciliation,3.5
2018,C0248,Medication Reconciliation,3.5
2018,C0249,Medication Reconciliation,3.5
2018,C0250,Medication Reconciliation,3.5
2018,C0001,Plan All-Cause Readmissions,3.5
2018,C0002,Plan All-Cause Readmissions,4.0
2018,C0003,Plan All-Cause Readmissions,4.0
2018,C0004,Plan All-Cause Readmissions,4.0
2018,C0005,Plan All-Cause Readmissions,3.5
2018,C0006,Plan All-Cause Readmissions,4.0
2018,C0007,Plan All-Cause Readmissions,3.5
2018,C0008,Plan All-Cause Readmissions,3.5
2018,C0009,Plan All-Cause Readmissions,4.0
2018,C0010,Plan All-Cause Readmissions,4.0
2018,C0011,Plan All-Cause Readmissions,3.5
2018,C0012,Plan All-Cause Readmissions,4.0
2018,C0013,Plan All-Cause Readmissions,3.5
2018,C0014,Plan All-Cause Readmissions,3.5
2018,C0015,Plan All-Cause Readmissions,4.0
2018,C0016,Plan All-Cause Readmissions,3.5
2018,C0017,Plan All-Cause Readmissions,4.0
2018,C0018,Plan All-Cause Readmissions,3.5
2018,C0019,Plan All-Cause Readmissions,4.0
2018,C0020,Plan All-Cause Readmissions,3.5
2018,C0021,Plan All-Cause Readmissions,4.0
2018,C0022,Plan All-Cause Readmissions,3.5
2018,C0023,Plan All-Cause Readmissions,4.0
2018,C0024,Plan All-Cause Readmissions,3.5
2018,C0025,Plan All-Cause Readmissions,3.5
2018,C0026,Plan All-Cause Readmissions,4.0
2018,C0027,Plan All-Cause Readmissions,3.5
2018,C0028,Plan All-Cause Readmissions,3.5
2018,C0029,Plan All-Cause Readmissions,3.5
2018,C0030,Plan All-Cause Readmissions,4.0
2018,C0031,Plan All-Cause Readmissions,3.5
2018,C0032,Plan All-Cause Readmissions,4.0
2018,C0033,Plan All-Cause Readmissions,4.0
2018,C0034,Plan All-Cause Readmissions,3.5
2018,C0035,Plan All-Cause Readmissions,4.0
2018,C0036,Plan All-Cause Readmissions,3.5
2018,C0037,Plan All-Cause Readmissions,3.5
2018,C0038,Plan All-Cause Readmissions,4.0
2018,C0039,Plan All-Cause Readmissions,3.5
2018,C0040,Plan All-Cause Readmissions,4.0
2018,C0041,Plan All-Cause Readmissions,4.0
2018,C0042,Plan All-Cause Readmissions,4.0
2018,C0043,Plan All-Cause Readmissions,3.5
2018,C0044,Plan All-Cause Readmissions,3.5
2018,C0045,Plan All-Cause Readmissions,3.5
2018,C0046,Plan All-Cause Readmissions,3.5
2018,C0047,Plan All-Cause Readmissions,4.0
2018,C0048,Plan All-Cause Readmissions,3.5
2018,C0049,Plan All-Cause Readmissions,3.5
2018,C0050,Plan All-Cause Readmissions,4.0
2018,C0051,Plan All-Cause Readmissions,3.5
2018,C0052,Plan All-Cause Readmissions,4.0
2018,C0053,Plan All-Cause Readmissions,4.0
2018,C0054,Plan All-Cause Readmissions,3.5
2018,C0055,Plan All-Cause Readmissions,4.0
2018,C0056,Plan All-Cause Readmissions,3.5
2018,C0057,Plan All-Cause Readmissions,4.0
2018,C0058,Plan All-Cause Readmissions,3.5
2018,C0059,Plan All-Cause Readmissions,4.0
2018,C0060,Plan All-Cause Readmissions,3.5
2018,C0061,Plan All-Cause Readmissions,4.0
2018,C0062,Plan All-Cause Readmissions,4.0
2018,C0063,Plan All-Cause Readmissions,3.5
2018,C0064,Plan All-Cause Readmissions,3.5
2018,C0065,Plan All-Cause Readmissions,4.0
2018,C0066,Plan All-Cause Readmissions,4.0
2018,C0067,Plan All-Cause Readmissions,3.5
2018,C0068,Plan All-Cause Readmissions,3.5
2018,C0069,Plan All-Cause Readmissions,4.0
2018,C0070,Plan All-Cause Readmissions,4.0
2018,C0071,Plan All-Cause Readmissions,3.5
2018,C0072,Plan All-Cause Readmissions,4.0
2018,C0073,Plan All-Cause Readmissions,3.5
2018,C0074,Plan All-Cause Readmissions,3.5
2018,C0075,Plan All-Cause Readmissions,3.5
2018,C0076,Plan All-Cause Readmissions,3.5
2018,C0077,Plan All-Cause Readmissions,4.0
2018,C0078,Plan All-Cause Readmissions,4.0
2018,C0079,Plan All-Cause Readmissions,4.0
2018,C0080,Plan All-Cause Readmissions,4.0
2018,C0081,Plan All-Cause Readmissions,4.0
2018,C0082,Plan All-Cause Readmissions,4.0
2018,C0083,Plan All-Cause Readmissions,4.0
2018,C0084,Plan All-Cause Readmissions,3.5
2018,C0085,Plan All-Cause Readmissions,4.0
2018,C0086,Plan All-Cause Readmissions,4.0
2018,C0087,Plan All-Cause Readmissions,4.0
2018,C0088,Plan All-Cause Readmissions,3.5
2018,C0089,Plan All-Cause Readmissions,3.5
2018,C0090,Plan All-Cause Readmissions,4.0
2018,C0091,Plan All-Cause Readmissions,4.0
2018,C0092,Plan All-Cause Readmissions,4.0
2018,C0093,Plan All-Cause Readmissions,3.5
2018,C0094,Plan All-Cause Readmissions,4.0
2018,C0095,Plan All-Cause Readmissions,4.0
2018,C0096,Plan All-Cause Readmissions,4.0
2018,C0097,Plan All-Cause Readmissions,4.0
2018,C0098,Plan All-Cause Readmissions,4.0
2018,C0099,Plan All-Cause Readmissions,4.0
2018,C0100,Plan All-Cause Readmissions,3.5
2018,C0101,Plan All-Cause Readmissions,4.0
2018,C0102,Plan All-Cause Readmissions,4.0
2018,C0103,Plan All-Cause Readmissions,3.5
2018,C0104,Plan All-Cause Readmissions,4.0
2018,C0105,Plan All-Cause Readmissions,4.0
2018,C0106,Plan All-Cause Readmissions,4.0
2018,C0107,Plan All-Cause Readmissions,4.0
2018,C0108,Plan All-Cause Readmissions,3.5
2018,C0109,Plan All-Cause Readmissions,3.5
2018,C0110,Plan All-Cause Readmissions,3.5
2018,C0111,Plan All-Cause Readmissions,3.5
2018,C0112,Plan All-Cause Readmissions,3.5
2018,C0113,Plan All-Cause Readmissions,4.0
2018,C0114,Plan All-Cause Readmissions,4.0
2018,C0115,Plan All-Cause Readmissions,4.0
2018,C0116,Plan All-Cause Readmissions,4.0
2018,C0117,Plan All-Cause Readmissions,3.5
2018,C0118,Plan All-Cause Readmissions,4.0
2018,C0119,Plan All-Cause Readmissions,3.5
2018,C0120,Plan All-Cause Readmissions,4.0
2018,C0121,Plan All-Cause Readmissions,4.0
2018,C0122,Plan All-Cause Readmissions,3.5
2018,C0123,Plan All-Cause Readmissions,3.5
2018,C0124,Plan All-Cause Readmissions,4.0
2018,C0125,Plan All-Cause Readmissions,3.5
2018,C0126,Plan All-Cause Readmissions,4.0
2018,C0127,Plan All-Cause Readmissions,4.0
2018,C0128,Plan All-Cause Readmissions,3.5
2018,C0129,Plan All-Cause Readmissions,4.0
2018,C0130,Plan All-Cause Readmissions,4.0
2018,C0131,Plan All-Cause Readmissions,4.0
2018,C0132,Plan All-Cause Readmissions,3.5
2018,C0133,Plan All-Cause Readmissions,4.0
2018,C0134,Plan All-Cause Readmissions,4.0
2018,C0135,Plan All-Cause Readmissions,4.0
2018,C0136,Plan All-Cause Readmissions,3.5
2018,C0137,Plan All-Cause Readmissions,3.5
2018,C0138,Plan All-Cause Readmissions,3.5
2018,C0139,Plan All-Cause Readmissions,3.5
2018,C0140,Plan All-Cause Readmissions,4.0
2018,C0141,Plan All-Cause Readmissions,3.5
2018,C0142,Plan All-Cause Readmissions,4.0
2018,C0143,Plan All-Cause Readmissions,4.0
2018,C0144,Plan All-Cause Readmissions,3.5
2018,C0145,Plan All-Cause Readmissions,4.0
2018,C0146,Plan All-Cause Readmissions,4.0
2018,C0147,Plan All-Cause Readmissions,3.5
2018,C0148,Plan All-Cause Readmissions,4.0
2018,C0149,Plan All-Cause Readmissions,4.0
2018,C0150,Plan All-Cause Readmissions,4.0
2018,C0151,Plan All-Cause Readmissions,4.0
2018,C0152,Plan All-Cause Readmissions,3.5
2018,C0153,Plan All-Cause Readmissions,3.5
2018,C0154,Plan All-Cause Readmissions,4.0
2018,C0155,Plan All-Cause Readmissions,3.5
2018,C0156,Plan All-Cause Readmissions,4.0
2018,C0157,Plan All-Cause Readmissions,4.0
2018,C0158,Plan All-Cause Readmissions,3.5
2018,C0159,Plan All-Cause Readmissions,4.0
2018,C0160,Plan All-Cause Readmissions,3.5
2018,C0161,Plan All-Cause Readmissions,3.5
2018,C0162,Plan All-Cause Readmissions,4.0
2018,C0163,Plan All-Cause Readmissions,4.0
2018,C0164,Plan All-Cause Readmissions,3.5
2018,C0165,Plan All-Cause Readmissions,4.0
2018,C0166,Plan All-Cause Readmissions,3.5
2018,C0167,Plan All-Cause Readmissions,4.0
2018,C0168,Plan All-Cause Readmissions,4.0
2018,C0169,Plan All-Cause Readmissions,3.5
2018,C0170,Plan All-Cause Readmissions,3.5
2018,C0171,Plan All-Cause Readmissions,3.5
2018,C0172,Plan All-Cause Readmissions,4.0
2018,C0173,Plan All-Cause Readmissions,4.0
2018,C0174,Plan All-Cause Readmissions,3.5
2018,C0175,Plan All-Cause Readmissions,4.0
2018,C0176,Plan All-Cause Readmissions,3.5
2018,C0177,Plan All-Cause Readmissions,4.0
2018,C0178,Plan All-Cause Readmissions,3.5
2018,C0179,Plan All-Cause Readmissions,4.0
2018,C0180,Plan All-Cause Readmissions,3.5
2018,C0181,Plan All-Cause Readmissions,3.5
2018,C0182,Plan All-Cause Readmissions,4.0
2018,C0183,Plan All-Cause Readmissions,4.0
2018,C0184,Plan All-Cause Readmissions,4.0
2018,C0185,Plan All-Cause Readmissions,4.0
2018,C0186,Plan All-Cause Readmissions,4.0
2018,C0187,Plan All-Cause Readmissions,3.5
2018,C0188,Plan All-Cause Readmissions,3.5
2018,C0189,Plan All-Cause Readmissions,3.5
2018,C0190,Plan All-Cause Readmissions,4.0
2018,C0191,Plan All-Cause Readmissions,3.5
2018,C0192,Plan All-Cause Readmissions,3.5
2018,C0193,Plan All-Cause Readmissions,3.5
2018,C0194,Plan All-Cause Readmissions,4.0
2018,C0195,Plan All-Cause Readmissions,4.0
2018,C0196,Plan All-Cause Readmissions,3.5
2018,C0197,Plan All-Cause Readmissions,4.0
2018,C0198,Plan All-Cause Readmissions,4.0
2018,C0199,Plan All-Cause Readmissions,4.0
2018,C0200,Plan All-Cause Readmissions,3.5
2018,C0201,Plan All-Cause Readmissions,4.0
2018,C0202,Plan All-Cause Readmissions,3.5
2018,C0203,Plan All-Cause Readmissions,4.0
2018,C0204,Plan All-Cause Readmissions,3.5
2018,C0205,Plan All-Cause Readmissions,4.0
2018,C0206,Plan All-Cause Readmissions,3.5
2018,C0207,Plan All-Cause Readmissions,3.5
2018,C0208,Plan All-Cause Readmissions,4.0
2018,C0209,Plan All-Cause Readmissions,3.5
2018,C0210,Plan All-Cause Readmissions,4.0
2018,C0211,Plan All-Cause Readmissions,4.0
2018,C0212,Plan All-Cause Readmissions,4.0
2018,C0213,Plan All-Cause Readmissions,4.0
2018,C0214,Plan All-Cause Readmissions,4.0
2018,C0215,Plan All-Cause Readmissions,3.5
2018,C0216,Plan All-Cause Readmissions,4.0
2018,C0217,Plan All-Cause Readmissions,4.0
2018,C0218,Plan All-Cause Readmissions,3.5
2018,C0219,Plan All-Cause Readmissions,3.5
2018,C0220,Plan All-Cause Readmissions,3.5
2018,C0221,Plan All-Cause Readmissions,3.5
2018,C0222,Plan All-Cause Readmissions,3.5
2018,C0223,Plan All-Cause Readmissions,4.0
2018,C0224,Plan All-Cause Readmissions,4.0
2018,C0225,Plan All-Cause Readmissions,4.0
2018,C0226,Plan All-Cause Readmissions,3.5
2018,C0227,Plan All-Cause Readmissions,4.0
2018,C0228,Plan All-Cause Readmissions,4.0
2018,C0229,Plan All-Cause Readmissions,4.0
2018,C0230,Plan All-Cause Readmissions,3.5
2018,C0231,Plan All-Cause Readmissions,4.0
2018,C0232,Plan All-Cause Readmissions,3.5
2018,C0233,Plan All-Cause Readmissions,4.0
2018,C0234,Plan All-Cause Readmissions,3.5
2018,C0235,Plan All-Cause Readmissions,4.0
2018,C0236,Plan All-Cause Readmissions,4.0
2018,C0237,Plan All-Cause Readmissions,3.5
2018,C0238,Plan All-Cause Readmissions,4.0
2018,C0239,Plan All-Cause Readmissions,4.0
2018,C0240,Plan All-Cause Readmissions,4.0
2018,C0241,Plan All-Cause Readmissions,4.0
2018,C0242,Plan All-Cause Readmissions,3.5
2018,C0243,Plan All-Cause Readmissions,4.0
2018,C0244,Plan All-Cause Readmissions,3.5
2018,C0245,Plan All-Cause Readmissions,3.5
2018,C0246,Plan All-Cause Readmissions,3.5
2018,C0247,Plan All-Cause Readmissions,4.0
2018,C0248,Plan All-Cause Readmissions,3.5
2018,C0249,Plan All-Cause Readmissions,4.0
2018,C0250,Plan All-Cause Readmissions,3.5
2018,C0001,Controlling Blood Pressure,3.5
2018,C0002,Controlling Blood Pressure,3.5
2018,C0003,Controlling Blood Pressure,3.5
2018,C0004,Controlling Blood Pressure,4.0
2018,C0005,Controlling Blood Pressure,4.0
2018,C0006,Controlling Blood Pressure,4.0
2018,C0007,Controlling Blood Pressure,3.5
2018,C0008,Controlling Blood Pressure,3.5
2018,C0009,Controlling Blood Pressure,3.5
2018,C0010,Controlling Blood Pressure,3.5
2018,C0011,Controlling Blood Pressure,4.0
2018,C0012,Controlling Blood Pressure,4.0
2018,C0013,Controlling Blood Pressure,3.5
2018,C0014,Controlling Blood Pressure,3.5
2018,C0015,Controlling Blood Pressure,3.5
2018,C0016,Controlling Blood Pressure,3.5
2018,C0017,Controlling Blood Pressure,3.5
2018,C0018,Controlling Blood Pressure,4.0
2018,C0019,Controlling Blood Pressure,3.5
2018,C0020,Controlling Blood Pressure,3.5
2018,C0021,Controlling Blood Pressure,3.5
2018,C0022,Controlling Blood Pressure,3.5
2018,C0023,Controlling Blood Pressure,3.5
2018,C0024,Controlling Blood Pressure,4.0
2018,C0025,Controlling Blood Pressure,4.0
2018,C0026,Controlling Blood Pressure,4.0
2018,C0027,Controlling Blood Pressure,3.5
2018,C0028,Controlling Blood Pressure,4.0
2018,C0029,Controlling Blood Pressure,3.5
2018,C0030,Controlling Blood Pressure,3.5
2018,C0031,Controlling Blood Pressure,3.5
2018,C0032,Controlling Blood Pressure,3.5
2018,C0033,Controlling Blood Pressure,3.5
2018,C0034,Controlling Blood Pressure,4.0
2018,C0035,Controlling Blood Pressure,3.5
2018,C0036,Controlling Blood Pressure,4.0
2018,C0037,Controlling Blood Pressure,3.5
2018,C0038,Controlling Blood Pressure,3.5
2018,C0039,Controlling Blood Pressure,3.5
2018,C0040,Controlling Blood Pressure,4.0
2018,C0041,Controlling Blood Pressure,3.5
2018,C0042,Controlling Blood Pressure,3.5
2018,C0043,Controlling Blood Pressure,4.0
2018,C0044,Controlling Blood Pressure,3.5
2018,C0045,Controlling Blood Pressure,3.5
2018,C0046,Controlling Blood Pressure,4.0
2018,C0047,Controlling Blood Pressure,4.0
2018,C0048,Controlling Blood Pressure,3.5
2018,C0049,Controlling Blood Pressure,4.0
2018,C0050,Controlling Blood Pressure,3.5
2018,C0051,Controlling Blood Pressure,4.0
2018,C0052,Controlling Blood Pressure,4.0
2018,C0053,Controlling Blood Pressure,4.0
2018,C0054,Controlling Blood Pressure,3.5
2018,C0055,Controlling Blood Pressure,4.0
2018,C0056,Controlling Blood Pressure,3.5
2018,C0057,Controlling Blood Pressure,3.5
2018,C0058,Controlling Blood Pressure,4.0
2018,C0059,Controlling Blood Pressure,3.5
2018,C0060,Controlling Blood Pressure,3.5
2018,C0061,Controlling Blood Pressure,4.0
2018,C0062,Controlling Blood Pressure,4.0
2018,C0063,Controlling Blood Pressure,3.5
2018,C0064,Controlling Blood Pressure,3.5
2018,C0065,Controlling Blood Pressure,3.5
2018,C0066,Controlling Blood Pressure,3.5
2018,C0067,Controlling Blood Pressure,4.0
2018,C0068,Controlling Blood Pressure,4.0
2018,C0069,Controlling Blood Pressure,3.5
2018,C0070,Controlling Blood Pressure,3.5
2018,C0071,Controlling Blood Pressure,4.0
2018,C0072,Controlling Blood Pressure,3.5
2018,C0073,Controlling Blood Pressure,3.5
2018,C0074,Controlling Blood Pressure,3.5
2018,C0075,Controlling Blood Pressure,3.5
2018,C0076,Controlling Blood Pressure,4.0
2018,C0077,Controlling Blood Pressure,3.5
2018,C0078,Controlling Blood Pressure,4.0
2018,C0079,Controlling Blood Pressure,3.5
2018,C0080,Controlling Blood Pressure,3.5
2018,C0081,Controlling Blood Pressure,3.5
2018,C0082,Controlling Blood Pressure,3.5
2018,C0083,Controlling Blood Pressure,3.5
2018,C0084,Controlling Blood Pressure,3.5
2018,C0085,Controlling Blood Pressure,3.5
2018,C0086,Controlling Blood Pressure,3.5
2018,C0087,Controlling Blood Pressure,4.0
2018,C0088,Controlling Blood Pressure,3.5
2018,C0089,Controlling Blood Pressure,4.0
2018,C0090,Controlling Blood Pressure,4.0
2018,C0091,Controlling Blood Pressure,4.0
2018,C0092,Controlling Blood Pressure,4.0
2018,C0093,Controlling Blood Pressure,4.0
2018,C0094,Controlling Blood Pressure,3.5
2018,C0095,Controlling Blood Pressure,3.5
2018,C0096,Controlling Blood Pressure,3.5
2018,C0097,Controlling Blood Pressure,4.0
2018,C0098,Controlling Blood Pressure,3.5
2018,C0099,Controlling Blood Pressure,3.5
2018,C0100,Controlling Blood Pressure,3.5
2018,C0101,Controlling Blood Pressure,3.5
2018,C0102,Controlling Blood Pressure,3.5
2018,C0103,Controlling Blood Pressure,4.0
2018,C0104,Controlling Blood Pressure,4.0
2018,C0105,Controlling Blood Pressure,3.5
2018,C0106,Controlling Blood Pressure,4.0
2018,C0107,Controlling Blood Pressure,3.5
2018,C0108,Controlling Blood Pressure,4.0
2018,C0109,Controlling Blood Pressure,4.0
2018,C0110,Controlling Blood Pressure,4.0
2018,C0111,Controlling Blood Pressure,3.5
2018,C0112,Controlling Blood Pressure,4.0
2018,C0113,Controlling Blood Pressure,3.5
2018,C0114,Controlling Blood Pressure,4.0
2018,C0115,Controlling Blood Pressure,4.0
2018,C0116,Controlling Blood Pressure,3.5
2018,C0117,Controlling Blood Pressure,4.0
2018,C0118,Controlling Blood Pressure,3.5
2018,C0119,Controlling Blood Pressure,4.0
2018,C0120,Controlling Blood Pressure,4.0
2018,C0121,Controlling Blood Pressure,3.5
2018,C0122,Controlling Blood Pressure,4.0
2018,C0123,Controlling Blood Pressure,4.0
2018,C0124,Controlling Blood Pressure,3.5
2018,C0125,Controlling Blood Pressure,4.0
2018,C0126,Controlling Blood Pressure,4.0
2018,C0127,Controlling Blood Pressure,4.0
2018,C0128,Controlling Blood Pressure,4.0
2018,C0129,Controlling Blood Pressure,3.5
2018,C0130,Controlling Blood Pressure,4.0
2018,C0131,Controlling Blood Pressure,4.0
2018,C0132,Controlling Blood Pressure,3.5
2018,C0133,Controlling Blood Pressure,3.5
2018,C0134,Controlling Blood Pressure,3.5
2018,C0135,Controlling Blood Pressure,4.0
2018,C0136,Controlling Blood Pressure,4.0
2018,C0137,Controlling Blood Pressure,3.5
2018,C0138,Controlling Blood Pressure,3.5
2018,C0139,Controlling Blood Pressure,3.5
2018,C0140,Controlling Blood Pressure,3.5
2018,C0141,Controlling Blood Pressure,3.5
2018,C0142,Controlling Blood Pressure,3.5
2018,C0143,Controlling Blood Pressure,3.5
2018,C0144,Controlling Blood Pressure,3.5
2018,C0145,Controlling Blood Pressure,4.0
2018,C0146,Controlling Blood Pressure,3.5
2018,C0147,Controlling Blood Pressure,3.5
2018,C0148,Controlling Blood Pressure,4.0
2018,C0149,Controlling Blood Pressure,4.0
2018,C0150,Controlling Blood Pressure,4.0
2018,C0151,Controlling Blood Pressure,3.5
2018,C0152,Controlling Blood Pressure,3.5
2018,C0153,Controlling Blood Pressure,4.0
2018,C0154,Controlling Blood Pressure,4.0
2018,C0155,Controlling Blood Pressure,4.0
2018,C0156,Controlling Blood Pressure,4.0
2018,C0157,Controlling Blood Pressure,4.0
2018,C0158,Controlling Blood Pressure,4.0
2018,C0159,Controlling Blood Pressure,3.5
2018,C0160,Controlling Blood Pressure,4.0
2018,C0161,Controlling Blood Pressure,3.5
2018,C0162,Controlling Blood Pressure,3.5
2018,C0163,Controlling Blood Pressure,3.5
2018,C0164,Controlling Blood Pressure,3.5
2018,C0165,Controlling Blood Pressure,3.5
2018,C0166,Controlling Blood Pressure,4.0
2018,C0167,Controlling Blood Pressure,4.0
2018,C0168,Controlling Blood Pressure,4.0
2018,C0169,Controlling Blood Pressure,4.0
2018,C0170,Controlling Blood Pressure,3.5
2018,C0171,Controlling Blood Pressure,4.0
2018,C0172,Controlling Blood Pressure,4.0
2018,C0173,Controlling Blood Pressure,4.0
2018,C0174,Controlling Blood Pressure,4.0
2018,C0175,Controlling Blood Pressure,3.5
2018,C0176,Controlling Blood Pressure,4.0
2018,C0177,Controlling Blood Pressure,3.5
2018,C0178,Controlling Blood Pressure,3.5
2018,C0179,Controlling Blood Pressure,4.0
2018,C0180,Controlling Blood Pressure,3.5
2018,C0181,Controlling Blood Pressure,4.0
2018,C0182,Controlling Blood Pressure,4.0
2018,C0183,Controlling Blood Pressure,4.0
2018,C0184,Controlling Blood Pressure,3.5
2018,C0185,Controlling Blood Pressure,4.0
2018,C0186,Controlling Blood Pressure,4.0
2018,C0187,Controlling Blood Pressure,3.5
2018,C0188,Controlling Blood Pressure,4.0
2018,C0189,Controlling Blood Pressure,4.0
2018,C0190,Controlling Blood Pressure,4.0
2018,C0191,Controlling Blood Pressure,3.5
2018,C0192,Controlling Blood Pressure,3.5
2018,C0193,Controlling Blood Pressure,4.0
2018,C0194,Controlling Blood Pressure,3.5
2018,C0195,Controlling Blood Pressure,4.0
2018,C0196,Controlling Blood Pressure,3.5
2018,C0197,Controlling Blood Pressure,4.0
2018,C0198,Controlling Blood Pressure,3.5
2018,C0199,Controlling Blood Pressure,4.0
2018,C0200,Controlling Blood Pressure,3.5
2018,C0201,Controlling Blood Pressure,4.0
2018,C0202,Controlling Blood Pressure,4.0
2018,C0203,Controlling Blood Pressure,4.0
2018,C0204,Controlling Blood Pressure,3.5
2018,C0205,Controlling Blood Pressure,3.5
2018,C0206,Controlling Blood Pressure,3.5
2018,C0207,Controlling Blood Pressure,3.5
2018,C0208,Controlling Blood Pressure,3.5
2018,C0209,Controlling Blood Pressure,3.5
2018,C0210,Controlling Blood Pressure,3.5
2018,C0211,Controlling Blood Pressure,3.5
2018,C0212,Controlling Blood Pressure,4.0
2018,C0213,Controlling Blood Pressure,4.0
2018,C0214,Controlling Blood Pressure,4.0
2018,C0215,Controlling Blood Pressure,3.5
2018,C0216,Controlling Blood Pressure,3.5
2018,C0217,Controlling Blood Pressure,3.5
2018,C0218,Controlling Blood Pressure,3.5
2018,C0219,Controlling Blood Pressure,3.5
2018,C0220,Controlling Blood Pressure,4.0
2018,C0221,Controlling Blood Pressure,4.0
2018,C0222,Controlling Blood Pressure,4.0
2018,C0223,Controlling Blood Pressure,3.5
2018,C0224,Controlling Blood Pressure,3.5
2018,C0225,Controlling Blood Pressure,4.0
2018,C0226,Controlling Blood Pressure,3.5
2018,C0227,Controlling Blood Pressure,3.5
2018,C0228,Controlling Blood Pressure,4.0
2018,C0229,Controlling Blood Pressure,3.5
2018,C0230,Controlling Blood Pressure,3.5
2018,C0231,Controlling Blood Pressure,3.5
2018,C0232,Controlling Blood Pressure,4.0
2018,C0233,Controlling Blood Pressure,3.5
2018,C0234,Controlling Blood Pressure,4.0
2018,C0235,Controlling Blood Pressure,3.5
2018,C0236,Controlling Blood Pressure,4.0
2018,C0237,Controlling Blood Pressure,4.0
2018,C0238,Controlling Blood Pressure,3.5
2018,C0239,Controlling Blood Pressure,3.5
2018,C0240,Controlling Blood Pressure,4.0
2018,C0241,Controlling Blood Pressure,3.5
2018,C0242,Controlling Blood Pressure,4.0
2018,C0243,Controlling Blood Pressure,3.5
2018,C0244,Controlling Blood Pressure,3.5
2018,C0245,Controlling Blood Pressure,3.5
2018,C0246,Controlling Blood Pressure,3.5
2018,C0247,Controlling Blood Pressure,4.0
2018,C0248,Controlling Blood Pressure,4.0
2018,C0249,Controlling Blood Pressure,4.0
2018,C0250,Controlling Blood Pressure,3.5
2019,C0001,Breast Cancer Screening,4.0
2019,C0002,Breast Cancer Screening,4.0
2019,C0003,Breast Cancer Screening,3.5
2019,C0004,Breast Cancer Screening,3.5
2019,C0005,Breast Cancer Screening,3.5
2019,C0006,Breast Cancer Screening,3.5
2019,C0007,Breast Cancer Screening,4.0
2019,C0008,Breast Cancer Screening,4.0
2019,C0009,Breast Cancer Screening,3.5
2019,C0010,Breast Cancer Screening,3.5
2019,C0011,Breast Cancer Screening,3.5
2019,C0012,Breast Cancer Screening,3.5
2019,C0013,Breast Cancer Screening,3.5
2019,C0014,Breast Cancer Screening,4.0
2019,C0015,Breast Cancer Screening,3.5
2019,C0016,Breast Cancer Screening,3.5
2019,C0017,Breast Cancer Screening,4.0
2019,C0018,Breast Cancer Screening,4.0
2019,C0019,Breast Cancer Screening,3.5
2019,C0020,Breast Cancer Screening,4.0
2019,C0021,Breast Cancer Screening,3.5
2019,C0022,Breast Cancer Screening,4.0
2019,C0023,Breast Cancer Screening,3.5
2019,C0024,Breast Cancer Screening,4.0
2019,C0025,Breast Cancer Screening,3.5
2019,C0026,Breast Cancer Screening,4.0
2019,C0027,Breast Cancer Screening,3.5
2019,C0028,Breast Cancer Screening,3.5
2019,C0029,Breast Cancer Screening,3.5
2019,C0030,Breast Cancer Screening,4.0
2019,C0031,Breast Cancer Screening,4.0
2019,C0032,Breast Cancer Screening,3.5
2019,C0033,Breast Cancer Screening,3.5
2019,C0034,Breast Cancer Screening,4.0
2019,C0035,Breast Cancer Screening,4.0
2019,C0036,Breast Cancer Screening,4.0
2019,C0037,Breast Cancer Screening,4.0
2019,C0038,Breast Cancer Screening,4.0
2019,C0039,Breast Cancer Screening,4.0
2019,C0040,Breast Cancer Screening,3.5
2019,C0041,Breast Cancer Screening,4.0
2019,C0042,Breast Cancer Screening,4.0
2019,C0043,Breast Cancer Screening,4.0
2019,C0044,Breast Cancer Screening,4.0
2019,C0045,Breast Cancer Screening,4.0
2019,C0046,Breast Cancer Screening,3.5
2019,C0047,Breast Cancer Screening,4.0
2019,C0048,Breast Cancer Screening,4.0
2019,C0049,Breast Cancer Screening,4.0
2019,C0050,Breast Cancer Screening,4.0
2019,C0051,Breast Cancer Screening,4.0
2019,C0052,Breast Cancer Screening,4.0
2019,C0053,Breast Cancer Screening,4.0
2019,C0054,Breast Cancer Screening,3.5
2019,C0055,Breast Cancer Screening,4.0
2019,C0056,Breast Cancer Screening,3.5
2019,C0057,Breast Cancer Screening,4.0
2019,C0058,Breast Cancer Screening,4.0
2019,C0059,Breast Cancer Screening,4.0
2019,C0060,Breast Cancer Screening,3.5
2019,C0061,Breast Cancer Screening,3.5
2019,C0062,Breast Cancer Screening,4.0
2019,C0063,Breast Cancer Screening,3.5
2019,C0064,Breast Cancer Screening,4.0
2019,C0065,Breast Cancer Screening,4.0
2019,C0066,Breast Cancer Screening,4.0
2019,C0067,Breast Cancer Screening,3.5
2019,C0068,Breast Cancer Screening,4.0
2019,C0069,Breast Cancer Screening,4.0
2019,C0070,Breast Cancer Screening,3.5
2019,C0071,Breast Cancer Screening,3.5
2019,C0072,Breast Cancer Screening,3.5
2019,C0073,Breast Cancer Screening,3.5
2019,C0074,Breast Cancer Screening,3.5
2019,C0075,Breast Cancer Screening,4.0
2019,C0076,Breast Cancer Screening,4.0
2019,C0077,Breast Cancer Screening,4.0
2019,C0078,Breast Cancer Screening,4.0
2019,C0079,Breast Cancer Screening,4.0
2019,C0080,Breast Cancer Screening,3.5
2019,C0081,Breast Cancer Screening,3.5
2019,C0082,Breast Cancer Screening,3.5
2019,C0083,Breast Cancer Screening,4.0
2019,C0084,Breast Cancer Screening,4.0
2019,C0085,Breast Cancer Screening,4.0
2019,C0086,Breast Cancer Screening,4.0
2019,C0087,Breast Cancer Screening,4.0
2019,C0088,Breast Cancer Screening,3.5
2019,C0089,Breast Cancer Screening,3.5
2019,C0090,Breast Cancer Screening,4.0
2019,C0091,Breast Cancer Screening,3.5
2019,C0092,Breast Cancer Screening,3.5
2019,C0093,Breast Cancer Screening,3.5
2019,C0094,Breast Cancer Screening,4.0
2019,C0095,Breast Cancer Screening,4.0
2019,C0096,Breast Cancer Screening,3.5
2019,C0097,Breast Cancer Screening,3.5
2019,C0098,Breast Cancer Screening,3.5
2019,C0099,Breast Cancer Screening,4.0
2019,C0100,Breast Cancer Screening,4.0
2019,C0101,Breast Cancer Screening,3.5
2019,C0102,Breast Cancer Screening,4.0
2019,C0103,Breast Cancer Screening,3.5
2019,C0104,Breast Cancer Screening,3.5
2019,C0105,Breast Cancer Screening,4.0
2019,C0106,Breast Cancer Screening,4.0
2019,C0107,Breast Cancer Screening,4.0
2019,C0108,Breast Cancer Screening,3.5
2019,C0109,Breast Cancer Screening,4.0
2019,C0110,Breast Cancer Screening,3.5
2019,C0111,Breast Cancer Screening,3.5
2019,C0112,Breast Cancer Screening,4.0
2019,C0113,Breast Cancer Screening,4.0
2019,C0114,Breast Cancer Screening,3.5
2019,C0115,Breast Cancer Screening,4.0
2019,C0116,Breast Cancer Screening,3.5
2019,C0117,Breast Cancer Screening,4.0
2019,C0118,Breast Cancer Screening,4.0
2019,C0119,Breast Cancer Screening,4.0
2019,C0120,Breast Cancer Screening,3.5
2019,C0121,Breast Cancer Screening,3.5
2019,C0122,Breast Cancer Screening,4.0
2019,C0123,Breast Cancer Screening,3.5
2019,C0124,Breast Cancer Screening,3.5
2019,C0125,Breast Cancer Screening,4.0
2019,C0126,Breast Cancer Screening,4.0
2019,C0127,Breast Cancer Screening,4.0
2019,C0128,Breast Cancer Screening,4.0
2019,C0129,Breast Cancer Screening,4.0
2019,C0130,Breast Cancer Screening,4.0
2019,C0131,Breast Cancer Screening,3.5
2019,C0132,Breast Cancer Screening,3.5
2019,C0133,Breast Cancer Screening,4.0
2019,C0134,Breast Cancer Screening,3.5
2019,C0135,Breast Cancer Screening,4.0
2019,C0136,Breast Cancer Screening,4.0
2019,C0137,Breast Cancer Screening,3.5
2019,C0138,Breast Cancer Screening,3.5
2019,C0139,Breast Cancer Screening,4.0
2019,C0140,Breast Cancer Screening,4.0
2019,C0141,Breast Cancer Screening,3.5
2019,C0142,Breast Cancer Screening,4.0
2019,C0143,Breast Cancer Screening,4.0
2019,C0144,Breast Cancer Screening,4.0
2019,C0145,Breast Cancer Screening,3.5
2019,C0146,Breast Cancer Screening,4.0
2019,C0147,Breast Cancer Screening,4.0
2019,C0148,Breast Cancer Screening,4.0
2019,C0149,Breast Cancer Screening,3.5
2019,C0150,Breast Cancer Screening,3.5
2019,C0151,Breast Cancer Screening,3.5
2019,C0152,Breast Cancer Screening,4.0
2019,C0153,Breast Cancer Screening,3.5
2019,C0154,Breast Cancer Screening,4.0
2019,C0155,Breast Cancer Screening,4.0
2019,C0156,Breast Cancer Screening,3.5
2019,C0157,Breast Cancer Screening,3.5
2019,C0158,Breast Cancer Screening,4.0
2019,C0159,Breast Cancer Screening,4.0
2019,C0160,Breast Cancer Screening,4.0
2019,C0161,Breast Cancer Screening,3.5
2019,C0162,Breast Cancer Screening,3.5
2019,C0163,Breast Cancer Screening,3.5
2019,C0164,Breast Cancer Screening,4.0
2019,C0165,Breast Cancer Screening,4.0
2019,C0166,Breast Cancer Screening,4.0
2019,C0167,Breast Cancer Screening,4.0
2019,C0168,Breast Cancer Screening,4.0
2019,C0169,Breast Cancer Screening,3.5
2019,C0170,Breast Cancer Screening,3.5
2019,C0171,Breast Cancer Screening,3.5
2019,C0172,Breast Cancer Screening,4.0
2019,C0173,Breast Cancer Screening,4.0
2019,C0174,Breast Cancer Screening,3.5
2019,C0175,Breast Cancer Screening,4.0
2019,C0176,Breast Cancer Screening,4.0
2019,C0177,Breast Cancer Screening,4.0
2019,C0178,Breast Cancer Screening,3.5
2019,C0179,Breast Cancer Screening,3.5
2019,C0180,Breast Cancer Screening,4.0
2019,C0181,Breast Cancer Screening,3.5
2019,C0182,Breast Cancer Screening,4.0
2019,C0183,Breast Cancer Screening,4.0
2019,C0184,Breast Cancer Screening,3.5
2019,C0185,Breast Cancer Screening,3.5
2019,C0186,Breast Cancer Screening,3.5
2019,C0187,Breast Cancer Screening,3.5
2019,C0188,Breast Cancer Screening,4.0
2019,C0189,Breast Cancer Screening,4.0
2019,C0190,Breast Cancer Screening,4.0
2019,C0191,Breast Cancer Screening,3.5
2019,C0192,Breast Cancer Screening,3.5
2019,C0193,Breast Cancer Screening,4.0
2019,C0194,Breast Cancer Screening,4.0
2019,C0195,Breast Cancer Screening,4.0
2019,C0196,Breast Cancer Screening,3.5
2019,C0197,Breast Cancer Screening,4.0
2019,C0198,Breast Cancer Screening,4.0
2019,C0199,Breast Cancer Screening,3.5
2019,C0200,Breast Cancer Screening,3.5
2019,C0201,Breast Cancer Screening,3.5
2019,C0202,Breast Cancer Screening,4.0
2019,C0203,Breast Cancer Screening,4.0
2019,C0204,Breast Cancer Screening,4.0
2019,C0205,Breast Cancer Screening,3.5
2019,C0206,Breast Cancer Screening,4.0
2019,C0207,Breast Cancer Screening,4.0
2019,C0208,Breast Cancer Screening,3.5
2019,C0209,Breast Cancer Screening,3.5
2019,C0210,Breast Cancer Screening,4.0
2019,C0211,Breast Cancer Screening,4.0
2019,C0212,Breast Cancer Screening,4.0
2019,C0213,Breast Cancer Screening,4.0
2019,C0214,Breast Cancer Screening,4.0
2019,C0215,Breast Cancer Screening,4.0
2019,C0216,Breast Cancer Screening,4.0
2019,C0217,Breast Cancer Screening,4.0
2019,C0218,Breast Cancer Screening,4.0
2019,C0219,Breast Cancer Screening,4.0
2019,C0220,Breast Cancer Screening,3.5
2019,C0221,Breast Cancer Screening,3.5
2019,C0222,Breast Cancer Screening,3.5
2019,C0223,Breast Cancer Screening,3.5
2019,C0224,Breast Cancer Screening,4.0
2019,C0225,Breast Cancer Screening,4.0
2019,C0226,Breast Cancer Screening,3.5
2019,C0227,Breast Cancer Screening,4.0
2019,C0228,Breast Cancer Screening,3.5
2019,C0229,Breast Cancer Screening,4.0
2019,C0230,Breast Cancer Screening,4.0
2019,C0231,Breast Cancer Screening,4.0
2019,C0232,Breast Cancer Screening,4.0
2019,C0233,Breast Cancer Screening,4.0
2019,C0234,Breast Cancer Screening,4.0
2019,C0235,Breast Cancer Screening,4.0
2019,C0236,Breast Cancer Screening,4.0
2019,C0237,Breast Cancer Screening,3.5
2019,C0238,Breast Cancer Screening,3.5
2019,C0239,Breast Cancer Screening,3.5
2019,C0240,Breast Cancer Screening,3.5
2019,C0241,Breast Cancer Screening,4.0
2019,C0242,Breast Cancer Screening,4.0
2019,C0243,Breast Cancer Screening,3.5
2019,C0244,Breast Cancer Screening,4.0
2019,C0245,Breast Cancer Screening,3.5
2019,C0246,Breast Cancer Screening,3.5
2019,C0247,Breast Cancer Screening,3.5
2019,C0248,Breast Cancer Screening,4.0
2019,C0249,Breast Cancer Screening,3.5
2019,C0250,Breast Cancer Screening,4.0
2019,C0001,Medication Reconciliation,3.5
2019,C0002,Medication Reconciliation,3.5
2019,C0003,Medication Reconciliation,3.5
2019,C0004,Medication Reconciliation,3.5
2019,C0005,Medication Reconciliation,3.5
2019,C0006,Medication Reconciliation,3.5
2019,C0007,Medication Reconciliation,3.0
2019,C0008,Medication Reconciliation,3.5
2019,C0009,Medication Reconciliation,3.5
2019,C0010,Medication Reconciliation,3.5
2019,C0011,Medication Reconciliation,3.5
2019,C0012,Medication Reconciliation,3.5
2019,C0013,Medication Reconciliation,3.0
2019,C0014,Medication Reconciliation,3.5
2019,C0015,Medication Reconciliation,3.0
2019,C0016,Medication Reconciliation,3.0
2019,C0017,Medication Reconciliation,3.5
2019,C0018,Medication Reconciliation,3.5
2019,C0019,Medication Reconciliation,3.5
2019,C0020,Medication Reconciliation,3.5
2019,C0021,Medication Reconciliation,3.5
2019,C0022,Medication Reconciliation,3.5
2019,C0023,Medication Reconciliation,3.5
2019,C0024,Medication Reconciliation,3.5
2019,C0025,Medication Reconciliation,3.5
2019,C0026,Medication Reconciliation,3.0
2019,C0027,Medication Reconciliation,3.5
2019,C0028,Medication Reconciliation,3.0
2019,C0029,Medication Reconciliation,3.0
2019,C0030,Medication Reconciliation,3.5
2019,C0031,Medication Reconciliation,3.0
2019,C0032,Medication Reconciliation,3.5
2019,C0033,Medication Reconciliation,3.5
2019,C0034,Medication Reconciliation,3.5
2019,C0035,Medication Reconciliation,3.0
2019,C0036,Medication Reconciliation,3.5
2019,C0037,Medication Reconciliation,3.5
2019,C0038,Medication Reconciliation,3.5
2019,C0039,Medication Reconciliation,3.5
2019,C0040,Medication Reconciliation,3.5
2019,C0041,Medication Reconciliation,3.0
2019,C0042,Medication Reconciliation,3.0
2019,C0043,Medication Reconciliation,3.5
2019,C0044,Medication Reconciliation,3.0
2019,C0045,Medication Reconciliation,3.5
2019,C0046,Medication Reconciliation,3.5
2019,C0047,Medication Reconciliation,3.0
2019,C0048,Medication Reconciliation,3.5
2019,C0049,Medication Reconciliation,3.5
2019,C0050,Medication Reconciliation,3.0
2019,C0051,Medication Reconciliation,3.5
2019,C0052,Medication Reconciliation,3.5
2019,C0053,Medication Reconciliation,3.0
2019,C0054,Medication Reconciliation,3.5
2019,C0055,Medication Reconciliation,3.5
2019,C0056,Medication Reconciliation,3.0
2019,C0057,Medication Reconciliation,3.5
2019,C0058,Medication Reconciliation,3.5
2019,C0059,Medication Reconciliation,3.5
2019,C0060,Medication Reconciliation,3.5
2019,C0061,Medication Reconciliation,3.5
2019,C0062,Medication Reconciliation,3.5
2019,C0063,Medication Reconciliation,3.5
2019,C0064,Medication Reconciliation,3.5
2019,C0065,Medication Reconciliation,3.5
2019,C0066,Medication Reconciliation,3.5
2019,C0067,Medication Reconciliation,3.5
2019,C0068,Medication Reconciliation,3.0
2019,C0069,Medication Reconciliation,3.5
2019,C0070,Medication Reconciliation,3.5
2019,C0071,Medication Reconciliation,3.5
2019,C0072,Medication Reconciliation,3.0
2019,C0073,Medication Reconciliation,3.5
2019,C0074,Medication Reconciliation,3.0
2019,C0075,Medication Reconciliation,3.5
2019,C0076,Medication Reconciliation,3.5
2019,C0077,Medication Reconciliation,3.0
2019,C0078,Medication Reconciliation,3.5
2019,C0079,Medication Reconciliation,3.5
2019,C0080,Medication Reconciliation,3.0
2019,C0081,Medication Reconciliation,3.5
2019,C0082,Medication Reconciliation,3.0
2019,C0083,Medication Reconciliation,3.5
2019,C0084,Medication Reconciliation,3.0
2019,C0085,Medication Reconciliation,3.5
2019,C0086,Medication Reconciliation,3.5
2019,C0087,Medication Reconciliation,3.5
2019,C0088,Medication Reconciliation,3.0
2019,C0089,Medication Reconciliation,3.5
2019,C0090,Medication Reconciliation,3.5
2019,C0091,Medication Reconciliation,3.5
2019,C0092,Medication Reconciliation,3.5
2019,C0093,Medication Reconciliation,3.5
2019,C0094,Medication Reconciliation,3.0
2019,C0095,Medication Reconciliation,3.5
2019,C0096,Medication Reconciliation,3.5
2019,C0097,Medication Reconciliation,3.5
2019,C0098,Medication Reconciliation,3.5
2019,C0099,Medication Reconciliation,3.5
2019,C0100,Medication Reconciliation,3.0
2019,C0101,Medication Reconciliation,3.5
2019,C0102,Medication Reconciliation,3.0
2019,C0103,Medication Reconciliation,3.5
2019,C0104,Medication Reconciliation,3.0
2019,C0105,Medication Reconciliation,3.5
2019,C0106,Medication Reconciliation,3.0
2019,C0107,Medication Reconciliation,3.0
2019,C0108,Medication Reconciliation,3.0
2019,C0109,Medication Reconciliation,3.0
2019,C0110,Medication Reconciliation,3.0
2019,C0111,Medication Reconciliation,3.0
2019,C0112,Medication Reconciliation,3.5
2019,C0113,Medication Reconciliation,3.0
2019,C0114,Medication Reconciliation,3.5
2019,C0115,Medication Reconciliation,3.5
2019,C0116,Medication Reconciliation,3.0
2019,C0117,Medication Reconciliation,3.5
2019,C0118,Medication Reconciliation,3.0
2019,C0119,Medication Reconciliation,3.5
2019,C0120,Medication Reconciliation,3.5
2019,C0121,Medication Reconciliation,3.0
2019,C0122,Medication Reconciliation,3.5
2019,C0123,Medication Reconciliation,3.5
2019,C0124,Medication Reconciliation,3.5
2019,C0125,Medication Reconciliation,3.5
2019,C0126,Medication Reconciliation,3.0
2019,C0127,Medication Reconciliation,3.0
2019,C0128,Medication Reconciliation,3.5
2019,C0129,Medication Reconciliation,3.5
2019,C0130,Medication Reconciliation,3.0
2019,C0131,Medication Reconciliation,3.0
2019,C0132,Medication Reconciliation,3.0
2019,C0133,Medication Reconciliation,3.5
2019,C0134,Medication Reconciliation,3.5
2019,C0135,Medication Reconciliation,3.5
2019,C0136,Medication Reconciliation,3.0
2019,C0137,Medication Reconciliation,3.0
2019,C0138,Medication Reconciliation,3.0
2019,C0139,Medication Reconciliation,3.5
2019,C0140,Medication Reconciliation,3.5
2019,C0141,Medication Reconciliation,3.5
2019,C0142,Medication Reconciliation,3.5
2019,C0143,Medication Reconciliation,3.0
2019,C0144,Medication Reconciliation,3.5
2019,C0145,Medication Reconciliation,3.0
2019,C0146,Medication Reconciliation,3.5
2019,C0147,Medication Reconciliation,3.5
2019,C0148,Medication Reconciliation,3.0
2019,C0149,Medication Reconciliation,3.5
2019,C0150,Medication Reconciliation,3.5
2019,C0151,Medication Reconciliation,3.5
2019,C0152,Medication Reconciliation,3.5
2019,C0153,Medication Reconciliation,3.0
2019,C0154,Medication Reconciliation,3.5
2019,C0155,Medication Reconciliation,3.0
2019,C0156,Medication Reconciliation,3.5
2019,C0157,Medication Reconciliation,3.5
2019,C0158,Medication Reconciliation,3.0
2019,C0159,Medication Reconciliation,3.5
2019,C0160,Medication Reconciliation,3.5
2019,C0161,Medication Reconciliation,3.5
2019,C0162,Medication Reconciliation,3.5
2019,C0163,Medication Reconciliation,3.5
2019,C0164,Medication Reconciliation,3.0
2019,C0165,Medication Reconciliation,3.5
2019,C0166,Medication Reconciliation,3.0
2019,C0167,Medication Reconciliation,3.5
2019,C0168,Medication Reconciliation,3.0
2019,C0169,Medication Reconciliation,3.5
2019,C0170,Medication Reconciliation,3.5
2019,C0171,Medication Reconciliation,3.5
2019,C0172,Medication Reconciliation,3.5
2019,C0173,Medication Reconciliation,3.0
2019,C0174,Medication Reconciliation,3.5
2019,C0175,Medication Reconciliation,3.5
2019,C0176,Medication Reconciliation,3.0
2019,C0177,Medication Reconciliation,3.5
2019,C0178,Medication Reconciliation,3.5
2019,C0179,Medication Reconciliation,3.5
2019,C0180,Medication Reconciliation,3.0
2019,C0181,Medication Reconciliation,3.5
2019,C0182,Medication Reconciliation,3.0
2019,C0183,Medication Reconciliation,3.5
2019,C0184,Medication Reconciliation,3.0
2019,C0185,Medication Reconciliation,3.0
2019,C0186,Medication Reconciliation,3.5
2019,C0187,Medication Reconciliation,3.5
2019,C0188,Medication Reconciliation,3.5
2019,C0189,Medication Reconciliation,3.5
2019,C0190,Medication Reconciliation,3.5
2019,C0191,Medication Reconciliation,3.5
2019,C0192,Medication Reconciliation,3.5
2019,C0193,Medication Reconciliation,3.5
2019,C0194,Medication Reconciliation,3.5
2019,C0195,Medication Reconciliation,3.5
2019,C0196,Medication Reconciliation,3.5
2019,C0197,Medication Reconciliation,3.0
2019,C0198,Medication Reconciliation,3.5
2019,C0199,Medication Reconciliation,3.0
2019,C0200,Medication Reconciliation,3.5
2019,C0201,Medication Reconciliation,3.5
2019,C0202,Medication Reconciliation,3.5
2019,C0203,Medication Reconciliation,3.5
2019,C0204,Medication Reconciliation,3.5
2019,C0205,Medication Reconciliation,3.5
2019,C0206,Medication Reconciliation,3.0
2019,C0207,Medication Reconciliation,3.5
2019,C0208,Medication Reconciliation,3.0
2019,C0209,Medication Reconciliation,3.5
2019,C0210,Medication Reconciliation,3.5
2019,C0211,Medication Reconciliation,3.5
2019,C0212,Medication Reconciliation,3.0
2019,C0213,Medication Reconciliation,3.5
2019,C0214,Medication Reconciliation,3.0
2019,C0215,Medication Reconciliation,3.5
2019,C0216,Medication Reconciliation,3.0
2019,C0217,Medication Reconciliation,3.0
2019,C0218,Medication Reconciliation,3.5
2019,C0219,Medication Reconciliation,3.5
2019,C0220,Medication Reconciliation,3.0
2019,C0221,Medication Reconciliation,3.5
2019,C0222,Medication Reconciliation,3.5
2019,C0223,Medication Reconciliation,3.5
2019,C0224,Medication Reconciliation,3.5
2019,C0225,Medication Reconciliation,3.5
2019,C0226,Medication Reconciliation,3.0
2019,C0227,Medication Reconciliation,3.5
2019,C0228,Medication Reconciliation,3.5
2019,C0229,Medication Reconciliation,3.0
2019,C0230,Medication Reconciliation,3.5
2019,C0231,Medication Reconciliation,3.5
2019,C0232,Medication Reconciliation,3.0
2019,C0233,Medication Reconciliation,3.0
2019,C0234,Medication Reconciliation,3.5
2019,C0235,Medication Reconciliation,3.5
2019,C0236,Medication Reconciliation,3.5
2019,C0237,Medication Reconciliation,3.5
2019,C0238,Medication Reconciliation,3.0
2019,C0239,Medication Reconciliation,3.5
2019,C0240,Medication Reconciliation,3.5
2019,C0241,Medication Reconciliation,3.5
2019,C0242,Medication Reconciliation,3.0
2019,C0243,Medication Reconciliation,3.0
2019,C0244,Medication Reconciliation,3.5
2019,C0245,Medication Reconciliation,3.5
2019,C0246,Medication Reconciliation,3.5
2019,C0247,Medication Reconciliation,3.5
2019,C0248,Medication Reconciliation,3.5
2019,C0249,Medication Reconciliation,3.5
2019,C0250,Medication Reconciliation,3.0
2019,C0001,Plan All-Cause Readmissions,3.5
2019,C0002,Plan All-Cause Readmissions,3.5
2019,C0003,Plan All-Cause Readmissions,4.0
2019,C0004,Plan All-Cause Readmissions,4.0
2019,C0005,Plan All-Cause Readmissions,3.5
2019,C0006,Plan All-Cause Readmissions,4.0
2019,C0007,Plan All-Cause Readmissions,4.0
2019,C0008,Plan All-Cause Readmissions,3.5
2019,C0009,Plan All-Cause Readmissions,3.5
2019,C0010,Plan All-Cause Readmissions,3.5
2019,C0011,Plan All-Cause Readmissions,4.0
2019,C0012,Plan All-Cause Readmissions,4.0
2019,C0013,Plan All-Cause Readmissions,3.5
2019,C0014,Plan All-Cause Readmissions,4.0
2019,C0015,Plan All-Cause Readmissions,3.5
2019,C0016,Plan All-Cause Readmissions,4.0
2019,C0017,Plan All-Cause Readmissions,3.5
2019,C0018,Plan All-Cause Readmissions,3.5
2019,C0019,Plan All-Cause Readmissions,4.0
2019,C0020,Plan All-Cause Readmissions,4.0
2019,C0021,Plan All-Cause Readmissions,3.5
2019,C0022,Plan All-Cause Readmissions,3.5
2019,C0023,Plan All-Cause Readmissions,4.0
2019,C0024,Plan All-Cause Readmissions,4.0
2019,C0025,Plan All-Cause Readmissions,4.0
2019,C0026,Plan All-Cause Readmissions,4.0
2019,C0027,Plan All-Cause Readmissions,3.5
2019,C0028,Plan All-Cause Readmissions,4.0
2019,C0029,Plan All-Cause Readmissions,4.0
2019,C0030,Plan All-Cause Readmissions,3.5
2019,C0031,Plan All-Cause Readmissions,4.0
2019,C0032,Plan All-Cause Readmissions,4.0
2019,C0033,Plan All-Cause Readmissions,3.5
2019,C0034,Plan All-Cause Readmissions,4.0
2019,C0035,Plan All-Cause Readmissions,4.0
2019,C0036,Plan All-Cause Readmissions,4.0
2019,C0037,Plan All-Cause Readmissions,4.0
2019,C0038,Plan All-Cause Readmissions,4.0
2019,C0039,Plan All-Cause Readmissions,3.5
2019,C0040,Plan All-Cause Readmissions,4.0
2019,C0041,Plan All-Cause Readmissions,4.0
2019,C0042,Plan All-Cause Readmissions,3.5
2019,C0043,Plan All-Cause Readmissions,3.5
2019,C0044,Plan All-Cause Readmissions,4.0
2019,C0045,Plan All-Cause Readmissions,4.0
2019,C0046,Plan All-Cause Readmissions,4.0
2019,C0047,Plan All-Cause Readmissions,3.5
2019,C0048,Plan All-Cause Readmissions,4.0
2019,C0049,Plan All-Cause Readmissions,4.0
2019,C0050,Plan All-Cause Readmissions,4.0
2019,C0051,Plan All-Cause Readmissions,3.5
2019,C0052,Plan All-Cause Readmissions,4.0
2019,C0053,Plan All-Cause Readmissions,4.0
2019,C0054,Plan All-Cause Readmissions,3.5
2019,C0055,Plan All-Cause Readmissions,3.5
2019,C0056,Plan All-Cause Readmissions,3.5
2019,C0057,Plan All-Cause Readmissions,4.0
2019,C0058,Plan All-Cause Readmissions,4.0
2019,C0059,Plan All-Cause Readmissions,3.5
2019,C0060,Plan All-Cause Readmissions,4.0
2019,C0061,Plan All-Cause Readmissions,4.0
2019,C0062,Plan All-Cause Readmissions,4.0
2019,C0063,Plan All-Cause Readmissions,4.0
2019,C0064,Plan All-Cause Readmissions,4.0
2019,C0065,Plan All-Cause Readmissions,3.5
2019,C0066,Plan All-Cause Readmissions,4.0
2019,C0067,Plan All-Cause Readmissions,3.5
2019,C0068,Plan All-Cause Readmissions,3.5
2019,C0069,Plan All-Cause Readmissions,4.0
2019,C0070,Plan All-Cause Readmissions,4.0
2019,C0071,Plan All-Cause Readmissions,4.0
2019,C0072,Plan All-Cause Readmissions,4.0
2019,C0073,Plan All-Cause Readmissions,4.0
2019,C0074,Plan All-Cause Readmissions,4.0
2019,C0075,Plan All-Cause Readmissions,3.5
2019,C0076,Plan All-Cause Readmissions,3.5
2019,C0077,Plan All-Cause Readmissions,3.5
2019,C0078,Plan All-Cause Readmissions,4.0
2019,C0079,Plan All-Cause Readmissions,4.0
2019,C0080,Plan All-Cause Readmissions,4.0
2019,C0081,Plan All-Cause Readmissions,3.5
2019,C0082,Plan All-Cause Readmissions,4.0
2019,C0083,Plan All-Cause Readmissions,4.0
2019,C0084,Plan All-Cause Readmissions,3.5
2019,C0085,Plan All-Cause Readmissions,4.0
2019,C0086,Plan All-Cause Readmissions,4.0
2019,C0087,Plan All-Cause Readmissions,4.0
2019,C0088,Plan All-Cause Readmissions,3.5
2019,C0089,Plan All-Cause Readmissions,3.5
2019,C0090,Plan All-Cause Readmissions,4.0
2019,C0091,Plan All-Cause Readmissions,3.5
2019,C0092,Plan All-Cause Readmissions,4.0
2019,C0093,Plan All-Cause Readmissions,3.5
2019,C0094,Plan All-Cause Readmissions,3.5
2019,C0095,Plan All-Cause Readmissions,3.5
2019,C0096,Plan All-Cause Readmissions,4.0
2019,C0097,Plan All-Cause Readmissions,4.0
2019,C0098,Plan All-Cause Readmissions,3.5
2019,C0099,Plan All-Cause Readmissions,4.0
2019,C0100,Plan All-Cause Readmissions,3.5
2019,C0101,Plan All-Cause Readmissions,4.0
2019,C0102,Plan All-Cause Readmissions,3.5
2019,C0103,Plan All-Cause Readmissions,4.0
2019,C0104,Plan All-Cause Readmissions,4.0
2019,C0105,Plan All-Cause Readmissions,4.0
2019,C0106,Plan All-Cause Readmissions,4.0
2019,C0107,Plan All-Cause Readmissions,4.0
2019,C0108,Plan All-Cause Readmissions,3.5
2019,C0109,Plan All-Cause Readmissions,4.0
2019,C0110,Plan All-Cause Readmissions,4.0
2019,C0111,Plan All-Cause Readmissions,3.5
2019,C0112,Plan All-Cause Readmissions,4.0
2019,C0113,Plan All-Cause Readmissions,4.0
2019,C0114,Plan All-Cause Readmissions,3.5
2019,C0115,Plan All-Cause Readmissions,4.0
2019,C0116,Plan All-Cause Readmissions,4.0
2019,C0117,Plan All-Cause Readmissions,3.5
2019,C0118,Plan All-Cause Readmissions,4.0
2019,C0119,Plan All-Cause Readmissions,3.5
2019,C0120,Plan All-Cause Readmissions,3.5
2019,C0121,Plan All-Cause Readmissions,4.0
2019,C0122,Plan All-Cause Readmissions,4.0
2019,C0123,Plan All-Cause Readmissions,4.0
2019,C0124,Plan All-Cause Readmissions,4.0
2019,C0125,Plan All-Cause Readmissions,4.0
2019,C0126,Plan All-Cause Readmissions,4.0
2019,C0127,Plan All-Cause Readmissions,4.0
2019,C0128,Plan All-Cause Readmissions,4.0
2019,C0129,Plan All-Cause Readmissions,4.0
2019,C0130,Plan All-Cause Readmissions,4.0
2019,C0131,Plan All-Cause Readmissions,4.0
2019,C0132,Plan All-Cause Readmissions,4.0
2019,C0133,Plan All-Cause Readmissions,3.5
2019,C0134,Plan All-Cause Readmissions,3.5
2019,C0135,Plan All-Cause Readmissions,4.0
2019,C0136,Plan All-Cause Readmissions,3.5
2019,C0137,Plan All-Cause Readmissions,3.5
2019,C0138,Plan All-Cause Readmissions,4.0
2019,C0139,Plan All-Cause Readmissions,3.5
2019,C0140,Plan All-Cause Readmissions,3.5
2019,C0141,Plan All-Cause Readmissions,4.0
2019,C0142,Plan All-Cause Readmissions,3.5
2019,C0143,Plan All-Cause Readmissions,4.0
2019,C0144,Plan All-Cause Readmissions,3.5
2019,C0145,Plan All-Cause Readmissions,3.5
2019,C0146,Plan All-Cause Readmissions,4.0
2019,C0147,Plan All-Cause Readmissions,3.5
2019,C0148,Plan All-Cause Readmissions,3.5
2019,C0149,Plan All-Cause Readmissions,3.5
2019,C0150,Plan All-Cause Readmissions,3.5
2019,C0151,Plan All-Cause Readmissions,4.0
2019,C0152,Plan All-Cause Readmissions,4.0
2019,C0153,Plan All-Cause Readmissions,4.0
2019,C0154,Plan All-Cause Readmissions,4.0
2019,C0155,Plan All-Cause Readmissions,4.0
2019,C0156,Plan All-Cause Readmissions,3.5
2019,C0157,Plan All-Cause Readmissions,4.0
2019,C0158,Plan All-Cause Readmissions,3.5
2019,C0159,Plan All-Cause Readmissions,3.5
2019,C0160,Plan All-Cause Readmissions,3.5
2019,C0161,Plan All-Cause Readmissions,3.5
2019,C0162,Plan All-Cause Readmissions,4.0
2019,C0163,Plan All-Cause Readmissions,3.5
2019,C0164,Plan All-Cause Readmissions,4.0
2019,C0165,Plan All-Cause Readmissions,3.5
2019,C0166,Plan All-Cause Readmissions,3.5
2019,C0167,Plan All-Cause Readmissions,3.5
2019,C0168,Plan All-Cause Readmissions,3.5
2019,C0169,Plan All-Cause Readmissions,3.5
2019,C0170,Plan All-Cause Readmissions,3.5
2019,C0171,Plan All-Cause Readmissions,4.0
2019,C0172,Plan All-Cause Readmissions,4.0
2019,C0173,Plan All-Cause Readmissions,4.0
2019,C0174,Plan All-Cause Readmissions,4.0
2019,C0175,Plan All-Cause Readmissions,4.0
2019,C0176,Plan All-Cause Readmissions,3.5
2019,C0177,Plan All-Cause Readmissions,4.0
2019,C0178,Plan All-Cause Readmissions,3.5
2019,C0179,Plan All-Cause Readmissions,4.0
2019,C0180,Plan All-Cause Readmissions,4.0
2019,C0181,Plan All-Cause Readmissions,4.0
2019,C0182,Plan All-Cause Readmissions,4.0
2019,C0183,Plan All-Cause Readmissions,4.0
2019,C0184,Plan All-Cause Readmissions,3.5
2019,C0185,Plan All-Cause Readmissions,4.0
2019,C0186,Plan All-Cause Readmissions,4.0
2019,C0187,Plan All-Cause Readmissions,3.5
2019,C0188,Plan All-Cause Readmissions,4.0
2019,C0189,Plan All-Cause Readmissions,3.5
2019,C0190,Plan All-Cause Readmissions,4.0
2019,C0191,Plan All-Cause Readmissions,4.0
2019,C0192,Plan All-Cause Readmissions,3.5
2019,C0193,Plan All-Cause Readmissions,4.0
2019,C0194,Plan All-Cause Readmissions,3.5
2019,C0195,Plan All-Cause Readmissions,3.5
2019,C0196,Plan All-Cause Readmissions,4.0
2019,C0197,Plan All-Cause Readmissions,3.5
2019,C0198,Plan All-Cause Readmissions,4.0
2019,C0199,Plan All-Cause Readmissions,4.0
2019,C0200,Plan All-Cause Readmissions,3.5
2019,C0201,Plan All-Cause Readmissions,4.0
2019,C0202,Plan All-Cause Readmissions,4.0
2019,C0203,Plan All-Cause Readmissions,3.5
2019,C0204,Plan All-Cause Readmissions,3.5
2019,C0205,Plan All-Cause Readmissions,4.0
2019,C0206,Plan All-Cause Readmissions,4.0
2019,C0207,Plan All-Cause Readmissions,4.0
2019,C0208,Plan All-Cause Readmissions,3.5
2019,C0209,Plan All-Cause Readmissions,3.5
2019,C0210,Plan All-Cause Readmissions,4.0
2019,C0211,Plan All-Cause Readmissions,4.0
2019,C0212,Plan All-Cause Readmissions,4.0
2019,C0213,Plan All-Cause Readmissions,4.0
2019,C0214,Plan All-Cause Readmissions,4.0
2019,C0215,Plan All-Cause Readmissions,4.0
2019,C0216,Plan All-Cause Readmissions,4.0
2019,C0217,Plan All-Cause Readmissions,3.5
2019,C0218,Plan All-Cause Readmissions,3.5
2019,C0219,Plan All-Cause Readmissions,3.5
2019,C0220,Plan All-Cause Readmissions,3.5
2019,C0221,Plan All-Cause Readmissions,3.5
2019,C0222,Plan All-Cause Readmissions,4.0
2019,C0223,Plan All-Cause Readmissions,4.0
2019,C0224,Plan All-Cause Readmissions,4.0
2019,C0225,Plan All-Cause Readmissions,3.5
2019,C0226,Plan All-Cause Readmissions,3.5
2019,C0227,Plan All-Cause Readmissions,3.5
2019,C0228,Plan All-Cause Readmissions,4.0
2019,C0229,Plan All-Cause Readmissions,3.5
2019,C0230,Plan All-Cause Readmissions,3.5
2019,C0231,Plan All-Cause Readmissions,4.0
2019,C0232,Plan All-Cause Readmissions,4.0
2019,C0233,Plan All-Cause Readmissions,4.0
2019,C0234,Plan All-Cause Readmissions,4.0
2019,C0235,Plan All-Cause Readmissions,4.0
2019,C0236,Plan All-Cause Readmissions,4.0
2019,C0237,Plan All-Cause Readmissions,4.0
2019,C0238,Plan All-Cause Readmissions,3.5
2019,C0239,Plan All-Cause Readmissions,4.0
2019,C0240,Plan All-Cause Readmissions,3.5
2019,C0241,Plan All-Cause Readmissions,4.0
2019,C0242,Plan All-Cause Readmissions,3.5
2019,C0243,Plan All-Cause Readmissions,3.5
2019,C0244,Plan All-Cause Readmissions,4.0
2019,C0245,Plan All-Cause Readmissions,3.5
2019,C0246,Plan All-Cause Readmissions,3.5
2019,C0247,Plan All-Cause Readmissions,4.0
2019,C0248,Plan All-Cause Readmissions,4.0
2019,C0249,Plan All-Cause Readmissions,4.0
2019,C0250,Plan All-Cause Readmissions,3.5
2019,C0001,Controlling Blood Pressure,4.0
2019,C0002,Controlling Blood Pressure,3.5
2019,C0003,Controlling Blood Pressure,4.0
2019,C0004,Controlling Blood Pressure,3.5
2019,C0005,Controlling Blood Pressure,4.0
2019,C0006,Controlling Blood Pressure,4.0
2019,C0007,Controlling Blood Pressure,4.0
2019,C0008,Controlling Blood Pressure,4.0
2019,C0009,Controlling Blood Pressure,3.5
2019,C0010,Controlling Blood Pressure,4.0
2019,C0011,Controlling Blood Pressure,3.5
2019,C0012,Controlling Blood Pressure,3.5
2019,C0013,Controlling Blood Pressure,3.5
2019,C0014,Controlling Blood Pressure,3.5
2019,C0015,Controlling Blood Pressure,4.0
2019,C0016,Controlling Blood Pressure,3.5
2019,C0017,Controlling Blood Pressure,4.0
2019,C0018,Controlling Blood Pressure,3.5
2019,C0019,Controlling Blood Pressure,4.0
2019,C0020,Controlling Blood Pressure,4.0
2019,C0021,Controlling Blood Pressure,3.5
2019,C0022,Controlling Blood Pressure,3.5
2019,C0023,Controlling Blood Pressure,4.0
2019,C0024,Controlling Blood Pressure,3.5
2019,C0025,Controlling Blood Pressure,3.5
2019,C0026,Controlling Blood Pressure,3.5
2019,C0027,Controlling Blood Pressure,4.0
2019,C0028,Controlling Blood Pressure,3.5
2019,C0029,Controlling Blood Pressure,3.5
2019,C0030,Controlling Blood Pressure,4.0
2019,C0031,Controlling Blood Pressure,4.0
2019,C0032,Controlling Blood Pressure,4.0
2019,C0033,Controlling Blood Pressure,4.0
2019,C0034,Controlling Blood Pressure,4.0
2019,C0035,Controlling Blood Pressure,3.5
2019,C0036,Controlling Blood Pressure,3.5
2019,C0037,Controlling Blood Pressure,3.5
2019,C0038,Controlling Blood Pressure,3.5
2019,C0039,Controlling Blood Pressure,3.5
2019,C0040,Controlling Blood Pressure,4.0
2019,C0041,Controlling Blood Pressure,3.5
2019,C0042,Controlling Blood Pressure,3.5
2019,C0043,Controlling Blood Pressure,3.5
2019,C0044,Controlling Blood Pressure,4.0
2019,C0045,Controlling Blood Pressure,3.5
2019,C0046,Controlling Blood Pressure,4.0
2019,C0047,Controlling Blood Pressure,4.0
2019,C0048,Controlling Blood Pressure,3.5
2019,C0049,Controlling Blood Pressure,3.5
2019,C0050,Controlling Blood Pressure,4.0
2019,C0051,Controlling Blood Pressure,3.5
2019,C0052,Controlling Blood Pressure,4.0
2019,C0053,Controlling Blood Pressure,3.5
2019,C0054,Controlling Blood Pressure,3.5
2019,C0055,Controlling Blood Pressure,3.5
2019,C0056,Controlling Blood Pressure,3.5
2019,C0057,Controlling Blood Pressure,3.5
2019,C0058,Controlling Blood Pressure,3.5
2019,C0059,Controlling Blood Pressure,3.5
2019,C0060,Controlling Blood Pressure,4.0
2019,C0061,Controlling Blood Pressure,3.5
2019,C0062,Controlling Blood Pressure,4.0
2019,C0063,Controlling Blood Pressure,3.5
2019,C0064,Controlling Blood Pressure,4.0
2019,C0065,Controlling Blood Pressure,4.0
2019,C0066,Controlling Blood Pressure,3.5
2019,C0067,Controlling Blood Pressure,3.5
2019,C0068,Controlling Blood Pressure,3.5
2019,C0069,Controlling Blood Pressure,3.5
2019,C0070,Controlling Blood Pressure,3.5
2019,C0071,Controlling Blood Pressure,4.0
2019,C0072,Controlling Blood Pressure,4.0
2019,C0073,Controlling Blood Pressure,4.0
2019,C0074,Controlling Blood Pressure,3.5
2019,C0075,Controlling Blood Pressure,3.5
2019,C0076,Controlling Blood Pressure,3.5
2019,C0077,Controlling Blood Pressure,4.0
2019,C0078,Controlling Blood Pressure,3.5
2019,C0079,Controlling Blood Pressure,3.5
2019,C0080,Controlling Blood Pressure,3.5
2019,C0081,Controlling Blood Pressure,3.5
2019,C0082,Controlling Blood Pressure,3.5
2019,C0083,Controlling Blood Pressure,4.0
2019,C0084,Controlling Blood Pressure,3.5
2019,C0085,Controlling Blood Pressure,4.0
2019,C0086,Controlling Blood Pressure,4.0
2019,C0087,Controlling Blood Pressure,3.5
2019,C0088,Controlling Blood Pressure,3.5
2019,C0089,Controlling Blood Pressure,4.0
2019,C0090,Controlling Blood Pressure,3.5
2019,C0091,Controlling Blood Pressure,4.0
2019,C0092,Controlling Blood Pressure,3.5
2019,C0093,Controlling Blood Pressure,3.5
2019,C0094,Controlling Blood Pressure,4.0
2019,C0095,Controlling Blood Pressure,4.0
2019,C0096,Controlling Blood Pressure,3.5
2019,C0097,Controlling Blood Pressure,3.5
2019,C0098,Controlling Blood Pressure,3.5
2019,C0099,Controlling Blood Pressure,3.5
2019,C0100,Controlling Blood Pressure,3.5
2019,C0101,Controlling Blood Pressure,4.0
2019,C0102,Controlling Blood Pressure,4.0
2019,C0103,Controlling Blood Pressure,4.0
2019,C0104,Controlling Blood Pressure,4.0
2019,C0105,Controlling Blood Pressure,3.5
2019,C0106,Controlling Blood Pressure,3.5
2019,C0107,Controlling Blood Pressure,3.5
2019,C0108,Controlling Blood Pressure,3.5
2019,C0109,Controlling Blood Pressure,4.0
2019,C0110,Controlling Blood Pressure,4.0
2019,C0111,Controlling Blood Pressure,4.0
2019,C0112,Controlling Blood Pressure,4.0
2019,C0113,Controlling Blood Pressure,3.5
2019,C0114,Controlling Blood Pressure,3.5
2019,C0115,Controlling Blood Pressure,3.5
2019,C0116,Controlling Blood Pressure,3.5
2019,C0117,Controlling Blood Pressure,3.5
2019,C0118,Controlling Blood Pressure,3.5
2019,C0119,Controlling Blood Pressure,3.5
2019,C0120,Controlling Blood Pressure,3.5
2019,C0121,Controlling Blood Pressure,4.0
2019,C0122,Controlling Blood Pressure,3.5
2019,C0123,Controlling Blood Pressure,3.5
2019,C0124,Controlling Blood Pressure,3.5
2019,C0125,Controlling Blood Pressure,3.5
2019,C0126,Controlling Blood Pressure,4.0
2019,C0127,Controlling Blood Pressure,3.5
2019,C0128,Controlling Blood Pressure,4.0
2019,C0129,Controlling Blood Pressure,3.5
2019,C0130,Controlling Blood Pressure,4.0
2019,C0131,Controlling Blood Pressure,4.0
2019,C0132,Controlling Blood Pressure,3.5
2019,C0133,Controlling Blood Pressure,3.5
2019,C0134,Controlling Blood Pressure,3.5
2019,C0135,Controlling Blood Pressure,4.0
2019,C0136,Controlling Blood Pressure,3.5
2019,C0137,Controlling Blood Pressure,4.0
2019,C0138,Controlling Blood Pressure,4.0
2019,C0139,Controlling Blood Pressure,3.5
2019,C0140,Controlling Blood Pressure,3.5
2019,C0141,Controlling Blood Pressure,4.0
2019,C0142,Controlling Blood Pressure,3.5
2019,C0143,Controlling Blood Pressure,3.5
2019,C0144,Controlling Blood Pressure,4.0
2019,C0145,Controlling Blood Pressure,3.5
2019,C0146,Controlling Blood Pressure,3.5
2019,C0147,Controlling Blood Pressure,4.0
2019,C0148,Controlling Blood Pressure,3.5
2019,C0149,Controlling Blood Pressure,3.5
2019,C0150,Controlling Blood Pressure,3.5
2019,C0151,Controlling Blood Pressure,3.5
2019,C0152,Controlling Blood Pressure,4.0
2019,C0153,Controlling Blood Pressure,3.5
2019,C0154,Controlling Blood Pressure,3.5
2019,C0155,Controlling Blood Pressure,3.5
2019,C0156,Controlling Blood Pressure,4.0
2019,C0157,Controlling Blood Pressure,3.5
2019,C0158,Controlling Blood Pressure,3.5
2019,C0159,Controlling Blood Pressure,4.0
2019,C0160,Controlling Blood Pressure,4.0
2019,C0161,Controlling Blood Pressure,3.5
2019,C0162,Controlling Blood Pressure,3.5
2019,C0163,Controlling Blood Pressure,3.5
2019,C0164,Controlling Blood Pressure,3.5
2019,C0165,Controlling Blood Pressure,4.0
2019,C0166,Controlling Blood Pressure,3.5
2019,C0167,Controlling Blood Pressure,3.5
2019,C0168,Controlling Blood Pressure,3.5
2019,C0169,Controlling Blood Pressure,3.5
2019,C0170,Controlling Blood Pressure,4.0
2019,C0171,Controlling Blood Pressure,3.5
2019,C0172,Controlling Blood Pressure,3.5
2019,C0173,Controlling Blood Pressure,3.5
2019,C0174,Controlling Blood Pressure,3.5
2019,C0175,Controlling Blood Pressure,3.5
2019,C0176,Controlling Blood Pressure,4.0
2019,C0177,Controlling Blood Pressure,4.0
2019,C0178,Controlling Blood Pressure,3.5
2019,C0179,Controlling Blood Pressure,3.5
2019,C0180,Controlling Blood Pressure,4.0
2019,C0181,Controlling Blood Pressure,4.0
2019,C0182,Controlling Blood Pressure,3.5
2019,C0183,Controlling Blood Pressure,3.5
2019,C0184,Controlling Blood Pressure,3.5
2019,C0185,Controlling Blood Pressure,4.0
2019,C0186,Controlling Blood Pressure,4.0
2019,C0187,Controlling Blood Pressure,3.5
2019,C0188,Controlling Blood Pressure,4.0
2019,C0189,Controlling Blood Pressure,4.0
2019,C0190,Controlling Blood Pressure,4.0
2019,C0191,Controlling Blood Pressure,4.0
2019,C0192,Controlling Blood Pressure,3.5
2019,C0193,Controlling Blood Pressure,4.0
2019,C0194,Controlling Blood Pressure,3.5
2019,C0195,Controlling Blood Pressure,4.0
2019,C0196,Controlling Blood Pressure,3.5
2019,C0197,Controlling Blood Pressure,3.5
2019,C0198,Controlling Blood Pressure,4.0
2019,C0199,Controlling Blood Pressure,3.5
2019,C0200,Controlling Blood Pressure,3.5
2019,C0201,Controlling Blood Pressure,3.5
2019,C0202,Controlling Blood Pressure,3.5
2019,C0203,Controlling Blood Pressure,4.0
2019,C0204,Controlling Blood Pressure,3.5
2019,C0205,Controlling Blood Pressure,3.5
2019,C0206,Controlling Blood Pressure,3.5
2019,C0207,Controlling Blood Pressure,3.5
2019,C0208,Controlling Blood Pressure,3.5
2019,C0209,Controlling Blood Pressure,4.0
2019,C0210,Controlling Blood Pressure,3.5
2019,C0211,Controlling Blood Pressure,4.0
2019,C0212,Controlling Blood Pressure,3.5
2019,C0213,Controlling Blood Pressure,3.5
2019,C0214,Controlling Blood Pressure,3.5
2019,C0215,Controlling Blood Pressure,3.5
2019,C0216,Controlling Blood Pressure,4.0
2019,C0217,Controlling Blood Pressure,4.0
2019,C0218,Controlling Blood Pressure,4.0
2019,C0219,Controlling Blood Pressure,4.0
2019,C0220,Controlling Blood Pressure,4.0
2019,C0221,Controlling Blood Pressure,3.5
2019,C0222,Controlling Blood Pressure,3.5
2019,C0223,Controlling Blood Pressure,3.5
2019,C0224,Controlling Blood Pressure,3.5
2019,C0225,Controlling Blood Pressure,3.5
2019,C0226,Controlling Blood Pressure,4.0
2019,C0227,Controlling Blood Pressure,4.0
2019,C0228,Controlling Blood Pressure,3.5
2019,C0229,Controlling Blood Pressure,4.0
2019,C0230,Controlling Blood Pressure,4.0
2019,C0231,Controlling Blood Pressure,4.0
2019,C0232,Controlling Blood Pressure,4.0
2019,C0233,Controlling Blood Pressure,3.5
2019,C0234,Controlling Blood Pressure,3.5
2019,C0235,Controlling Blood Pressure,3.5
2019,C0236,Controlling Blood Pressure,3.5
2019,C0237,Controlling Blood Pressure,4.0
2019,C0238,Controlling Blood Pressure,3.5
2019,C0239,Controlling Blood Pressure,4.0
2019,C0240,Controlling Blood Pressure,3.5
2019,C0241,Controlling Blood Pressure,3.5
2019,C0242,Controlling Blood Pressure,4.0
2019,C0243,Controlling Blood Pressure,4.0
2019,C0244,Controlling Blood Pressure,3.5
2019,C0245,Controlling Blood Pressure,3.5
2019,C0246,Controlling Blood Pressure,3.5
2019,C0247,Controlling Blood Pressure,4.0
2019,C0248,Controlling Blood Pressure,4.0
2019,C0249,Controlling Blood Pressure,3.5
2019,C0250,Controlling Blood Pressure,3.5
2020,C0001,Breast Cancer Screening,3.5
2020,C0002,Breast Cancer Screening,4.0
2020,C0003,Breast Cancer Screening,3.5
2020,C0004,Breast Cancer Screening,3.5
2020,C0005,Breast Cancer Screening,3.5
2020,C0006,Breast Cancer Screening,4.0
2020,C0007,Breast Cancer Screening,4.0
2020,C0008,Breast Cancer Screening,3.5
2020,C0009,Breast Cancer Screening,4.0
2020,C0010,Breast Cancer Screening,4.0
2020,C0011,Breast Cancer Screening,3.5
2020,C0012,Breast Cancer Screening,4.0
2020,C0013,Breast Cancer Screening,3.5
2020,C0014,Breast Cancer Screening,3.5
2020,C0015,Breast Cancer Screening,3.5
2020,C0016,Breast Cancer Screening,4.0
2020,C0017,Breast Cancer Screening,4.0
2020,C0018,Breast Cancer Screening,4.0
2020,C0019,Breast Cancer Screening,4.0
2020,C0020,Breast Cancer Screening,4.0
2020,C0021,Breast Cancer Screening,4.0
2020,C0022,Breast Cancer Screening,4.0
2020,C0023,Breast Cancer Screening,3.5
2020,C0024,Breast Cancer Screening,3.5
2020,C0025,Breast Cancer Screening,3.5
2020,C0026,Breast Cancer Screening,3.5
2020,C0027,Breast Cancer Screening,4.0
2020,C0028,Breast Cancer Screening,4.0
2020,C0029,Breast Cancer Screening,4.0
2020,C0030,Breast Cancer Screening,3.5
2020,C0031,Breast Cancer Screening,4.0
2020,C0032,Breast Cancer Screening,3.5
2020,C0033,Breast Cancer Screening,3.5
2020,C0034,Breast Cancer Screening,3.5
2020,C0035,Breast Cancer Screening,4.0
2020,C0036,Breast Cancer Screening,4.0
2020,C0037,Breast Cancer Screening,3.5
2020,C0038,Breast Cancer Screening,3.5
2020,C0039,Breast Cancer Screening,3.5
2020,C0040,Breast Cancer Screening,3.5
2020,C0041,Breast Cancer Screening,3.5
2020,C0042,Breast Cancer Screening,4.0
2020,C0043,Breast Cancer Screening,4.0
2020,C0044,Breast Cancer Screening,4.0
2020,C0045,Breast Cancer Screening,4.0
2020,C0046,Breast Cancer Screening,4.0
2020,C0047,Breast Cancer Screening,4.0
2020,C0048,Breast Cancer Screening,4.0
2020,C0049,Breast Cancer Screening,4.0
2020,C0050,Breast Cancer Screening,4.0
2020,C0051,Breast Cancer Screening,3.5
2020,C0052,Breast Cancer Screening,4.0
2020,C0053,Breast Cancer Screening,4.0
2020,C0054,Breast Cancer Screening,3.5
2020,C0055,Breast Cancer Screening,3.5
2020,C0056,Breast Cancer Screening,4.0
2020,C0057,Breast Cancer Screening,4.0
2020,C0058,Breast Cancer Screening,3.5
2020,C0059,Breast Cancer Screening,3.5
2020,C0060,Breast Cancer Screening,3.5
2020,C0061,Breast Cancer Screening,3.5
2020,C0062,Breast Cancer Screening,3.5
2020,C0063,Breast Cancer Screening,3.5
2020,C0064,Breast Cancer Screening,4.0
2020,C0065,Breast Cancer Screening,4.0
2020,C0066,Breast Cancer Screening,3.5
2020,C0067,Breast Cancer Screening,3.5
2020,C0068,Breast Cancer Screening,4.0
2020,C0069,Breast Cancer Screening,4.0
2020,C0070,Breast Cancer Screening,4.0
2020,C0071,Breast Cancer Screening,3.5
2020,C0072,Breast Cancer Screening,3.5
2020,C0073,Breast Cancer Screening,3.5
2020,C0074,Breast Cancer Screening,4.0
2020,C0075,Breast Cancer Screening,4.0
2020,C0076,Breast Cancer Screening,3.5
2020,C0077,Breast Cancer Screening,4.0
2020,C0078,Breast Cancer Screening,3.5
2020,C0079,Breast Cancer Screening,4.0
2020,C0080,Breast Cancer Screening,3.5
2020,C0081,Breast Cancer Screening,4.0
2020,C0082,Breast Cancer Screening,4.0
2020,C0083,Breast Cancer Screening,3.5
2020,C0084,Breast Cancer Screening,3.5
2020,C0085,Breast Cancer Screening,3.5
2020,C0086,Breast Cancer Screening,3.5
2020,C0087,Breast Cancer Screening,3.5
2020,C0088,Breast Cancer Screening,4.0
2020,C0089,Breast Cancer Screening,4.0
2020,C0090,Breast Cancer Screening,4.0
2020,C0091,Breast Cancer Screening,4.0
2020,C0092,Breast Cancer Screening,4.0
2020,C0093,Breast Cancer Screening,4.0
2020,C0094,Breast Cancer Screening,4.0
2020,C0095,Breast Cancer Screening,4.0
2020,C0096,Breast Cancer Screening,4.0
2020,C0097,Breast Cancer Screening,4.0
2020,C0098,Breast Cancer Screening,4.0
2020,C0099,Breast Cancer Screening,4.0
2020,C0100,Breast Cancer Screening,4.0
2020,C0101,Breast Cancer Screening,4.0
2020,C0102,Breast Cancer Screening,4.0
2020,C0103,Breast Cancer Screening,3.5
2020,C0104,Breast Cancer Screening,3.5
2020,C0105,Breast Cancer Screening,3.5
2020,C0106,Breast Cancer Screening,4.0
2020,C0107,Breast Cancer Screening,4.0
2020,C0108,Breast Cancer Screening,4.0
2020,C0109,Breast Cancer Screening,3.5
2020,C0110,Breast Cancer Screening,3.5
2020,C0111,Breast Cancer Screening,4.0
2020,C0112,Breast Cancer Screening,4.0
2020,C0113,Breast Cancer Screening,3.5
2020,C0114,Breast Cancer Screening,4.0
2020,C0115,Breast Cancer Screening,3.5
2020,C0116,Breast Cancer Screening,3.5
2020,C0117,Breast Cancer Screening,4.0
2020,C0118,Breast Cancer Screening,4.0
2020,C0119,Breast Cancer Screening,3.5
2020,C0120,Breast Cancer Screening,4.0
2020,C0121,Breast Cancer Screening,4.0
2020,C0122,Breast Cancer Screening,3.5
2020,C0123,Breast Cancer Screening,4.0
2020,C0124,Breast Cancer Screening,3.5
2020,C0125,Breast Cancer Screening,4.0
2020,C0126,Breast Cancer Screening,4.0
2020,C0127,Breast Cancer Screening,4.0
2020,C0128,Breast Cancer Screening,4.0
2020,C0129,Breast Cancer Screening,3.5
2020,C0130,Breast Cancer Screening,4.0
2020,C0131,Breast Cancer Screening,4.0
2020,C0132,Breast Cancer Screening,3.5
2020,C0133,Breast Cancer Screening,3.5
2020,C0134,Breast Cancer Screening,3.5
2020,C0135,Breast Cancer Screening,4.0
2020,C0136,Breast Cancer Screening,3.5
2020,C0137,Breast Cancer Screening,3.5
2020,C0138,Breast Cancer Screening,4.0
2020,C0139,Breast Cancer Screening,4.0
2020,C0140,Breast Cancer Screening,4.0
2020,C0141,Breast Cancer Screening,4.0
2020,C0142,Breast Cancer Screening,4.0
2020,C0143,Breast Cancer Screening,4.0
2020,C0144,Breast Cancer Screening,3.5
2020,C0145,Breast Cancer Screening,4.0
2020,C0146,Breast Cancer Screening,4.0
2020,C0147,Breast Cancer Screening,4.0
2020,C0148,Breast Cancer Screening,4.0
2020,C0149,Breast Cancer Screening,4.0
2020,C0150,Breast Cancer Screening,4.0
2020,C0151,Breast Cancer Screening,4.0
2020,C0152,Breast Cancer Screening,4.0
2020,C0153,Breast Cancer Screening,4.0
2020,C0154,Breast Cancer Screening,3.5
2020,C0155,Breast Cancer Screening,3.5
2020,C0156,Breast Cancer Screening,4.0
2020,C0157,Breast Cancer Screening,3.5
2020,C0158,Breast Cancer Screening,4.0
2020,C0159,Breast Cancer Screening,4.0
2020,C0160,Breast Cancer Screening,4.0
2020,C0161,Breast Cancer Screening,4.0
2020,C0162,Breast Cancer Screening,3.5
2020,C0163,Breast Cancer Screening,4.0
2020,C0164,Breast Cancer Screening,3.5
2020,C0165,Breast Cancer Screening,4.0
2020,C0166,Breast Cancer Screening,4.0
2020,C0167,Breast Cancer Screening,4.0
2020,C0168,Breast Cancer Screening,4.0
2020,C0169,Breast Cancer Screening,3.5
2020,C0170,Breast Cancer Screening,3.5
2020,C0171,Breast Cancer Screening,4.0
2020,C0172,Breast Cancer Screening,3.5
2020,C0173,Breast Cancer Screening,4.0
2020,C0174,Breast Cancer Screening,3.5
2020,C0175,Breast Cancer Screening,4.0
2020,C0176,Breast Cancer Screening,3.5
2020,C0177,Breast Cancer Screening,4.0
2020,C0178,Breast Cancer Screening,4.0
2020,C0179,Breast Cancer Screening,3.5
2020,C0180,Breast Cancer Screening,4.0
2020,C0181,Breast Cancer Screening,3.5
2020,C0182,Breast Cancer Screening,4.0
2020,C0183,Breast Cancer Screening,3.5
2020,C0184,Breast Cancer Screening,4.0
2020,C0185,Breast Cancer Screening,3.5
2020,C0186,Breast Cancer Screening,3.5
2020,C0187,Breast Cancer Screening,3.5
2020,C0188,Breast Cancer Screening,4.0
2020,C0189,Breast Cancer Screening,3.5
2020,C0190,Breast Cancer Screening,3.5
2020,C0191,Breast Cancer Screening,3.5
2020,C0192,Breast Cancer Screening,3.5
2020,C0193,Breast Cancer Screening,4.0
2020,C0194,Breast Cancer Screening,3.5
2020,C0195,Breast Cancer Screening,3.5
2020,C0196,Breast Cancer Screening,4.0
2020,C0197,Breast Cancer Screening,3.5
2020,C0198,Breast Cancer Screening,4.0
2020,C0199,Breast Cancer Screening,3.5
2020,C0200,Breast Cancer Screening,4.0
2020,C0201,Breast Cancer Screening,4.0
2020,C0202,Breast Cancer Screening,4.0
2020,C0203,Breast Cancer Screening,4.0
2020,C0204,Breast Cancer Screening,4.0
2020,C0205,Breast Cancer Screening,4.0
2020,C0206,Breast Cancer Screening,3.5
2020,C0207,Breast Cancer Screening,4.0
2020,C0208,Breast Cancer Screening,4.0
2020,C0209,Breast Cancer Screening,3.5
2020,C0210,Breast Cancer Screening,4.0
2020,C0211,Breast Cancer Screening,3.5
2020,C0212,Breast Cancer Screening,4.0
2020,C0213,Breast Cancer Screening,4.0
2020,C0214,Breast Cancer Screening,4.0
2020,C0215,Breast Cancer Screening,4.0
2020,C0216,Breast Cancer Screening,3.5
2020,C0217,Breast Cancer Screening,3.5
2020,C0218,Breast Cancer Screening,4.0
2020,C0219,Breast Cancer Screening,4.0
2020,C0220,Breast Cancer Screening,3.5
2020,C0221,Breast Cancer Screening,3.5
2020,C0222,Breast Cancer Screening,3.5
2020,C0223,Breast Cancer Screening,4.0
2020,C0224,Breast Cancer Screening,4.0
2020,C0225,Breast Cancer Screening,3.5
2020,C0226,Breast Cancer Screening,4.0
2020,C0227,Breast Cancer Screening,4.0
2020,C0228,Breast Cancer Screening,3.5
2020,C0229,Breast Cancer Screening,4.0
2020,C0230,Breast Cancer Screening,3.5
2020,C0231,Breast Cancer Screening,4.0
2020,C0232,Breast Cancer Screening,4.0
2020,C0233,Breast Cancer Screening,4.0
2020,C0234,Breast Cancer Screening,4.0
2020,C0235,Breast Cancer Screening,3.5
2020,C0236,Breast Cancer Screening,3.5
2020,C0237,Breast Cancer Screening,4.0
2020,C0238,Breast Cancer Screening,3.5
2020,C0239,Breast Cancer Screening,3.5
2020,C0240,Breast Cancer Screening,4.0
2020,C0241,Breast Cancer Screening,3.5
2020,C0242,Breast Cancer Screening,4.0
2020,C0243,Breast Cancer Screening,4.0
2020,C0244,Breast Cancer Screening,4.0
2020,C0245,Breast Cancer Screening,3.5
2020,C0246,Breast Cancer Screening,3.5
2020,C0247,Breast Cancer Screening,3.5
2020,C0248,Breast Cancer Screening,3.5
2020,C0249,Breast Cancer Screening,3.5
2020,C0250,Breast Cancer Screening,3.5
2020,C0001,Medication Reconciliation,3.5
2020,C0002,Medication Reconciliation,3.5
2020,C0003,Medication Reconciliation,3.5
2020,C0004,Medication Reconciliation,3.5
2020,C0005,Medication Reconciliation,3.5
2020,C0006,Medication Reconciliation,3.5
2020,C0007,Medication Reconciliation,3.5
2020,C0008,Medication Reconciliation,3.0
2020,C0009,Medication Reconciliation,3.0
2020,C0010,Medication Reconciliation,3.5
2020,C0011,Medication Reconciliation,3.5
2020,C0012,Medication Reconciliation,3.5
2020,C0013,Medication Reconciliation,3.5
2020,C0014,Medication Reconciliation,3.0
2020,C0015,Medication Reconciliation,3.0
2020,C0016,Medication Reconciliation,3.0
2020,C0017,Medication Reconciliation,3.0
2020,C0018,Medication Reconciliation,3.5
2020,C0019,Medication Reconciliation,3.5
2020,C0020,Medication Reconciliation,3.0
2020,C0021,Medication Reconciliation,3.5
2020,C0022,Medication Reconciliation,3.5
2020,C0023,Medication Reconciliation,3.0
2020,C0024,Medication Reconciliation,3.0
2020,C0025,Medication Reconciliation,3.0
2020,C0026,Medication Reconciliation,3.5
2020,C0027,Medication Reconciliation,3.5
2020,C0028,Medication Reconciliation,3.5
2020,C0029,Medication Reconciliation,3.0
2020,C0030,Medication Reconciliation,3.5
2020,C0031,Medication Reconciliation,3.5
2020,C0032,Medication Reconciliation,3.0
2020,C0033,Medication Reconciliation,3.5
2020,C0034,Medication Reconciliation,3.0
2020,C0035,Medication Reconciliation,3.5
2020,C0036,Medication Reconciliation,3.5
2020,C0037,Medication Reconciliation,3.5
2020,C0038,Medication Reconciliation,3.5
2020,C0039,Medication Reconciliation,3.5
2020,C0040,Medication Reconciliation,3.5
2020,C0041,Medication Reconciliation,3.5
2020,C0042,Medication Reconciliation,3.5
2020,C0043,Medication Reconciliation,3.5
2020,C0044,Medication Reconciliation,3.5
2020,C0045,Medication Reconciliation,3.0
2020,C0046,Medication Reconciliation,3.5
2020,C0047,Medication Reconciliation,3.5
2020,C0048,Medication Reconciliation,3.5
2020,C0049,Medication Reconciliation,3.5
2020,C0050,Medication Reconciliation,3.5
2020,C0051,Medication Reconciliation,3.5
2020,C0052,Medication Reconciliation,3.5
2020,C0053,Medication Reconciliation,3.5
2020,C0054,Medication Reconciliation,3.5
2020,C0055,Medication Reconciliation,3.5
2020,C0056,Medication Reconciliation,3.5
2020,C0057,Medication Reconciliation,3.5
2020,C0058,Medication Reconciliation,3.0
2020,C0059,Medication Reconciliation,3.5
2020,C0060,Medication Reconciliation,3.0
2020,C0061,Medication Reconciliation,3.5
2020,C0062,Medication Reconciliation,3.5
2020,C0063,Medication Reconciliation,3.5
2020,C0064,Medication Reconciliation,3.5
2020,C0065,Medication Reconciliation,3.0
2020,C0066,Medication Reconciliation,3.5
2020,C0067,Medication Reconciliation,3.5
2020,C0068,Medication Reconciliation,3.5
2020,C0069,Medication Reconciliation,3.0
2020,C0070,Medication Reconciliation,3.5
2020,C0071,Medication Reconciliation,3.5
2020,C0072,Medication Reconciliation,3.0
2020,C0073,Medication Reconciliation,3.0
2020,C0074,Medication Reconciliation,3.5
2020,C0075,Medication Reconciliation,3.5
2020,C0076,Medication Reconciliation,3.5
2020,C0077,Medication Reconciliation,3.5
2020,C0078,Medication Reconciliation,3.0
2020,C0079,Medication Reconciliation,3.5
2020,C0080,Medication Reconciliation,3.5
2020,C0081,Medication Reconciliation,3.5
2020,C0082,Medication Reconciliation,3.0
2020,C0083,Medication Reconciliation,3.5
2020,C0084,Medication Reconciliation,3.0
2020,C0085,Medication Reconciliation,3.5
2020,C0086,Medication Reconciliation,3.5
2020,C0087,Medication Reconciliation,3.5
2020,C0088,Medication Reconciliation,3.5
2020,C0089,Medication Reconciliation,3.5
2020,C0090,Medication Reconciliation,3.5
2020,C0091,Medication Reconciliation,3.5
2020,C0092,Medication Reconciliation,3.5
2020,C0093,Medication Reconciliation,3.5
2020,C0094,Medication Reconciliation,3.0
2020,C0095,Medication Reconciliation,3.5
2020,C0096,Medication Reconciliation,3.5
2020,C0097,Medication Reconciliation,3.5
2020,C0098,Medication Reconciliation,3.5
2020,C0099,Medication Reconciliation,3.5
2020,C0100,Medication Reconciliation,3.0
2020,C0101,Medication Reconciliation,3.0
2020,C0102,Medication Reconciliation,3.0
2020,C0103,Medication Reconciliation,3.5
2020,C0104,Medication Reconciliation,3.0
2020,C0105,Medication Reconciliation,3.0
2020,C0106,Medication Reconciliation,3.5
2020,C0107,Medication Reconciliation,3.5
2020,C0108,Medication Reconciliation,3.5
2020,C0109,Medication Reconciliation,3.0
2020,C0110,Medication Reconciliation,3.0
2020,C0111,Medication Reconciliation,3.5
2020,C0112,Medication Reconciliation,3.5
2020,C0113,Medication Reconciliation,3.5
2020,C0114,Medication Reconciliation,3.5
2020,C0115,Medication Reconciliation,3.5
2020,C0116,Medication Reconciliation,3.5
2020,C0117,Medication Reconciliation,3.5
2020,C0118,Medication Reconciliation,3.5
2020,C0119,Medication Reconciliation,3.5
2020,C0120,Medication Reconciliation,3.5
2020,C0121,Medication Reconciliation,3.0
2020,C0122,Medication Reconciliation,3.5
2020,C0123,Medication Reconciliation,3.0
2020,C0124,Medication Reconciliation,3.5
2020,C0125,Medication Reconciliation,3.0
2020,C0126,Medication Reconciliation,3.5
2020,C0127,Medication Reconciliation,3.5
2020,C0128,Medication Reconciliation,3.5
2020,C0129,Medication Reconciliation,3.0
2020,C0130,Medication Reconciliation,3.5
2020,C0131,Medication Reconciliation,3.0
2020,C0132,Medication Reconciliation,3.5
2020,C0133,Medication Reconciliation,3.5
2020,C0134,Medication Reconciliation,3.5
2020,C0135,Medication Reconciliation,3.0
2020,C0136,Medication Reconciliation,3.5
2020,C0137,Medication Reconciliation,3.5
2020,C0138,Medication Reconciliation,3.5
2020,C0139,Medication Reconciliation,3.5
2020,C0140,Medication Reconciliation,3.5
2020,C0141,Medication Reconciliation,3.5
2020,C0142,Medication Reconciliation,3.5
2020,C0143,Medication Reconciliation,3.5
2020,C0144,Medication Reconciliation,3.5
2020,C0145,Medication Reconciliation,3.0
2020,C0146,Medication Reconciliation,3.5
2020,C0147,Medication Reconciliation,3.5
2020,C0148,Medication Reconciliation,3.0
2020,C0149,Medication Reconciliation,3.5
2020,C0150,Medication Reconciliation,3.0
2020,C0151,Medication Reconciliation,3.5
2020,C0152,Medication Reconciliation,3.5
2020,C0153,Medication Reconciliation,3.0
2020,C0154,Medication Reconciliation,3.0
2020,C0155,Medication Reconciliation,3.5
2020,C0156,Medication Reconciliation,3.5
2020,C0157,Medication Reconciliation,3.0
2020,C0158,Medication Reconciliation,3.5
2020,C0159,Medication Reconciliation,3.0
2020,C0160,Medication Reconciliation,3.5
2020,C0161,Medication Reconciliation,3.0
2020,C0162,Medication Reconciliation,3.0
2020,C0163,Medication Reconciliation,3.5
2020,C0164,Medication Reconciliation,3.5
2020,C0165,Medication Reconciliation,3.5
2020,C0166,Medication Reconciliation,3.5
2020,C0167,Medication Reconciliation,3.0
2020,C0168,Medication Reconciliation,3.0
2020,C0169,Medication Reconciliation,3.0
2020,C0170,Medication Reconciliation,3.5
2020,C0171,Medication Reconciliation,3.5
2020,C0172,Medication Reconciliation,3.5
2020,C0173,Medication Reconciliation,3.5
2020,C0174,Medication Reconciliation,3.0
2020,C0175,Medication Reconciliation,3.5
2020,C0176,Medication Reconciliation,3.5
2020,C0177,Medication Reconciliation,3.5
2020,C0178,Medication Reconciliation,3.0
2020,C0179,Medication Reconciliation,3.0
2020,C0180,Medication Reconciliation,3.5
2020,C0181,Medication Reconciliation,3.5
2020,C0182,Medication Reconciliation,3.5
2020,C0183,Medication Reconciliation,3.5
2020,C0184,Medication Reconciliation,3.5
2020,C0185,Medication Reconciliation,3.0
2020,C0186,Medication Reconciliation,3.5
2020,C0187,Medication Reconciliation,3.5
2020,C0188,Medication Reconciliation,3.0
2020,C0189,Medication Reconciliation,3.5
2020,C0190,Medication Reconciliation,3.5
2020,C0191,Medication Reconciliation,3.5
2020,C0192,Medication Reconciliation,3.5
2020,C0193,Medication Reconciliation,3.5
2020,C0194,Medication Reconciliation,3.0
2020,C0195,Medication Reconciliation,3.0
2020,C0196,Medication Reconciliation,3.5
2020,C0197,Medication Reconciliation,3.5
2020,C0198,Medication Reconciliation,3.5
2020,C0199,Medication Reconciliation,3.5
2020,C0200,Medication Reconciliation,3.5
2020,C0201,Medication Reconciliation,3.5
2020,C0202,Medication Reconciliation,3.0
2020,C0203,Medication Reconciliation,3.0
2020,C0204,Medication Reconciliation,3.5
2020,C0205,Medication Reconciliation,3.0
2020,C0206,Medication Reconciliation,3.5
2020,C0207,Medication Reconciliation,3.0
2020,C0208,Medication Reconciliation,3.5
2020,C0209,Medication Reconciliation,3.5
2020,C0210,Medication Reconciliation,3.0
2020,C0211,Medication Reconciliation,3.0
2020,C0212,Medication Reconciliation,3.5
2020,C0213,Medication Reconciliation,3.5
2020,C0214,Medication Reconciliation,3.0
2020,C0215,Medication Reconciliation,3.5
2020,C0216,Medication Reconciliation,3.5
2020,C0217,Medication Reconciliation,3.5
2020,C0218,Medication Reconciliation,3.5
2020,C0219,Medication Reconciliation,3.5
2020,C0220,Medication Reconciliation,3.5
2020,C0221,Medication Reconciliation,3.5
2020,C0222,Medication Reconciliation,3.5
2020,C0223,Medication Reconciliation,3.5
2020,C0224,Medication Reconciliation,3.5
2020,C0225,Medication Reconciliation,3.0
2020,C0226,Medication Reconciliation,3.5
2020,C0227,Medication Reconciliation,3.0
2020,C0228,Medication Reconciliation,3.5
2020,C0229,Medication Reconciliation,3.0
2020,C0230,Medication Reconciliation,3.5
2020,C0231,Medication Reconciliation,3.0
2020,C0232,Medication Reconciliation,3.5
2020,C0233,Medication Reconciliation,3.0
2020,C0234,Medication Reconciliation,3.5
2020,C0235,Medication Reconciliation,3.5
2020,C0236,Medication Reconciliation,3.5
2020,C0237,Medication Reconciliation,3.5
2020,C0238,Medication Reconciliation,3.5
2020,C0239,Medication Reconciliation,3.0
2020,C0240,Medication Reconciliation,3.5
2020,C0241,Medication Reconciliation,3.5
2020,C0242,Medication Reconciliation,3.0
2020,C0243,Medication Reconciliation,3.5
2020,C0244,Medication Reconciliation,3.0
2020,C0245,Medication Reconciliation,3.5
2020,C0246,Medication Reconciliation,3.5
2020,C0247,Medication Reconciliation,3.0
2020,C0248,Medication Reconciliation,3.5
2020,C0249,Medication Reconciliation,3.0
2020,C0250,Medication Reconciliation,3.5
2020,C0001,Plan All-Cause Readmissions,3.5
2020,C0002,Plan All-Cause Readmissions,3.5
2020,C0003,Plan All-Cause Readmissions,4.0
2020,C0004,Plan All-Cause Readmissions,4.0
2020,C0005,Plan All-Cause Readmissions,3.5
2020,C0006,Plan All-Cause Readmissions,3.5
2020,C0007,Plan All-Cause Readmissions,3.5
2020,C0008,Plan All-Cause Readmissions,3.5
2020,C0009,Plan All-Cause Readmissions,4.0
2020,C0010,Plan All-Cause Readmissions,4.0
2020,C0011,Plan All-Cause Readmissions,3.5
2020,C0012,Plan All-Cause Readmissions,4.0
2020,C0013,Plan All-Cause Readmissions,4.0
2020,C0014,Plan All-Cause Readmissions,3.5
2020,C0015,Plan All-Cause Readmissions,4.0
2020,C0016,Plan All-Cause Readmissions,3.5
2020,C0017,Plan All-Cause Readmissions,4.0
2020,C0018,Plan All-Cause Readmissions,3.5
2020,C0019,Plan All-Cause Readmissions,4.0
2020,C0020,Plan All-Cause Readmissions,3.5
2020,C0021,Plan All-Cause Readmissions,3.5
2020,C0022,Plan All-Cause Readmissions,4.0
2020,C0023,Plan All-Cause Readmissions,3.5
2020,C0024,Plan All-Cause Readmissions,4.0
2020,C0025,Plan All-Cause Readmissions,4.0
2020,C0026,Plan All-Cause Readmissions,4.0
2020,C0027,Plan All-Cause Readmissions,3.5
2020,C0028,Plan All-Cause Readmissions,3.5
2020,C0029,Plan All-Cause Readmissions,3.5
2020,C0030,Plan All-Cause Readmissions,3.5
2020,C0031,Plan All-Cause Readmissions,3.5
2020,C0032,Plan All-Cause Readmissions,4.0
2020,C0033,Plan All-Cause Readmissions,3.5
2020,C0034,Plan All-Cause Readmissions,3.5
2020,C0035,Plan All-Cause Readmissions,3.5
2020,C0036,Plan All-Cause Readmissions,4.0
2020,C0037,Plan All-Cause Readmissions,3.5
2020,C0038,Plan All-Cause Readmissions,3.5
2020,C0039,Plan All-Cause Readmissions,4.0
2020,C0040,Plan All-Cause Readmissions,3.5
2020,C0041,Plan All-Cause Readmissions,4.0
2020,C0042,Plan All-Cause Readmissions,4.0
2020,C0043,Plan All-Cause Readmissions,4.0
2020,C0044,Plan All-Cause Readmissions,3.5
2020,C0045,Plan All-Cause Readmissions,4.0
2020,C0046,Plan All-Cause Readmissions,4.0
2020,C0047,Plan All-Cause Readmissions,3.5
2020,C0048,Plan All-Cause Readmissions,4.0
2020,C0049,Plan All-Cause Readmissions,3.5
2020,C0050,Plan All-Cause Readmissions,3.5
2020,C0051,Plan All-Cause Readmissions,4.0
2020,C0052,Plan All-Cause Readmissions,4.0
2020,C0053,Plan All-Cause Readmissions,4.0
2020,C0054,Plan All-Cause Readmissions,4.0
2020,C0055,Plan All-Cause Readmissions,4.0
2020,C0056,Plan All-Cause Readmissions,3.5
2020,C0057,Plan All-Cause Readmissions,3.5
2020,C0058,Plan All-Cause Readmissions,3.5
2020,C0059,Plan All-Cause Readmissions,4.0
2020,C0060,Plan All-Cause Readmissions,3.5
2020,C0061,Plan All-Cause Readmissions,4.0
2020,C0062,Plan All-Cause Readmissions,4.0
2020,C0063,Plan All-Cause Readmissions,3.5
2020,C0064,Plan All-Cause Readmissions,4.0
2020,C0065,Plan All-Cause Readmissions,4.0
2020,C0066,Plan All-Cause Readmissions,4.0
2020,C0067,Plan All-Cause Readmissions,3.5
2020,C0068,Plan All-Cause Readmissions,3.5
2020,C0069,Plan All-Cause Readmissions,3.5
2020,C0070,Plan All-Cause Readmissions,3.5
2020,C0071,Plan All-Cause Readmissions,3.5
2020,C0072,Plan All-Cause Readmissions,4.0
2020,C0073,Plan All-Cause Readmissions,3.5
2020,C0074,Plan All-Cause Readmissions,4.0
2020,C0075,Plan All-Cause Readmissions,3.5
2020,C0076,Plan All-Cause Readmissions,3.5
2020,C0077,Plan All-Cause Readmissions,4.0
2020,C0078,Plan All-Cause Readmissions,4.0
2020,C0079,Plan All-Cause Readmissions,4.0
2020,C0080,Plan All-Cause Readmissions,4.0
2020,C0081,Plan All-Cause Readmissions,3.5
2020,C0082,Plan All-Cause Readmissions,4.0
2020,C0083,Plan All-Cause Readmissions,4.0
2020,C0084,Plan All-Cause Readmissions,4.0
2020,C0085,Plan All-Cause Readmissions,4.0
2020,C0086,Plan All-Cause Readmissions,4.0
2020,C0087,Plan All-Cause Readmissions,3.5
2020,C0088,Plan All-Cause Readmissions,4.0
2020,C0089,Plan All-Cause Readmissions,4.0
2020,C0090,Plan All-Cause Readmissions,3.5
2020,C0091,Plan All-Cause Readmissions,3.5
2020,C0092,Plan All-Cause Readmissions,4.0
2020,C0093,Plan All-Cause Readmissions,3.5
2020,C0094,Plan All-Cause Readmissions,4.0
2020,C0095,Plan All-Cause Readmissions,3.5
2020,C0096,Plan All-Cause Readmissions,4.0
2020,C0097,Plan All-Cause Readmissions,4.0
2020,C0098,Plan All-Cause Readmissions,3.5
2020,C0099,Plan All-Cause Readmissions,4.0
2020,C0100,Plan All-Cause Readmissions,4.0
2020,C0101,Plan All-Cause Readmissions,3.5
2020,C0102,Plan All-Cause Readmissions,4.0
2020,C0103,Plan All-Cause Readmissions,3.5
2020,C0104,Plan All-Cause Readmissions,3.5
2020,C0105,Plan All-Cause Readmissions,3.5
2020,C0106,Plan All-Cause Readmissions,4.0
2020,C0107,Plan All-Cause Readmissions,3.5
2020,C0108,Plan All-Cause Readmissions,4.0
2020,C0109,Plan All-Cause Readmissions,3.5
2020,C0110,Plan All-Cause Readmissions,3.5
2020,C0111,Plan All-Cause Readmissions,4.0
2020,C0112,Plan All-Cause Readmissions,3.5
2020,C0113,Plan All-Cause Readmissions,3.5
2020,C0114,Plan All-Cause Readmissions,4.0
2020,C0115,Plan All-Cause Readmissions,4.0
2020,C0116,Plan All-Cause Readmissions,3.5
2020,C0117,Plan All-Cause Readmissions,3.5
2020,C0118,Plan All-Cause Readmissions,3.5
2020,C0119,Plan All-Cause Readmissions,3.5
2020,C0120,Plan All-Cause Readmissions,3.5
2020,C0121,Plan All-Cause Readmissions,4.0
2020,C0122,Plan All-Cause Readmissions,3.5
2020,C0123,Plan All-Cause Readmissions,3.5
2020,C0124,Plan All-Cause Readmissions,3.5
2020,C0125,Plan All-Cause Readmissions,4.0
2020,C0126,Plan All-Cause Readmissions,4.0
2020,C0127,Plan All-Cause Readmissions,3.5
2020,C0128,Plan All-Cause Readmissions,3.5
2020,C0129,Plan All-Cause Readmissions,4.0
2020,C0130,Plan All-Cause Readmissions,4.0
2020,C0131,Plan All-Cause Readmissions,4.0
2020,C0132,Plan All-Cause Readmissions,3.5
2020,C0133,Plan All-Cause Readmissions,4.0
2020,C0134,Plan All-Cause Readmissions,4.0
2020,C0135,Plan All-Cause Readmissions,3.5
2020,C0136,Plan All-Cause Readmissions,3.5
2020,C0137,Plan All-Cause Readmissions,4.0
2020,C0138,Plan All-Cause Readmissions,3.5
2020,C0139,Plan All-Cause Readmissions,4.0
2020,C0140,Plan All-Cause Readmissions,3.5
2020,C0141,Plan All-Cause Readmissions,4.0
2020,C0142,Plan All-Cause Readmissions,3.5
2020,C0143,Plan All-Cause Readmissions,3.5
2020,C0144,Plan All-Cause Readmissions,3.5
2020,C0145,Plan All-Cause Readmissions,4.0
2020,C0146,Plan All-Cause Readmissions,3.5
2020,C0147,Plan All-Cause Readmissions,3.5
2020,C0148,Plan All-Cause Readmissions,4.0
2020,C0149,Plan All-Cause Readmissions,4.0
2020,C0150,Plan All-Cause Readmissions,4.0
2020,C0151,Plan All-Cause Readmissions,3.5
2020,C0152,Plan All-Cause Readmissions,3.5
2020,C0153,Plan All-Cause Readmissions,3.5
2020,C0154,Plan All-Cause Readmissions,4.0
2020,C0155,Plan All-Cause Readmissions,3.5
2020,C0156,Plan All-Cause Readmissions,3.5
2020,C0157,Plan All-Cause Readmissions,4.0
2020,C0158,Plan All-Cause Readmissions,4.0
2020,C0159,Plan All-Cause Readmissions,3.5
2020,C0160,Plan All-Cause Readmissions,3.5
2020,C0161,Plan All-Cause Readmissions,4.0
2020,C0162,Plan All-Cause Readmissions,4.0
2020,C0163,Plan All-Cause Readmissions,4.0
2020,C0164,Plan All-Cause Readmissions,4.0
2020,C0165,Plan All-Cause Readmissions,3.5
2020,C0166,Plan All-Cause Readmissions,4.0
2020,C0167,Plan All-Cause Readmissions,3.5
2020,C0168,Plan All-Cause Readmissions,3.5
2020,C0169,Plan All-Cause Readmissions,3.5
2020,C0170,Plan All-Cause Readmissions,3.5
2020,C0171,Plan All-Cause Readmissions,4.0
2020,C0172,Plan All-Cause Readmissions,3.5
2020,C0173,Plan All-Cause Readmissions,4.0
2020,C0174,Plan All-Cause Readmissions,3.5
2020,C0175,Plan All-Cause Readmissions,4.0
2020,C0176,Plan All-Cause Readmissions,4.0
2020,C0177,Plan All-Cause Readmissions,3.5
2020,C0178,Plan All-Cause Readmissions,4.0
2020,C0179,Plan All-Cause Readmissions,3.5
2020,C0180,Plan All-Cause Readmissions,4.0
2020,C0181,Plan All-Cause Readmissions,4.0
2020,C0182,Plan All-Cause Readmissions,3.5
2020,C0183,Plan All-Cause Readmissions,3.5
2020,C0184,Plan All-Cause Readmissions,3.5
2020,C0185,Plan All-Cause Readmissions,4.0
2020,C0186,Plan All-Cause Readmissions,4.0
2020,C0187,Plan All-Cause Readmissions,3.5
2020,C0188,Plan All-Cause Readmissions,4.0
2020,C0189,Plan All-Cause Readmissions,3.5
2020,C0190,Plan All-Cause Readmissions,3.5
2020,C0191,Plan All-Cause Readmissions,3.5
2020,C0192,Plan All-Cause Readmissions,4.0
2020,C0193,Plan All-Cause Readmissions,4.0
2020,C0194,Plan All-Cause Readmissions,4.0
2020,C0195,Plan All-Cause Readmissions,3.5
2020,C0196,Plan All-Cause Readmissions,4.0
2020,C0197,Plan All-Cause Readmissions,4.0
2020,C0198,Plan All-Cause Readmissions,3.5
2020,C0199,Plan All-Cause Readmissions,3.5
2020,C0200,Plan All-Cause Readmissions,4.0
2020,C0201,Plan All-Cause Readmissions,3.5
2020,C0202,Plan All-Cause Readmissions,3.5
2020,C0203,Plan All-Cause Readmissions,4.0
2020,C0204,Plan All-Cause Readmissions,4.0
2020,C0205,Plan All-Cause Readmissions,3.5
2020,C0206,Plan All-Cause Readmissions,4.0
2020,C0207,Plan All-Cause Readmissions,4.0
2020,C0208,Plan All-Cause Readmissions,4.0
2020,C0209,Plan All-Cause Readmissions,3.5
2020,C0210,Plan All-Cause Readmissions,3.5
2020,C0211,Plan All-Cause Readmissions,4.0
2020,C0212,Plan All-Cause Readmissions,3.5
2020,C0213,Plan All-Cause Readmissions,3.5
2020,C0214,Plan All-Cause Readmissions,3.5
2020,C0215,Plan All-Cause Readmissions,3.5
2020,C0216,Plan All-Cause Readmissions,3.5
2020,C0217,Plan All-Cause Readmissions,4.0
2020,C0218,Plan All-Cause Readmissions,3.5
2020,C0219,Plan All-Cause Readmissions,4.0
2020,C0220,Plan All-Cause Readmissions,4.0
2020,C0221,Plan All-Cause Readmissions,4.0
2020,C0222,Plan All-Cause Readmissions,4.0
2020,C0223,Plan All-Cause Readmissions,4.0
2020,C0224,Plan All-Cause Readmissions,4.0
2020,C0225,Plan All-Cause Readmissions,4.0
2020,C0226,Plan All-Cause Readmissions,3.5
2020,C0227,Plan All-Cause Readmissions,4.0
2020,C0228,Plan All-Cause Readmissions,3.5
2020,C0229,Plan All-Cause Readmissions,3.5
2020,C0230,Plan All-Cause Readmissions,4.0
2020,C0231,Plan All-Cause Readmissions,4.0
2020,C0232,Plan All-Cause Readmissions,3.5
2020,C0233,Plan All-Cause Readmissions,3.5
2020,C0234,Plan All-Cause Readmissions,4.0
2020,C0235,Plan All-Cause Readmissions,4.0
2020,C0236,Plan All-Cause Readmissions,4.0
2020,C0237,Plan All-Cause Readmissions,3.5
2020,C0238,Plan All-Cause Readmissions,3.5
2020,C0239,Plan All-Cause Readmissions,3.5
2020,C0240,Plan All-Cause Readmissions,4.0
2020,C0241,Plan All-Cause Readmissions,4.0
2020,C0242,Plan All-Cause Readmissions,3.5
2020,C0243,Plan All-Cause Readmissions,4.0
2020,C0244,Plan All-Cause Readmissions,3.5
2020,C0245,Plan All-Cause Readmissions,3.5
2020,C0246,Plan All-Cause Readmissions,4.0
2020,C0247,Plan All-Cause Readmissions,4.0
2020,C0248,Plan All-Cause Readmissions,4.0
2020,C0249,Plan All-Cause Readmissions,3.5
2020,C0250,Plan All-Cause Readmissions,4.0
2020,C0001,Controlling Blood Pressure,3.5
2020,C0002,Controlling Blood Pressure,4.0
2020,C0003,Controlling Blood Pressure,4.0
2020,C0004,Controlling Blood Pressure,3.5
2020,C0005,Controlling Blood Pressure,4.0
2020,C0006,Controlling Blood Pressure,4.0
2020,C0007,Controlling Blood Pressure,3.5
2020,C0008,Controlling Blood Pressure,3.5
2020,C0009,Controlling Blood Pressure,4.0
2020,C0010,Controlling Blood Pressure,3.5
2020,C0011,Controlling Blood Pressure,3.5
2020,C0012,Controlling Blood Pressure,4.0
2020,C0013,Controlling Blood Pressure,4.0
2020,C0014,Controlling Blood Pressure,4.0
2020,C0015,Controlling Blood Pressure,4.0
2020,C0016,Controlling Blood Pressure,3.5
2020,C0017,Controlling Blood Pressure,3.5
2020,C0018,Controlling Blood Pressure,3.5
2020,C0019,Controlling Blood Pressure,4.0
2020,C0020,Controlling Blood Pressure,4.0
2020,C0021,Controlling Blood Pressure,4.0
2020,C0022,Controlling Blood Pressure,3.5
2020,C0023,Controlling Blood Pressure,4.0
2020,C0024,Controlling Blood Pressure,3.5
2020,C0025,Controlling Blood Pressure,3.5
2020,C0026,Controlling Blood Pressure,4.0
2020,C0027,Controlling Blood Pressure,4.0
2020,C0028,Controlling Blood Pressure,3.5
2020,C0029,Controlling Blood Pressure,3.5
2020,C0030,Controlling Blood Pressure,3.5
2020,C0031,Controlling Blood Pressure,3.5
2020,C0032,Controlling Blood Pressure,4.0
2020,C0033,Controlling Blood Pressure,3.5
2020,C0034,Controlling Blood Pressure,4.0
2020,C0035,Controlling Blood Pressure,3.5
2020,C0036,Controlling Blood Pressure,3.5
2020,C0037,Controlling Blood Pressure,4.0
2020,C0038,Controlling Blood Pressure,4.0
2020,C0039,Controlling Blood Pressure,3.5
2020,C0040,Controlling Blood Pressure,4.0
2020,C0041,Controlling Blood Pressure,3.5
2020,C0042,Controlling Blood Pressure,3.5
2020,C0043,Controlling Blood Pressure,3.5
2020,C0044,Controlling Blood Pressure,3.5
2020,C0045,Controlling Blood Pressure,4.0
2020,C0046,Controlling Blood Pressure,3.5
2020,C0047,Controlling Blood Pressure,3.5
2020,C0048,Controlling Blood Pressure,3.5
2020,C0049,Controlling Blood Pressure,4.0
2020,C0050,Controlling Blood Pressure,4.0
2020,C0051,Controlling Blood Pressure,4.0
2020,C0052,Controlling Blood Pressure,3.5
2020,C0053,Controlling Blood Pressure,4.0
2020,C0054,Controlling Blood Pressure,4.0
2020,C0055,Controlling Blood Pressure,4.0
2020,C0056,Controlling Blood Pressure,3.5
2020,C0057,Controlling Blood Pressure,3.5
2020,C0058,Controlling Blood Pressure,3.5
2020,C0059,Controlling Blood Pressure,3.5
2020,C0060,Controlling Blood Pressure,3.5
2020,C0061,Controlling Blood Pressure,3.5
2020,C0062,Controlling Blood Pressure,4.0
2020,C0063,Controlling Blood Pressure,3.5
2020,C0064,Controlling Blood Pressure,3.5
2020,C0065,Controlling Blood Pressure,4.0
2020,C0066,Controlling Blood Pressure,4.0
2020,C0067,Controlling Blood Pressure,4.0
2020,C0068,Controlling Blood Pressure,3.5
2020,C0069,Controlling Blood Pressure,4.0
2020,C0070,Controlling Blood Pressure,4.0
2020,C0071,Controlling Blood Pressure,3.5
2020,C0072,Controlling Blood Pressure,3.5
2020,C0073,Controlling Blood Pressure,4.0
2020,C0074,Controlling Blood Pressure,3.5
2020,C0075,Controlling Blood Pressure,4.0
2020,C0076,Controlling Blood Pressure,3.5
2020,C0077,Controlling Blood Pressure,3.5
2020,C0078,Controlling Blood Pressure,4.0
2020,C0079,Controlling Blood Pressure,3.5
2020,C0080,Controlling Blood Pressure,3.5
2020,C0081,Controlling Blood Pressure,4.0
2020,C0082,Controlling Blood Pressure,3.5
2020,C0083,Controlling Blood Pressure,3.5
2020,C0084,Controlling Blood Pressure,3.5
2020,C0085,Controlling Blood Pressure,3.5
2020,C0086,Controlling Blood Pressure,4.0
2020,C0087,Controlling Blood Pressure,3.5
2020,C0088,Controlling Blood Pressure,3.5
2020,C0089,Controlling Blood Pressure,4.0
2020,C0090,Controlling Blood Pressure,3.5
2020,C0091,Controlling Blood Pressure,3.5
2020,C0092,Controlling Blood Pressure,3.5
2020,C0093,Controlling Blood Pressure,4.0
2020,C0094,Controlling Blood Pressure,3.5
2020,C0095,Controlling Blood Pressure,4.0
2020,C0096,Controlling Blood Pressure,3.5
2020,C0097,Controlling Blood Pressure,4.0
2020,C0098,Controlling Blood Pressure,4.0
2020,C0099,Controlling Blood Pressure,4.0
2020,C0100,Controlling Blood Pressure,3.5
2020,C0101,Controlling Blood Pressure,3.5
2020,C0102,Controlling Blood Pressure,3.5
2020,C0103,Controlling Blood Pressure,3.5
2020,C0104,Controlling Blood Pressure,4.0
2020,C0105,Controlling Blood Pressure,4.0
2020,C0106,Controlling Blood Pressure,3.5
2020,C0107,Controlling Blood Pressure,3.5
2020,C0108,Controlling Blood Pressure,3.5
2020,C0109,Controlling Blood Pressure,4.0
2020,C0110,Controlling Blood Pressure,4.0
2020,C0111,Controlling Blood Pressure,4.0
2020,C0112,Controlling Blood Pressure,4.0
2020,C0113,Controlling Blood Pressure,3.5
2020,C0114,Controlling Blood Pressure,3.5
2020,C0115,Controlling Blood Pressure,3.5
2020,C0116,Controlling Blood Pressure,3.5
2020,C0117,Controlling Blood Pressure,3.5
2020,C0118,Controlling Blood Pressure,3.5
2020,C0119,Controlling Blood Pressure,4.0
2020,C0120,Controlling Blood Pressure,3.5
2020,C0121,Controlling Blood Pressure,4.0
2020,C0122,Controlling Blood Pressure,3.5
2020,C0123,Controlling Blood Pressure,3.5
2020,C0124,Controlling Blood Pressure,4.0
2020,C0125,Controlling Blood Pressure,4.0
2020,C0126,Controlling Blood Pressure,3.5
2020,C0127,Controlling Blood Pressure,4.0
2020,C0128,Controlling Blood Pressure,3.5
2020,C0129,Controlling Blood Pressure,4.0
2020,C0130,Controlling Blood Pressure,3.5
2020,C0131,Controlling Blood Pressure,4.0
2020,C0132,Controlling Blood Pressure,3.5
2020,C0133,Controlling Blood Pressure,3.5
2020,C0134,Controlling Blood Pressure,4.0
2020,C0135,Controlling Blood Pressure,3.5
2020,C0136,Controlling Blood Pressure,4.0
2020,C0137,Controlling Blood Pressure,3.5
2020,C0138,Controlling Blood Pressure,3.5
2020,C0139,Controlling Blood Pressure,3.5
2020,C0140,Controlling Blood Pressure,4.0
2020,C0141,Controlling Blood Pressure,3.5
2020,C0142,Controlling Blood Pressure,3.5
2020,C0143,Controlling Blood Pressure,4.0
2020,C0144,Controlling Blood Pressure,3.5
2020,C0145,Controlling Blood Pressure,3.5
2020,C0146,Controlling Blood Pressure,4.0
2020,C0147,Controlling Blood Pressure,3.5
2020,C0148,Controlling Blood Pressure,4.0
2020,C0149,Controlling Blood Pressure,3.5
2020,C0150,Controlling Blood Pressure,3.5
2020,C0151,Controlling Blood Pressure,3.5
2020,C0152,Controlling Blood Pressure,4.0
2020,C0153,Controlling Blood Pressure,3.5
2020,C0154,Controlling Blood Pressure,3.5
2020,C0155,Controlling Blood Pressure,4.0
2020,C0156,Controlling Blood Pressure,3.5
2020,C0157,Controlling Blood Pressure,4.0
2020,C0158,Controlling Blood Pressure,3.5
2020,C0159,Controlling Blood Pressure,3.5
2020,C0160,Controlling Blood Pressure,4.0
2020,C0161,Controlling Blood Pressure,3.5
2020,C0162,Controlling Blood Pressure,4.0
2020,C0163,Controlling Blood Pressure,4.0
2020,C0164,Controlling Blood Pressure,4.0
2020,C0165,Controlling Blood Pressure,3.5
2020,C0166,Controlling Blood Pressure,4.0
2020,C0167,Controlling Blood Pressure,3.5
2020,C0168,Controlling Blood Pressure,3.5
2020,C0169,Controlling Blood Pressure,3.5
2020,C0170,Controlling Blood Pressure,4.0
2020,C0171,Controlling Blood Pressure,4.0
2020,C0172,Controlling Blood Pressure,4.0
2020,C0173,Controlling Blood Pressure,4.0
2020,C0174,Controlling Blood Pressure,4.0
2020,C0175,Controlling Blood Pressure,3.5
2020,C0176,Controlling Blood Pressure,3.5
2020,C0177,Controlling Blood Pressure,4.0
2020,C0178,Controlling Blood Pressure,4.0
2020,C0179,Controlling Blood Pressure,3.5
2020,C0180,Controlling Blood Pressure,3.5
2020,C0181,Controlling Blood Pressure,3.5
2020,C0182,Controlling Blood Pressure,3.5
2020,C0183,Controlling Blood Pressure,3.5
2020,C0184,Controlling Blood Pressure,3.5
2020,C0185,Controlling Blood Pressure,3.5
2020,C0186,Controlling Blood Pressure,3.5
2020,C0187,Controlling Blood Pressure,3.5
2020,C0188,Controlling Blood Pressure,4.0
2020,C0189,Controlling Blood Pressure,3.5
2020,C0190,Controlling Blood Pressure,3.5
2020,C0191,Controlling Blood Pressure,3.5
2020,C0192,Controlling Blood Pressure,4.0
2020,C0193,Controlling Blood Pressure,4.0
2020,C0194,Controlling Blood Pressure,3.5
2020,C0195,Controlling Blood Pressure,4.0
2020,C0196,Controlling Blood Pressure,4.0
2020,C0197,Controlling Blood Pressure,4.0
2020,C0198,Controlling Blood Pressure,3.5
2020,C0199,Controlling Blood Pressure,4.0
2020,C0200,Controlling Blood Pressure,4.0
2020,C0201,Controlling Blood Pressure,4.0
2020,C0202,Controlling Blood Pressure,3.5
2020,C0203,Controlling Blood Pressure,4.0
2020,C0204,Controlling Blood Pressure,3.5
2020,C0205,Controlling Blood Pressure,3.5
2020,C0206,Controlling Blood Pressure,4.0
2020,C0207,Controlling Blood Pressure,3.5
2020,C0208,Controlling Blood Pressure,3.5
2020,C0209,Controlling Blood Pressure,3.5
2020,C0210,Controlling Blood Pressure,3.5
2020,C0211,Controlling Blood Pressure,4.0
2020,C0212,Controlling Blood Pressure,3.5
2020,C0213,Controlling Blood Pressure,3.5
2020,C0214,Controlling Blood Pressure,4.0
2020,C0215,Controlling Blood Pressure,4.0
2020,C0216,Controlling Blood Pressure,4.0
2020,C0217,Controlling Blood Pressure,3.5
2020,C0218,Controlling Blood Pressure,3.5
2020,C0219,Controlling Blood Pressure,4.0
2020,C0220,Controlling Blood Pressure,3.5
2020,C0221,Controlling Blood Pressure,4.0
2020,C0222,Controlling Blood Pressure,4.0
2020,C0223,Controlling Blood Pressure,4.0
2020,C0224,Controlling Blood Pressure,3.5
2020,C0225,Controlling Blood Pressure,3.5
2020,C0226,Controlling Blood Pressure,3.5
2020,C0227,Controlling Blood Pressure,4.0
2020,C0228,Controlling Blood Pressure,3.5
2020,C0229,Controlling Blood Pressure,3.5
2020,C0230,Controlling Blood Pressure,3.5
2020,C0231,Controlling Blood Pressure,4.0
2020,C0232,Controlling Blood Pressure,3.5
2020,C0233,Controlling Blood Pressure,3.5
2020,C0234,Controlling Blood Pressure,3.5
2020,C0235,Controlling Blood Pressure,3.5
2020,C0236,Controlling Blood Pressure,4.0
2020,C0237,Controlling Blood Pressure,3.5
2020,C0238,Controlling Blood Pressure,4.0
2020,C0239,Controlling Blood Pressure,4.0
2020,C0240,Controlling Blood Pressure,3.5
2020,C0241,Controlling Blood Pressure,3.5
2020,C0242,Controlling Blood Pressure,3.5
2020,C0243,Controlling Blood Pressure,3.5
2020,C0244,Controlling Blood Pressure,4.0
2020,C0245,Controlling Blood Pressure,4.0
2020,C0246,Controlling Blood Pressure,4.0
2020,C0247,Controlling Blood Pressure,4.0
2020,C0248,Controlling Blood Pressure,3.5
2020,C0249,Controlling Blood Pressure,4.0
2020,C0250,Controlling Blood Pressure,4.0
2021,C0001,Breast Cancer Screening,3.5
2021,C0002,Breast Cancer Screening,4.0
2021,C0003,Breast Cancer Screening,4.0
2021,C0004,Breast Cancer Screening,3.5
2021,C0005,Breast Cancer Screening,4.0
2021,C0006,Breast Cancer Screening,3.5
2021,C0007,Breast Cancer Screening,4.0
2021,C0008,Breast Cancer Screening,3.5
2021,C0009,Breast Cancer Screening,4.0
2021,C0010,Breast Cancer Screening,4.0
2021,C0011,Breast Cancer Screening,4.0
2021,C0012,Breast Cancer Screening,3.5
2021,C0013,Breast Cancer Screening,4.0
2021,C0014,Breast Cancer Screening,3.5
2021,C0015,Breast Cancer Screening,3.5
2021,C0016,Breast Cancer Screening,4.0
2021,C0017,Breast Cancer Screening,4.0
2021,C0018,Breast Cancer Screening,4.0
2021,C0019,Breast Cancer Screening,4.0
2021,C0020,Breast Cancer Screening,3.5
2021,C0021,Breast Cancer Screening,4.0
2021,C0022,Breast Cancer Screening,4.0
2021,C0023,Breast Cancer Screening,4.0
2021,C0024,Breast Cancer Screening,4.0
2021,C0025,Breast Cancer Screening,3.5
2021,C0026,Breast Cancer Screening,3.5
2021,C0027,Breast Cancer Screening,3.5
2021,C0028,Breast Cancer Screening,3.5
2021,C0029,Breast Cancer Screening,3.5
2021,C0030,Breast Cancer Screening,3.5
2021,C0031,Breast Cancer Screening,4.0
2021,C0032,Breast Cancer Screening,3.5
2021,C0033,Breast Cancer Screening,3.5
2021,C0034,Breast Cancer Screening,3.5
2021,C0035,Breast Cancer Screening,4.0
2021,C0036,Breast Cancer Screening,4.0
2021,C0037,Breast Cancer Screening,4.0
2021,C0038,Breast Cancer Screening,3.5
2021,C0039,Breast Cancer Screening,3.5
2021,C0040,Breast Cancer Screening,3.5
2021,C0041,Breast Cancer Screening,4.0
2021,C0042,Breast Cancer Screening,3.5
2021,C0043,Breast Cancer Screening,4.0
2021,C0044,Breast Cancer Screening,4.0
2021,C0045,Breast Cancer Screening,4.0
2021,C0046,Breast Cancer Screening,4.0
2021,C0047,Breast Cancer Screening,3.5
2021,C0048,Breast Cancer Screening,4.0
2021,C0049,Breast Cancer Screening,4.0
2021,C0050,Breast Cancer Screening,4.0
2021,C0051,Breast Cancer Screening,4.0
2021,C0052,Breast Cancer Screening,3.5
2021,C0053,Breast Cancer Screening,4.0
2021,C0054,Breast Cancer Screening,3.5
2021,C0055,Breast Cancer Screening,4.0
2021,C0056,Breast Cancer Screening,4.0
2021,C0057,Breast Cancer Screening,3.5
2021,C0058,Breast Cancer Screening,4.0
2021,C0059,Breast Cancer Screening,4.0
2021,C0060,Breast Cancer Screening,4.0
2021,C0061,Breast Cancer Screening,3.5
2021,C0062,Breast Cancer Screening,3.5
2021,C0063,Breast Cancer Screening,3.5
2021,C0064,Breast Cancer Screening,4.0
2021,C0065,Breast Cancer Screening,4.0
2021,C0066,Breast Cancer Screening,3.5
2021,C0067,Breast Cancer Screening,4.0
2021,C0068,Breast Cancer Screening,3.5
2021,C0069,Breast Cancer Screening,4.0
2021,C0070,Breast Cancer Screening,3.5
2021,C0071,Breast Cancer Screening,3.5
2021,C0072,Breast Cancer Screening,3.5
2021,C0073,Breast Cancer Screening,3.5
2021,C0074,Breast Cancer Screening,3.5
2021,C0075,Breast Cancer Screening,3.5
2021,C0076,Breast Cancer Screening,3.5
2021,C0077,Breast Cancer Screening,3.5
2021,C0078,Breast Cancer Screening,3.5
2021,C0079,Breast Cancer Screening,4.0
2021,C0080,Breast Cancer Screening,4.0
2021,C0081,Breast Cancer Screening,3.5
2021,C0082,Breast Cancer Screening,3.5
2021,C0083,Breast Cancer Screening,3.5
2021,C0084,Breast Cancer Screening,3.5
2021,C0085,Breast Cancer Screening,4.0
2021,C0086,Breast Cancer Screening,3.5
2021,C0087,Breast Cancer Screening,3.5
2021,C0088,Breast Cancer Screening,3.5
2021,C0089,Breast Cancer Screening,4.0
2021,C0090,Breast Cancer Screening,3.5
2021,C0091,Breast Cancer Screening,3.5
2021,C0092,Breast Cancer Screening,3.5
2021,C0093,Breast Cancer Screening,3.5
2021,C0094,Breast Cancer Screening,4.0
2021,C0095,Breast Cancer Screening,3.5
2021,C0096,Breast Cancer Screening,3.5
2021,C0097,Breast Cancer Screening,3.5
2021,C0098,Breast Cancer Screening,3.5
2021,C0099,Breast Cancer Screening,4.0
2021,C0100,Breast Cancer Screening,4.0
2021,C0101,Breast Cancer Screening,4.0
2021,C0102,Breast Cancer Screening,4.0
2021,C0103,Breast Cancer Screening,4.0
2021,C0104,Breast Cancer Screening,3.5
2021,C0105,Breast Cancer Screening,4.0
2021,C0106,Breast Cancer Screening,4.0
2021,C0107,Breast Cancer Screening,4.0
2021,C0108,Breast Cancer Screening,4.0
2021,C0109,Breast Cancer Screening,4.0
2021,C0110,Breast Cancer Screening,4.0
2021,C0111,Breast Cancer Screening,3.5
2021,C0112,Breast Cancer Screening,3.5
2021,C0113,Breast Cancer Screening,4.0
2021,C0114,Breast Cancer Screening,4.0
2021,C0115,Breast Cancer Screening,3.5
2021,C0116,Breast Cancer Screening,3.5
2021,C0117,Breast Cancer Screening,4.0
2021,C0118,Breast Cancer Screening,4.0
2021,C0119,Breast Cancer Screening,3.5
2021,C0120,Breast Cancer Screening,3.5
2021,C0121,Breast Cancer Screening,3.5
2021,C0122,Breast Cancer Screening,4.0
2021,C0123,Breast Cancer Screening,4.0
2021,C0124,Breast Cancer Screening,4.0
2021,C0125,Breast Cancer Screening,3.5
2021,C0126,Breast Cancer Screening,4.0
2021,C0127,Breast Cancer Screening,4.0
2021,C0128,Breast Cancer Screening,4.0
2021,C0129,Breast Cancer Screening,4.0
2021,C0130,Breast Cancer Screening,3.5
2021,C0131,Breast Cancer Screening,3.5
2021,C0132,Breast Cancer Screening,3.5
2021,C0133,Breast Cancer Screening,3.5
2021,C0134,Breast Cancer Screening,3.5
2021,C0135,Breast Cancer Screening,3.5
2021,C0136,Breast Cancer Screening,4.0
2021,C0137,Breast Cancer Screening,4.0
2021,C0138,Breast Cancer Screening,3.5
2021,C0139,Breast Cancer Screening,3.5
2021,C0140,Breast Cancer Screening,4.0
2021,C0141,Breast Cancer Screening,4.0
2021,C0142,Breast Cancer Screening,3.5
2021,C0143,Breast Cancer Screening,4.0
2021,C0144,Breast Cancer Screening,4.0
2021,C0145,Breast Cancer Screening,4.0
2021,C0146,Breast Cancer Screening,3.5
2021,C0147,Breast Cancer Screening,3.5
2021,C0148,Breast Cancer Screening,4.0
2021,C0149,Breast Cancer Screening,4.0
2021,C0150,Breast Cancer Screening,4.0
2021,C0151,Breast Cancer Screening,3.5
2021,C0152,Breast Cancer Screening,3.5
2021,C0153,Breast Cancer Screening,4.0
2021,C0154,Breast Cancer Screening,4.0
2021,C0155,Breast Cancer Screening,4.0
2021,C0156,Breast Cancer Screening,3.5
2021,C0157,Breast Cancer Screening,4.0
2021,C0158,Breast Cancer Screening,4.0
2021,C0159,Breast Cancer Screening,3.5
2021,C0160,Breast Cancer Screening,4.0
2021,C0161,Breast Cancer Screening,3.5
2021,C0162,Breast Cancer Screening,4.0
2021,C0163,Breast Cancer Screening,4.0
2021,C0164,Breast Cancer Screening,3.5
2021,C0165,Breast Cancer Screening,4.0
2021,C0166,Breast Cancer Screening,3.5
2021,C0167,Breast Cancer Screening,4.0
2021,C0168,Breast Cancer Screening,4.0
2021,C0169,Breast Cancer Screening,3.5
2021,C0170,Breast Cancer Screening,4.0
2021,C0171,Breast Cancer Screening,3.5
2021,C0172,Breast Cancer Screening,3.5
2021,C0173,Breast Cancer Screening,4.0
2021,C0174,Breast Cancer Screening,4.0
2021,C0175,Breast Cancer Screening,3.5
2021,C0176,Breast Cancer Screening,3.5
2021,C0177,Breast Cancer Screening,4.0
2021,C0178,Breast Cancer Screening,3.5
2021,C0179,Breast Cancer Screening,4.0
2021,C0180,Breast Cancer Screening,4.0
2021,C0181,Breast Cancer Screening,4.0
2021,C0182,Breast Cancer Screening,4.0
2021,C0183,Breast Cancer Screening,3.5
2021,C0184,Breast Cancer Screening,3.5
2021,C0185,Breast Cancer Screening,3.5
2021,C0186,Breast Cancer Screening,4.0
2021,C0187,Breast Cancer Screening,3.5
2021,C0188,Breast Cancer Screening,4.0
2021,C0189,Breast Cancer Screening,3.5
2021,C0190,Breast Cancer Screening,4.0
2021,C0191,Breast Cancer Screening,3.5
2021,C0192,Breast Cancer Screening,4.0
2021,C0193,Breast Cancer Screening,4.0
2021,C0194,Breast Cancer Screening,3.5
2021,C0195,Breast Cancer Screening,4.0
2021,C0196,Breast Cancer Screening,3.5
2021,C0197,Breast Cancer Screening,4.0
2021,C0198,Breast Cancer Screening,3.5
2021,C0199,Breast Cancer Screening,3.5
2021,C0200,Breast Cancer Screening,3.5
2021,C0201,Breast Cancer Screening,4.0
2021,C0202,Breast Cancer Screening,3.5
2021,C0203,Breast Cancer Screening,3.5
2021,C0204,Breast Cancer Screening,3.5
2021,C0205,Breast Cancer Screening,3.5
2021,C0206,Breast Cancer Screening,4.0
2021,C0207,Breast Cancer Screening,3.5
2021,C0208,Breast Cancer Screening,4.0
2021,C0209,Breast Cancer Screening,4.0
2021,C0210,Breast Cancer Screening,3.5
2021,C0211,Breast Cancer Screening,4.0
2021,C0212,Breast Cancer Screening,4.0
2021,C0213,Breast Cancer Screening,3.5
2021,C0214,Breast Cancer Screening,4.0
2021,C0215,Breast Cancer Screening,3.5
2021,C0216,Breast Cancer Screening,3.5
2021,C0217,Breast Cancer Screening,3.5
2021,C0218,Breast Cancer Screening,3.5
2021,C0219,Breast Cancer Screening,4.0
2021,C0220,Breast Cancer Screening,4.0
2021,C0221,Breast Cancer Screening,3.5
2021,C0222,Breast Cancer Screening,3.5
2021,C0223,Breast Cancer Screening,3.5
2021,C0224,Breast Cancer Screening,4.0
2021,C0225,Breast Cancer Screening,4.0
2021,C0226,Breast Cancer Screening,3.5
2021,C0227,Breast Cancer Screening,4.0
2021,C0228,Breast Cancer Screening,4.0
2021,C0229,Breast Cancer Screening,3.5
2021,C0230,Breast Cancer Screening,3.5
2021,C0231,Breast Cancer Screening,3.5
2021,C0232,Breast Cancer Screening,4.0
2021,C0233,Breast Cancer Screening,3.5
2021,C0234,Breast Cancer Screening,3.5
2021,C0235,Breast Cancer Screening,4.0
2021,C0236,Breast Cancer Screening,3.5
2021,C0237,Breast Cancer Screening,4.0
2021,C0238,Breast Cancer Screening,3.5
2021,C0239,Breast Cancer Screening,3.5
2021,C0240,Breast Cancer Screening,4.0
2021,C0241,Breast Cancer Screening,4.0
2021,C0242,Breast Cancer Screening,3.5
2021,C0243,Breast Cancer Screening,3.5
2021,C0244,Breast Cancer Screening,4.0
2021,C0245,Breast Cancer Screening,4.0
2021,C0246,Breast Cancer Screening,3.5
2021,C0247,Breast Cancer Screening,3.5
2021,C0248,Breast Cancer Screening,3.5
2021,C0249,Breast Cancer Screening,4.0
2021,C0250,Breast Cancer Screening,4.0
2021,C0001,Medication Reconciliation,3.5
2021,C0002,Medication Reconciliation,3.5
2021,C0003,Medication Reconciliation,3.5
2021,C0004,Medication Reconciliation,3.5
2021,C0005,Medication Reconciliation,3.5
2021,C0006,Medication Reconciliation,3.5
2021,C0007,Medication Reconciliation,3.5
2021,C0008,Medication Reconciliation,3.5
2021,C0009,Medication Reconciliation,3.0
2021,C0010,Medication Reconciliation,3.5
2021,C0011,Medication Reconciliation,3.5
2021,C0012,Medication Reconciliation,3.0
2021,C0013,Medication Reconciliation,3.5
2021,C0014,Medication Reconciliation,3.5
2021,C0015,Medication Reconciliation,3.5
2021,C0016,Medication Reconciliation,3.5
2021,C0017,Medication Reconciliation,3.5
2021,C0018,Medication Reconciliation,3.0
2021,C0019,Medication Reconciliation,3.5
2021,C0020,Medication Reconciliation,3.0
2021,C0021,Medication Reconciliation,3.5
2021,C0022,Medication Reconciliation,3.5
2021,C0023,Medication Reconciliation,3.5
2021,C0024,Medication Reconciliation,3.0
2021,C0025,Medication Reconciliation,3.5
2021,C0026,Medication Reconciliation,3.5
2021,C0027,Medication Reconciliation,3.5
2021,C0028,Medication Reconciliation,3.0
2021,C0029,Medication Reconciliation,3.5
2021,C0030,Medication Reconciliation,3.5
2021,C0031,Medication Reconciliation,3.5
2021,C0032,Medication Reconciliation,3.5
2021,C0033,Medication Reconciliation,3.5
2021,C0034,Medication Reconciliation,3.5
2021,C0035,Medication Reconciliation,3.5
2021,C0036,Medication Reconciliation,3.5
2021,C0037,Medication Reconciliation,3.5
2021,C0038,Medication Reconciliation,3.5
2021,C0039,Medication Reconciliation,3.0
2021,C0040,Medication Reconciliation,3.5
2021,C0041,Medication Reconciliation,3.5
2021,C0042,Medication Reconciliation,3.5
2021,C0043,Medication Reconciliation,3.5
2021,C0044,Medication Reconciliation,3.0
2021,C0045,Medication Reconciliation,3.5
2021,C0046,Medication Reconciliation,3.5
2021,C0047,Medication Reconciliation,3.0
2021,C0048,Medication Reconciliation,3.5
2021,C0049,Medication Reconciliation,3.5
2021,C0050,Medication Reconciliation,3.5
2021,C0051,Medication Reconciliation,3.5
2021,C0052,Medication Reconciliation,3.0
2021,C0053,Medication Reconciliation,3.5
2021,C0054,Medication Reconciliation,3.5
2021,C0055,Medication Reconciliation,3.5
2021,C0056,Medication Reconciliation,3.0
2021,C0057,Medication Reconciliation,3.5
2021,C0058,Medication Reconciliation,3.5
2021,C0059,Medication Reconciliation,3.0
2021,C0060,Medication Reconciliation,3.0
2021,C0061,Medication Reconciliation,3.5
2021,C0062,Medication Reconciliation,3.5
2021,C0063,Medication Reconciliation,3.0
2021,C0064,Medication Reconciliation,3.5
2021,C0065,Medication Reconciliation,3.5
2021,C0066,Medication Reconciliation,3.5
2021,C0067,Medication Reconciliation,3.5
2021,C0068,Medication Reconciliation,3.5
2021,C0069,Medication Reconciliation,3.5
2021,C0070,Medication Reconciliation,3.5
2021,C0071,Medication Reconciliation,3.5
2021,C0072,Medication Reconciliation,3.0
2021,C0073,Medication Reconciliation,3.0
2021,C0074,Medication Reconciliation,3.5
2021,C0075,Medication Reconciliation,3.0
2021,C0076,Medication Reconciliation,3.5
2021,C0077,Medication Reconciliation,3.5
2021,C0078,Medication Reconciliation,3.5
2021,C0079,Medication Reconciliation,3.5
2021,C0080,Medication Reconciliation,3.5
2021,C0081,Medication Reconciliation,3.5
2021,C0082,Medication Reconciliation,3.5
2021,C0083,Medication Reconciliation,3.5
2021,C0084,Medication Reconciliation,3.5
2021,C0085,Medication Reconciliation,3.5
2021,C0086,Medication Reconciliation,3.5
2021,C0087,Medication Reconciliation,3.0
2021,C0088,Medication Reconciliation,3.5
2021,C0089,Medication Reconciliation,3.5
2021,C0090,Medication Reconciliation,3.5
2021,C0091,Medication Reconciliation,3.5
2021,C0092,Medication Reconciliation,3.5
2021,C0093,Medication Reconciliation,3.5
2021,C0094,Medication Reconciliation,3.5
2021,C0095,Medication Reconciliation,3.5
2021,C0096,Medication Reconciliation,3.5
2021,C0097,Medication Reconciliation,3.0
2021,C0098,Medication Reconciliation,3.5
2021,C0099,Medication Reconciliation,3.0
2021,C0100,Medication Reconciliation,3.5
2021,C0101,Medication Reconciliation,3.5
2021,C0102,Medication Reconciliation,3.5
2021,C0103,Medication Reconciliation,3.5
2021,C0104,Medication Reconciliation,3.5
2021,C0105,Medication Reconciliation,3.0
2021,C0106,Medication Reconciliation,3.5
2021,C0107,Medication Reconciliation,3.5
2021,C0108,Medication Reconciliation,3.5
2021,C0109,Medication Reconciliation,3.5
2021,C0110,Medication Reconciliation,3.5
2021,C0111,Medication Reconciliation,3.5
2021,C0112,Medication Reconciliation,3.5
2021,C0113,Medication Reconciliation,3.5
2021,C0114,Medication Reconciliation,3.0
2021,C0115,Medication Reconciliation,3.5
2021,C0116,Medication Reconciliation,3.5
2021,C0117,Medication Reconciliation,3.5
2021,C0118,Medication Reconciliation,3.5
2021,C0119,Medication Reconciliation,3.5
2021,C0120,Medication Reconciliation,3.5
2021,C0121,Medication Reconciliation,3.5
2021,C0122,Medication Reconciliation,3.5
2021,C0123,Medication Reconciliation,3.5
2021,C0124,Medication Reconciliation,3.5
2021,C0125,Medication Reconciliation,3.5
2021,C0126,Medication Reconciliation,3.5
2021,C0127,Medication Reconciliation,3.5
2021,C0128,Medication Reconciliation,3.0
2021,C0129,Medication Reconciliation,3.0
2021,C0130,Medication Reconciliation,3.0
2021,C0131,Medication Reconciliation,3.5
2021,C0132,Medication Reconciliation,3.5
2021,C0133,Medication Reconciliation,3.5
2021,C0134,Medication Reconciliation,3.5
2021,C0135,Medication Reconciliation,3.0
2021,C0136,Medication Reconciliation,3.0
2021,C0137,Medication Reconciliation,3.5
2021,C0138,Medication Reconciliation,3.5
2021,C0139,Medication Reconciliation,3.5
2021,C0140,Medication Reconciliation,3.5
2021,C0141,Medication Reconciliation,3.5
2021,C0142,Medication Reconciliation,3.5
2021,C0143,Medication Reconciliation,3.0
2021,C0144,Medication Reconciliation,3.5
2021,C0145,Medication Reconciliation,3.0
2021,C0146,Medication Reconciliation,3.5
2021,C0147,Medication Reconciliation,3.5
2021,C0148,Medication Reconciliation,3.5
2021,C0149,Medication Reconciliation,3.5
2021,C0150,Medication Reconciliation,3.5
2021,C0151,Medication Reconciliation,3.5
2021,C0152,Medication Reconciliation,3.5
2021,C0153,Medication Reconciliation,3.5
2021,C0154,Medication Reconciliation,3.5
2021,C0155,Medication Reconciliation,3.5
2021,C0156,Medication Reconciliation,3.5
2021,C0157,Medication Reconciliation,3.5
2021,C0158,Medication Reconciliation,3.5
2021,C0159,Medication Reconciliation,3.5
2021,C0160,Medication Reconciliation,3.5
2021,C0161,Medication Reconciliation,3.5
2021,C0162,Medication Reconciliation,3.5
2021,C0163,Medication Reconciliation,3.0
2021,C0164,Medication Reconciliation,3.5
2021,C0165,Medication Reconciliation,3.5
2021,C0166,Medication Reconciliation,3.5
2021,C0167,Medication Reconciliation,3.0
2021,C0168,Medication Reconciliation,3.5
2021,C0169,Medication Reconciliation,3.5
2021,C0170,Medication Reconciliation,3.5
2021,C0171,Medication Reconciliation,3.5
2021,C0172,Medication Reconciliation,3.5
2021,C0173,Medication Reconciliation,3.5
2021,C0174,Medication Reconciliation,3.5
2021,C0175,Medication Reconciliation,3.5
2021,C0176,Medication Reconciliation,3.0
2021,C0177,Medication Reconciliation,3.5
2021,C0178,Medication Reconciliation,3.5
2021,C0179,Medication Reconciliation,3.5
2021,C0180,Medication Reconciliation,3.5
2021,C0181,Medication Reconciliation,3.5
2021,C0182,Medication Reconciliation,3.0
2021,C0183,Medication Reconciliation,3.0
2021,C0184,Medication Reconciliation,3.5
2021,C0185,Medication Reconciliation,3.5
2021,C0186,Medication Reconciliation,3.5
2021,C0187,Medication Reconciliation,3.5
2021,C0188,Medication Reconciliation,3.0
2021,C0189,Medication Reconciliation,3.5
2021,C0190,Medication Reconciliation,3.5
2021,C0191,Medication Reconciliation,3.5
2021,C0192,Medication Reconciliation,3.5
2021,C0193,Medication Reconciliation,3.5
2021,C0194,Medication Reconciliation,3.5
2021,C0195,Medication Reconciliation,3.5
2021,C0196,Medication Reconciliation,3.5
2021,C0197,Medication Reconciliation,3.5
2021,C0198,Medication Reconciliation,3.5
2021,C0199,Medication Reconciliation,3.5
2021,C0200,Medication Reconciliation,3.5
2021,C0201,Medication Reconciliation,3.5
2021,C0202,Medication Reconciliation,3.5
2021,C0203,Medication Reconciliation,3.5
2021,C0204,Medication Reconciliation,3.0
2021,C0205,Medication Reconciliation,3.5
2021,C0206,Medication Reconciliation,3.5
2021,C0207,Medication Reconciliation,3.5
2021,C0208,Medication Reconciliation,3.5
2021,C0209,Medication Reconciliation,3.5
2021,C0210,Medication Reconciliation,3.5
2021,C0211,Medication Reconciliation,3.5
2021,C0212,Medication Reconciliation,3.5
2021,C0213,Medication Reconciliation,3.5
2021,C0214,Medication Reconciliation,3.5
2021,C0215,Medication Reconciliation,3.0
2021,C0216,Medication Reconciliation,3.5
2021,C0217,Medication Reconciliation,3.5
2021,C0218,Medication Reconciliation,3.0
2021,C0219,Medication Reconciliation,3.5
2021,C0220,Medication Reconciliation,3.5
2021,C0221,Medication Reconciliation,3.5
2021,C0222,Medication Reconciliation,3.5
2021,C0223,Medication Reconciliation,3.0
2021,C0224,Medication Reconciliation,3.5
2021,C0225,Medication Reconciliation,3.5
2021,C0226,Medication Reconciliation,3.5
2021,C0227,Medication Reconciliation,3.5
2021,C0228,Medication Reconciliation,3.5
2021,C0229,Medication Reconciliation,3.5
2021,C0230,Medication Reconciliation,3.0
2021,C0231,Medication Reconciliation,3.5
2021,C0232,Medication Reconciliation,3.5
2021,C0233,Medication Reconciliation,3.0
2021,C0234,Medication Reconciliation,3.5
2021,C0235,Medication Reconciliation,3.5
2021,C0236,Medication Reconciliation,3.5
2021,C0237,Medication Reconciliation,3.5
2021,C0238,Medication Reconciliation,3.0
2021,C0239,Medication Reconciliation,3.5
2021,C0240,Medication Reconciliation,3.5
2021,C0241,Medication Reconciliation,3.5
2021,C0242,Medication Reconciliation,3.5
2021,C0243,Medication Reconciliation,3.5
2021,C0244,Medication Reconciliation,3.5
2021,C0245,Medication Reconciliation,3.0
2021,C0246,Medication Reconciliation,3.0
2021,C0247,Medication Reconciliation,3.5
2021,C0248,Medication Reconciliation,3.0
2021,C0249,Medication Reconciliation,3.0
2021,C0250,Medication Reconciliation,3.5
2021,C0001,Plan All-Cause Readmissions,4.0
2021,C0002,Plan All-Cause Readmissions,4.0
2021,C0003,Plan All-Cause Readmissions,4.0
2021,C0004,Plan All-Cause Readmissions,3.5
2021,C0005,Plan All-Cause Readmissions,4.0
2021,C0006,Plan All-Cause Readmissions,4.0
2021,C0007,Plan All-Cause Readmissions,3.5
2021,C0008,Plan All-Cause Readmissions,3.5
2021,C0009,Plan All-Cause Readmissions,4.0
2021,C0010,Plan All-Cause Readmissions,4.0
2021,C0011,Plan All-Cause Readmissions,4.0
2021,C0012,Plan All-Cause Readmissions,3.5
2021,C0013,Plan All-Cause Readmissions,4.0
2021,C0014,Plan All-Cause Readmissions,3.5
2021,C0015,Plan All-Cause Readmissions,3.5
2021,C0016,Plan All-Cause Readmissions,3.5
2021,C0017,Plan All-Cause Readmissions,3.5
2021,C0018,Plan All-Cause Readmissions,4.0
2021,C0019,Plan All-Cause Readmissions,4.0
2021,C0020,Plan All-Cause Readmissions,3.5
2021,C0021,Plan All-Cause Readmissions,4.0
2021,C0022,Plan All-Cause Readmissions,4.0
2021,C0023,Plan All-Cause Readmissions,3.5
2021,C0024,Plan All-Cause Readmissions,4.0
2021,C0025,Plan All-Cause Readmissions,4.0
2021,C0026,Plan All-Cause Readmissions,3.5
2021,C0027,Plan All-Cause Readmissions,4.0
2021,C0028,Plan All-Cause Readmissions,4.0
2021,C0029,Plan All-Cause Readmissions,4.0
2021,C0030,Plan All-Cause Readmissions,4.0
2021,C0031,Plan All-Cause Readmissions,4.0
2021,C0032,Plan All-Cause Readmissions,3.5
2021,C0033,Plan All-Cause Readmissions,4.0
2021,C0034,Plan All-Cause Readmissions,4.0
2021,C0035,Plan All-Cause Readmissions,3.5
2021,C0036,Plan All-Cause Readmissions,4.0
2021,C0037,Plan All-Cause Readmissions,4.0
2021,C0038,Plan All-Cause Readmissions,4.0
2021,C0039,Plan All-Cause Readmissions,4.0
2021,C0040,Plan All-Cause Readmissions,3.5
2021,C0041,Plan All-Cause Readmissions,3.5
2021,C0042,Plan All-Cause Readmissions,3.5
2021,C0043,Plan All-Cause Readmissions,4.0
2021,C0044,Plan All-Cause Readmissions,4.0
2021,C0045,Plan All-Cause Readmissions,4.0
2021,C0046,Plan All-Cause Readmissions,4.0
2021,C0047,Plan All-Cause Readmissions,4.0
2021,C0048,Plan All-Cause Readmissions,3.5
2021,C0049,Plan All-Cause Readmissions,3.5
2021,C0050,Plan All-Cause Readmissions,4.0
2021,C0051,Plan All-Cause Readmissions,4.0
2021,C0052,Plan All-Cause Readmissions,4.0
2021,C0053,Plan All-Cause Readmissions,3.5
2021,C0054,Plan All-Cause Readmissions,4.0
2021,C0055,Plan All-Cause Readmissions,3.5
2021,C0056,Plan All-Cause Readmissions,3.5
2021,C0057,Plan All-Cause Readmissions,3.5
2021,C0058,Plan All-Cause Readmissions,4.0
2021,C0059,Plan All-Cause Readmissions,4.0
2021,C0060,Plan All-Cause Readmissions,4.0
2021,C0061,Plan All-Cause Readmissions,4.0
2021,C0062,Plan All-Cause Readmissions,4.0
2021,C0063,Plan All-Cause Readmissions,4.0
2021,C0064,Plan All-Cause Readmissions,3.5
2021,C0065,Plan All-Cause Readmissions,4.0
2021,C0066,Plan All-Cause Readmissions,4.0
2021,C0067,Plan All-Cause Readmissions,4.0
2021,C0068,Plan All-Cause Readmissions,4.0
2021,C0069,Plan All-Cause Readmissions,4.0
2021,C0070,Plan All-Cause Readmissions,3.5
2021,C0071,Plan All-Cause Readmissions,3.5
2021,C0072,Plan All-Cause Readmissions,4.0
2021,C0073,Plan All-Cause Readmissions,4.0
2021,C0074,Plan All-Cause Readmissions,4.0
2021,C0075,Plan All-Cause Readmissions,4.0
2021,C0076,Plan All-Cause Readmissions,3.5
2021,C0077,Plan All-Cause Readmissions,3.5
2021,C0078,Plan All-Cause Readmissions,3.5
2021,C0079,Plan All-Cause Readmissions,3.5
2021,C0080,Plan All-Cause Readmissions,4.0
2021,C0081,Plan All-Cause Readmissions,3.5
2021,C0082,Plan All-Cause Readmissions,4.0
2021,C0083,Plan All-Cause Readmissions,4.0
2021,C0084,Plan All-Cause Readmissions,4.0
2021,C0085,Plan All-Cause Readmissions,3.5
2021,C0086,Plan All-Cause Readmissions,4.0
2021,C0087,Plan All-Cause Readmissions,4.0
2021,C0088,Plan All-Cause Readmissions,3.5
2021,C0089,Plan All-Cause Readmissions,3.5
2021,C0090,Plan All-Cause Readmissions,4.0
2021,C0091,Plan All-Cause Readmissions,4.0
2021,C0092,Plan All-Cause Readmissions,4.0
2021,C0093,Plan All-Cause Readmissions,4.0
2021,C0094,Plan All-Cause Readmissions,3.5
2021,C0095,Plan All-Cause Readmissions,4.0
2021,C0096,Plan All-Cause Readmissions,3.5
2021,C0097,Plan All-Cause Readmissions,4.0
2021,C0098,Plan All-Cause Readmissions,3.5
2021,C0099,Plan All-Cause Readmissions,4.0
2021,C0100,Plan All-Cause Readmissions,3.5
2021,C0101,Plan All-Cause Readmissions,4.0
2021,C0102,Plan All-Cause Readmissions,4.0
2021,C0103,Plan All-Cause Readmissions,3.5
2021,C0104,Plan All-Cause Readmissions,4.0
2021,C0105,Plan All-Cause Readmissions,4.0
2021,C0106,Plan All-Cause Readmissions,3.5
2021,C0107,Plan All-Cause Readmissions,4.0
2021,C0108,Plan All-Cause Readmissions,4.0
2021,C0109,Plan All-Cause Readmissions,3.5
2021,C0110,Plan All-Cause Readmissions,4.0
2021,C0111,Plan All-Cause Readmissions,4.0
2021,C0112,Plan All-Cause Readmissions,4.0
2021,C0113,Plan All-Cause Readmissions,3.5
2021,C0114,Plan All-Cause Readmissions,3.5
2021,C0115,Plan All-Cause Readmissions,4.0
2021,C0116,Plan All-Cause Readmissions,3.5
2021,C0117,Plan All-Cause Readmissions,4.0
2021,C0118,Plan All-Cause Readmissions,3.5
2021,C0119,Plan All-Cause Readmissions,3.5
2021,C0120,Plan All-Cause Readmissions,4.0
2021,C0121,Plan All-Cause Readmissions,4.0
2021,C0122,Plan All-Cause Readmissions,4.0
2021,C0123,Plan All-Cause Readmissions,3.5
2021,C0124,Plan All-Cause Readmissions,4.0
2021,C0125,Plan All-Cause Readmissions,4.0
2021,C0126,Plan All-Cause Readmissions,4.0
2021,C0127,Plan All-Cause Readmissions,3.5
2021,C0128,Plan All-Cause Readmissions,4.0
2021,C0129,Plan All-Cause Readmissions,4.0
2021,C0130,Plan All-Cause Readmissions,4.0
2021,C0131,Plan All-Cause Readmissions,3.5
2021,C0132,Plan All-Cause Readmissions,4.0
2021,C0133,Plan All-Cause Readmissions,4.0
2021,C0134,Plan All-Cause Readmissions,4.0
2021,C0135,Plan All-Cause Readmissions,3.5
2021,C0136,Plan All-Cause Readmissions,3.5
2021,C0137,Plan All-Cause Readmissions,4.0
2021,C0138,Plan All-Cause Readmissions,3.5
2021,C0139,Plan All-Cause Readmissions,3.5
2021,C0140,Plan All-Cause Readmissions,4.0
2021,C0141,Plan All-Cause Readmissions,4.0
2021,C0142,Plan All-Cause Readmissions,3.5
2021,C0143,Plan All-Cause Readmissions,3.5
2021,C0144,Plan All-Cause Readmissions,4.0
2021,C0145,Plan All-Cause Readmissions,4.0
2021,C0146,Plan All-Cause Readmissions,4.0
2021,C0147,Plan All-Cause Readmissions,4.0
2021,C0148,Plan All-Cause Readmissions,4.0
2021,C0149,Plan All-Cause Readmissions,3.5
2021,C0150,Plan All-Cause Readmissions,4.0
2021,C0151,Plan All-Cause Readmissions,4.0
2021,C0152,Plan All-Cause Readmissions,3.5
2021,C0153,Plan All-Cause Readmissions,4.0
2021,C0154,Plan All-Cause Readmissions,4.0
2021,C0155,Plan All-Cause Readmissions,4.0
2021,C0156,Plan All-Cause Readmissions,4.0
2021,C0157,Plan All-Cause Readmissions,4.0
2021,C0158,Plan All-Cause Readmissions,3.5
2021,C0159,Plan All-Cause Readmissions,4.0
2021,C0160,Plan All-Cause Readmissions,4.0
2021,C0161,Plan All-Cause Readmissions,3.5
2021,C0162,Plan All-Cause Readmissions,3.5
2021,C0163,Plan All-Cause Readmissions,4.0
2021,C0164,Plan All-Cause Readmissions,4.0
2021,C0165,Plan All-Cause Readmissions,4.0
2021,C0166,Plan All-Cause Readmissions,3.5
2021,C0167,Plan All-Cause Readmissions,4.0
2021,C0168,Plan All-Cause Readmissions,3.5
2021,C0169,Plan All-Cause Readmissions,4.0
2021,C0170,Plan All-Cause Readmissions,3.5
2021,C0171,Plan All-Cause Readmissions,4.0
2021,C0172,Plan All-Cause Readmissions,4.0
2021,C0173,Plan All-Cause Readmissions,3.5
2021,C0174,Plan All-Cause Readmissions,4.0
2021,C0175,Plan All-Cause Readmissions,4.0
2021,C0176,Plan All-Cause Readmissions,4.0
2021,C0177,Plan All-Cause Readmissions,4.0
2021,C0178,Plan All-Cause Readmissions,4.0
2021,C0179,Plan All-Cause Readmissions,3.5
2021,C0180,Plan All-Cause Readmissions,4.0
2021,C0181,Plan All-Cause Readmissions,3.5
2021,C0182,Plan All-Cause Readmissions,4.0
2021,C0183,Plan All-Cause Readmissions,4.0
2021,C0184,Plan All-Cause Readmissions,3.5
2021,C0185,Plan All-Cause Readmissions,3.5
2021,C0186,Plan All-Cause Readmissions,4.0
2021,C0187,Plan All-Cause Readmissions,3.5
2021,C0188,Plan All-Cause Readmissions,4.0
2021,C0189,Plan All-Cause Readmissions,3.5
2021,C0190,Plan All-Cause Readmissions,4.0
2021,C0191,Plan All-Cause Readmissions,4.0
2021,C0192,Plan All-Cause Readmissions,4.0
2021,C0193,Plan All-Cause Readmissions,3.5
2021,C0194,Plan All-Cause Readmissions,4.0
2021,C0195,Plan All-Cause Readmissions,4.0
2021,C0196,Plan All-Cause Readmissions,4.0
2021,C0197,Plan All-Cause Readmissions,4.0
2021,C0198,Plan All-Cause Readmissions,4.0
2021,C0199,Plan All-Cause Readmissions,4.0
2021,C0200,Plan All-Cause Readmissions,4.0
2021,C0201,Plan All-Cause Readmissions,4.0
2021,C0202,Plan All-Cause Readmissions,4.0
2021,C0203,Plan All-Cause Readmissions,3.5
2021,C0204,Plan All-Cause Readmissions,4.0
2021,C0205,Plan All-Cause Readmissions,3.5
2021,C0206,Plan All-Cause Readmissions,3.5
2021,C0207,Plan All-Cause Readmissions,4.0
2021,C0208,Plan All-Cause Readmissions,3.5
2021,C0209,Plan All-Cause Readmissions,4.0
2021,C0210,Plan All-Cause Readmissions,4.0
2021,C0211,Plan All-Cause Readmissions,4.0
2021,C0212,Plan All-Cause Readmissions,4.0
2021,C0213,Plan All-Cause Readmissions,3.5
2021,C0214,Plan All-Cause Readmissions,4.0
2021,C0215,Plan All-Cause Readmissions,4.0
2021,C0216,Plan All-Cause Readmissions,3.5
2021,C0217,Plan All-Cause Readmissions,4.0
2021,C0218,Plan All-Cause Readmissions,4.0
2021,C0219,Plan All-Cause Readmissions,4.0
2021,C0220,Plan All-Cause Readmissions,3.5
2021,C0221,Plan All-Cause Readmissions,4.0
2021,C0222,Plan All-Cause Readmissions,4.0
2021,C0223,Plan All-Cause Readmissions,4.0
2021,C0224,Plan All-Cause Readmissions,3.5
2021,C0225,Plan All-Cause Readmissions,4.0
2021,C0226,Plan All-Cause Readmissions,3.5
2021,C0227,Plan All-Cause Readmissions,4.0
2021,C0228,Plan All-Cause Readmissions,3.5
2021,C0229,Plan All-Cause Readmissions,4.0
2021,C0230,Plan All-Cause Readmissions,3.5
2021,C0231,Plan All-Cause Readmissions,3.5
2021,C0232,Plan All-Cause Readmissions,4.0
2021,C0233,Plan All-Cause Readmissions,4.0
2021,C0234,Plan All-Cause Readmissions,4.0
2021,C0235,Plan All-Cause Readmissions,4.0
2021,C0236,Plan All-Cause Readmissions,3.5
2021,C0237,Plan All-Cause Readmissions,4.0
2021,C0238,Plan All-Cause Readmissions,3.5
2021,C0239,Plan All-Cause Readmissions,4.0
2021,C0240,Plan All-Cause Readmissions,3.5
2021,C0241,Plan All-Cause Readmissions,4.0
2021,C0242,Plan All-Cause Readmissions,3.5
2021,C0243,Plan All-Cause Readmissions,3.5
2021,C0244,Plan All-Cause Readmissions,3.5
2021,C0245,Plan All-Cause Readmissions,4.0
2021,C0246,Plan All-Cause Readmissions,4.0
2021,C0247,Plan All-Cause Readmissions,3.5
2021,C0248,Plan All-Cause Readmissions,4.0
2021,C0249,Plan All-Cause Readmissions,4.0
2021,C0250,Plan All-Cause Readmissions,4.0
2021,C0001,Controlling Blood Pressure,3.5
2021,C0002,Controlling Blood Pressure,3.5
2021,C0003,Controlling Blood Pressure,3.5
2021,C0004,Controlling Blood Pressure,3.5
2021,C0005,Controlling Blood Pressure,3.0
2021,C0006,Controlling Blood Pressure,3.5
2021,C0007,Controlling Blood Pressure,3.5
2021,C0008,Controlling Blood Pressure,3.0
2021,C0009,Controlling Blood Pressure,3.5
2021,C0010,Controlling Blood Pressure,3.5
2021,C0011,Controlling Blood Pressure,3.5
2021,C0012,Controlling Blood Pressure,3.0
2021,C0013,Controlling Blood Pressure,3.5
2021,C0014,Controlling Blood Pressure,3.5
2021,C0015,Controlling Blood Pressure,3.5
2021,C0016,Controlling Blood Pressure,3.5
2021,C0017,Controlling Blood Pressure,3.5
2021,C0018,Controlling Blood Pressure,3.5
2021,C0019,Controlling Blood Pressure,3.5
2021,C0020,Controlling Blood Pressure,3.5
2021,C0021,Controlling Blood Pressure,3.5
2021,C0022,Controlling Blood Pressure,3.0
2021,C0023,Controlling Blood Pressure,3.5
2021,C0024,Controlling Blood Pressure,3.5
2021,C0025,Controlling Blood Pressure,3.5
2021,C0026,Controlling Blood Pressure,3.5
2021,C0027,Controlling Blood Pressure,3.0
2021,C0028,Controlling Blood Pressure,3.5
2021,C0029,Controlling Blood Pressure,3.5
2021,C0030,Controlling Blood Pressure,3.5
2021,C0031,Controlling Blood Pressure,3.5
2021,C0032,Controlling Blood Pressure,3.5
2021,C0033,Controlling Blood Pressure,3.5
2021,C0034,Controlling Blood Pressure,3.5
2021,C0035,Controlling Blood Pressure,3.5
2021,C0036,Controlling Blood Pressure,3.5
2021,C0037,Controlling Blood Pressure,3.5
2021,C0038,Controlling Blood Pressure,3.5
2021,C0039,Controlling Blood Pressure,3.5
2021,C0040,Controlling Blood Pressure,3.5
2021,C0041,Controlling Blood Pressure,3.0
2021,C0042,Controlling Blood Pressure,3.5
2021,C0043,Controlling Blood Pressure,3.5
2021,C0044,Controlling Blood Pressure,3.5
2021,C0045,Controlling Blood Pressure,3.5
2021,C0046,Controlling Blood Pressure,3.5
2021,C0047,Controlling Blood Pressure,3.5
2021,C0048,Controlling Blood Pressure,3.0
2021,C0049,Controlling Blood Pressure,3.5
2021,C0050,Controlling Blood Pressure,3.5
2021,C0051,Controlling Blood Pressure,3.5
2021,C0052,Controlling Blood Pressure,3.5
2021,C0053,Controlling Blood Pressure,3.5
2021,C0054,Controlling Blood Pressure,3.5
2021,C0055,Controlling Blood Pressure,3.5
2021,C0056,Controlling Blood Pressure,3.5
2021,C0057,Controlling Blood Pressure,3.5
2021,C0058,Controlling Blood Pressure,3.5
2021,C0059,Controlling Blood Pressure,3.5
2021,C0060,Controlling Blood Pressure,3.5
2021,C0061,Controlling Blood Pressure,3.0
2021,C0062,Controlling Blood Pressure,3.5
2021,C0063,Controlling Blood Pressure,3.0
2021,C0064,Controlling Blood Pressure,3.5
2021,C0065,Controlling Blood Pressure,3.5
2021,C0066,Controlling Blood Pressure,3.5
2021,C0067,Controlling Blood Pressure,3.0
2021,C0068,Controlling Blood Pressure,3.5
2021,C0069,Controlling Blood Pressure,3.5
2021,C0070,Controlling Blood Pressure,3.5
2021,C0071,Controlling Blood Pressure,3.5
2021,C0072,Controlling Blood Pressure,3.5
2021,C0073,Controlling Blood Pressure,3.5
2021,C0074,Controlling Blood Pressure,3.5
2021,C0075,Controlling Blood Pressure,3.5
2021,C0076,Controlling Blood Pressure,3.5
2021,C0077,Controlling Blood Pressure,3.5
2021,C0078,Controlling Blood Pressure,3.5
2021,C0079,Controlling Blood Pressure,3.5
2021,C0080,Controlling Blood Pressure,3.0
2021,C0081,Controlling Blood Pressure,3.5
2021,C0082,Controlling Blood Pressure,3.5
2021,C0083,Controlling Blood Pressure,3.5
2021,C0084,Controlling Blood Pressure,3.5
2021,C0085,Controlling Blood Pressure,3.5
2021,C0086,Controlling Blood Pressure,3.5
2021,C0087,Controlling Blood Pressure,3.5
2021,C0088,Controlling Blood Pressure,3.5
2021,C0089,Controlling Blood Pressure,3.5
2021,C0090,Controlling Blood Pressure,3.5
2021,C0091,Controlling Blood Pressure,3.5
2021,C0092,Controlling Blood Pressure,3.5
2021,C0093,Controlling Blood Pressure,3.5
2021,C0094,Controlling Blood Pressure,3.5
2021,C0095,Controlling Blood Pressure,3.5
2021,C0096,Controlling Blood Pressure,3.5
2021,C0097,Controlling Blood Pressure,3.0
2021,C0098,Controlling Blood Pressure,3.5
2021,C0099,Controlling Blood Pressure,3.5
2021,C0100,Controlling Blood Pressure,3.5
2021,C0101,Controlling Blood Pressure,3.5
2021,C0102,Controlling Blood Pressure,3.5
2021,C0103,Controlling Blood Pressure,3.0
2021,C0104,Controlling Blood Pressure,3.0
2021,C0105,Controlling Blood Pressure,3.5
2021,C0106,Controlling Blood Pressure,3.5
2021,C0107,Controlling Blood Pressure,3.5
2021,C0108,Controlling Blood Pressure,3.5
2021,C0109,Controlling Blood Pressure,3.5
2021,C0110,Controlling Blood Pressure,3.0
2021,C0111,Controlling Blood Pressure,3.5
2021,C0112,Controlling Blood Pressure,3.5
2021,C0113,Controlling Blood Pressure,3.5
2021,C0114,Controlling Blood Pressure,3.0
2021,C0115,Controlling Blood Pressure,3.5
2021,C0116,Controlling Blood Pressure,3.5
2021,C0117,Controlling Blood Pressure,3.5
2021,C0118,Controlling Blood Pressure,3.5
2021,C0119,Controlling Blood Pressure,3.5
2021,C0120,Controlling Blood Pressure,3.5
2021,C0121,Controlling Blood Pressure,3.5
2021,C0122,Controlling Blood Pressure,3.5
2021,C0123,Controlling Blood Pressure,3.5
2021,C0124,Controlling Blood Pressure,3.5
2021,C0125,Controlling Blood Pressure,3.5
2021,C0126,Controlling Blood Pressure,3.5
2021,C0127,Controlling Blood Pressure,3.5
2021,C0128,Controlling Blood Pressure,3.5
2021,C0129,Controlling Blood Pressure,3.5
2021,C0130,Controlling Blood Pressure,3.0
2021,C0131,Controlling Blood Pressure,3.5
2021,C0132,Controlling Blood Pressure,3.5
2021,C0133,Controlling Blood Pressure,3.5
2021,C0134,Controlling Blood Pressure,3.5
2021,C0135,Controlling Blood Pressure,3.5
2021,C0136,Controlling Blood Pressure,3.5
2021,C0137,Controlling Blood Pressure,3.5
2021,C0138,Controlling Blood Pressure,3.5
2021,C0139,Controlling Blood Pressure,3.5
2021,C0140,Controlling Blood Pressure,3.0
2021,C0141,Controlling Blood Pressure,3.5
2021,C0142,Controlling Blood Pressure,3.0
2021,C0143,Controlling Blood Pressure,3.5
2021,C0144,Controlling Blood Pressure,3.5
2021,C0145,Controlling Blood Pressure,3.5
2021,C0146,Controlling Blood Pressure,3.5
2021,C0147,Controlling Blood Pressure,3.0
2021,C0148,Controlling Blood Pressure,3.5
2021,C0149,Controlling Blood Pressure,3.5
2021,C0150,Controlling Blood Pressure,3.0
2021,C0151,Controlling Blood Pressure,3.5
2021,C0152,Controlling Blood Pressure,3.5
2021,C0153,Controlling Blood Pressure,3.5
2021,C0154,Controlling Blood Pressure,3.5
2021,C0155,Controlling Blood Pressure,3.5
2021,C0156,Controlling Blood Pressure,3.5
2021,C0157,Controlling Blood Pressure,3.0
2021,C0158,Controlling Blood Pressure,3.5
2021,C0159,Controlling Blood Pressure,3.5
2021,C0160,Controlling Blood Pressure,3.5
2021,C0161,Controlling Blood Pressure,3.0
2021,C0162,Controlling Blood Pressure,3.5
2021,C0163,Controlling Blood Pressure,3.5
2021,C0164,Controlling Blood Pressure,3.5
2021,C0165,Controlling Blood Pressure,3.5
2021,C0166,Controlling Blood Pressure,3.5
2021,C0167,Controlling Blood Pressure,3.0
2021,C0168,Controlling Blood Pressure,3.0
2021,C0169,Controlling Blood Pressure,3.5
2021,C0170,Controlling Blood Pressure,3.5
2021,C0171,Controlling Blood Pressure,3.5
2021,C0172,Controlling Blood Pressure,3.5
2021,C0173,Controlling Blood Pressure,3.5
2021,C0174,Controlling Blood Pressure,3.5
2021,C0175,Controlling Blood Pressure,3.5
2021,C0176,Controlling Blood Pressure,3.5
2021,C0177,Controlling Blood Pressure,3.5
2021,C0178,Controlling Blood Pressure,3.5
2021,C0179,Controlling Blood Pressure,3.0
2021,C0180,Controlling Blood Pressure,3.5
2021,C0181,Controlling Blood Pressure,3.5
2021,C0182,Controlling Blood Pressure,3.0
2021,C0183,Controlling Blood Pressure,3.5
2021,C0184,Controlling Blood Pressure,3.5
2021,C0185,Controlling Blood Pressure,3.5
2021,C0186,Controlling Blood Pressure,3.5
2021,C0187,Controlling Blood Pressure,3.5
2021,C0188,Controlling Blood Pressure,3.5
2021,C0189,Controlling Blood Pressure,3.5
2021,C0190,Controlling Blood Pressure,3.0
2021,C0191,Controlling Blood Pressure,3.5
2021,C0192,Controlling Blood Pressure,3.5
2021,C0193,Controlling Blood Pressure,3.5
2021,C0194,Controlling Blood Pressure,3.5
2021,C0195,Controlling Blood Pressure,3.0
2021,C0196,Controlling Blood Pressure,3.5
2021,C0197,Controlling Blood Pressure,3.5
2021,C0198,Controlling Blood Pressure,3.0
2021,C0199,Controlling Blood Pressure,3.5
2021,C0200,Controlling Blood Pressure,3.5
2021,C0201,Controlling Blood Pressure,3.5
2021,C0202,Controlling Blood Pressure,3.5
2021,C0203,Controlling Blood Pressure,3.5
2021,C0204,Controlling Blood Pressure,3.5
2021,C0205,Controlling Blood Pressure,3.5
2021,C0206,Controlling Blood Pressure,3.5
2021,C0207,Controlling Blood Pressure,3.5
2021,C0208,Controlling Blood Pressure,3.5
2021,C0209,Controlling Blood Pressure,3.5
2021,C0210,Controlling Blood Pressure,3.0
2021,C0211,Controlling Blood Pressure,3.5
2021,C0212,Controlling Blood Pressure,3.5
2021,C0213,Controlling Blood Pressure,3.5
2021,C0214,Controlling Blood Pressure,3.5
2021,C0215,Controlling Blood Pressure,3.5
2021,C0216,Controlling Blood Pressure,3.5
2021,C0217,Controlling Blood Pressure,3.5
2021,C0218,Controlling Blood Pressure,3.5
2021,C0219,Controlling Blood Pressure,3.0
2021,C0220,Controlling Blood Pressure,3.5
2021,C0221,Controlling Blood Pressure,3.5
2021,C0222,Controlling Blood Pressure,3.0
2021,C0223,Controlling Blood Pressure,3.5
2021,C0224,Controlling Blood Pressure,3.5
2021,C0225,Controlling Blood Pressure,3.5
2021,C0226,Controlling Blood Pressure,3.5
2021,C0227,Controlling Blood Pressure,3.5
2021,C0228,Controlling Blood Pressure,3.0
2021,C0229,Controlling Blood Pressure,3.5
2021,C0230,Controlling Blood Pressure,3.5
2021,C0231,Controlling Blood Pressure,3.5
2021,C0232,Controlling Blood Pressure,3.5
2021,C0233,Controlling Blood Pressure,3.5
2021,C0234,Controlling Blood Pressure,3.5
2021,C0235,Controlling Blood Pressure,3.5
2021,C0236,Controlling Blood Pressure,3.5
2021,C0237,Controlling Blood Pressure,3.5
2021,C0238,Controlling Blood Pressure,3.5
2021,C0239,Controlling Blood Pressure,3.0
2021,C0240,Controlling Blood Pressure,3.5
2021,C0241,Controlling Blood Pressure,3.0
2021,C0242,Controlling Blood Pressure,3.5
2021,C0243,Controlling Blood Pressure,3.5
2021,C0244,Controlling Blood Pressure,3.5
2021,C0245,Controlling Blood Pressure,3.5
2021,C0246,Controlling Blood Pressure,3.5
2021,C0247,Controlling Blood Pressure,3.5
2021,C0248,Controlling Blood Pressure,3.5
2021,C0249,Controlling Blood Pressure,3.5
2021,C0250,Controlling Blood Pressure,3.5
2022,C0001,Breast Cancer Screening,3.5
2022,C0002,Breast Cancer Screening,4.0
2022,C0003,Breast Cancer Screening,3.5
2022,C0004,Breast Cancer Screening,4.0
2022,C0005,Breast Cancer Screening,3.5
2022,C0006,Breast Cancer Screening,3.5
2022,C0007,Breast Cancer Screening,3.5
2022,C0008,Breast Cancer Screening,3.5
2022,C0009,Breast Cancer Screening,3.5
2022,C0010,Breast Cancer Screening,4.0
2022,C0011,Breast Cancer Screening,4.0
2022,C0012,Breast Cancer Screening,3.5
2022,C0013,Breast Cancer Screening,4.0
2022,C0014,Breast Cancer Screening,4.0
2022,C0015,Breast Cancer Screening,3.5
2022,C0016,Breast Cancer Screening,3.5
2022,C0017,Breast Cancer Screening,4.0
2022,C0018,Breast Cancer Screening,4.0
2022,C0019,Breast Cancer Screening,3.5
2022,C0020,Breast Cancer Screening,3.5
2022,C0021,Breast Cancer Screening,3.5
2022,C0022,Breast Cancer Screening,3.5
2022,C0023,Breast Cancer Screening,4.0
2022,C0024,Breast Cancer Screening,4.0
2022,C0025,Breast Cancer Screening,4.0
2022,C0026,Breast Cancer Screening,4.0
2022,C0027,Breast Cancer Screening,3.5
2022,C0028,Breast Cancer Screening,4.0
2022,C0029,Breast Cancer Screening,3.5
2022,C0030,Breast Cancer Screening,3.5
2022,C0031,Breast Cancer Screening,3.5
2022,C0032,Breast Cancer Screening,4.0
2022,C0033,Breast Cancer Screening,4.0
2022,C0034,Breast Cancer Screening,4.0
2022,C0035,Breast Cancer Screening,3.5
2022,C0036,Breast Cancer Screening,3.5
2022,C0037,Breast Cancer Screening,4.0
2022,C0038,Breast Cancer Screening,4.0
2022,C0039,Breast Cancer Screening,3.5
2022,C0040,Breast Cancer Screening,4.0
2022,C0041,Breast Cancer Screening,3.5
2022,C0042,Breast Cancer Screening,4.0
2022,C0043,Breast Cancer Screening,3.5
2022,C0044,Breast Cancer Screening,3.5
2022,C0045,Breast Cancer Screening,3.5
2022,C0046,Breast Cancer Screening,3.5
2022,C0047,Breast Cancer Screening,4.0
2022,C0048,Breast Cancer Screening,4.0
2022,C0049,Breast Cancer Screening,4.0
2022,C0050,Breast Cancer Screening,3.5
2022,C0051,Breast Cancer Screening,3.5
2022,C0052,Breast Cancer Screening,4.0
2022,C0053,Breast Cancer Screening,4.0
2022,C0054,Breast Cancer Screening,3.5
2022,C0055,Breast Cancer Screening,4.0
2022,C0056,Breast Cancer Screening,3.5
2022,C0057,Breast Cancer Screening,4.0
2022,C0058,Breast Cancer Screening,3.5
2022,C0059,Breast Cancer Screening,3.5
2022,C0060,Breast Cancer Screening,3.5
2022,C0061,Breast Cancer Screening,3.5
2022,C0062,Breast Cancer Screening,3.5
2022,C0063,Breast Cancer Screening,3.5
2022,C0064,Breast Cancer Screening,4.0
2022,C0065,Breast Cancer Screening,3.5
2022,C0066,Breast Cancer Screening,3.5
2022,C0067,Breast Cancer Screening,3.5
2022,C0068,Breast Cancer Screening,4.0
2022,C0069,Breast Cancer Screening,4.0
2022,C0070,Breast Cancer Screening,4.0
2022,C0071,Breast Cancer Screening,3.5
2022,C0072,Breast Cancer Screening,3.5
2022,C0073,Breast Cancer Screening,3.5
2022,C0074,Breast Cancer Screening,3.5
2022,C0075,Breast Cancer Screening,4.0
2022,C0076,Breast Cancer Screening,3.5
2022,C0077,Breast Cancer Screening,4.0
2022,C0078,Breast Cancer Screening,3.5
2022,C0079,Breast Cancer Screening,4.0
2022,C0080,Breast Cancer Screening,3.5
2022,C0081,Breast Cancer Screening,4.0
2022,C0082,Breast Cancer Screening,3.5
2022,C0083,Breast Cancer Screening,3.5
2022,C0084,Breast Cancer Screening,4.0
2022,C0085,Breast Cancer Screening,3.5
2022,C0086,Breast Cancer Screening,4.0
2022,C0087,Breast Cancer Screening,3.5
2022,C0088,Breast Cancer Screening,4.0
2022,C0089,Breast Cancer Screening,3.5
2022,C0090,Breast Cancer Screening,3.5
2022,C0091,Breast Cancer Screening,3.5
2022,C0092,Breast Cancer Screening,4.0
2022,C0093,Breast Cancer Screening,3.5
2022,C0094,Breast Cancer Screening,3.5
2022,C0095,Breast Cancer Screening,3.5
2022,C0096,Breast Cancer Screening,4.0
2022,C0097,Breast Cancer Screening,3.5
2022,C0098,Breast Cancer Screening,4.0
2022,C0099,Breast Cancer Screening,4.0
2022,C0100,Breast Cancer Screening,3.5
2022,C0101,Breast Cancer Screening,4.0
2022,C0102,Breast Cancer Screening,3.5
2022,C0103,Breast Cancer Screening,4.0
2022,C0104,Breast Cancer Screening,4.0
2022,C0105,Breast Cancer Screening,3.5
2022,C0106,Breast Cancer Screening,4.0
2022,C0107,Breast Cancer Screening,4.0
2022,C0108,Breast Cancer Screening,3.5
2022,C0109,Breast Cancer Screening,4.0
2022,C0110,Breast Cancer Screening,4.0
2022,C0111,Breast Cancer Screening,3.5
2022,C0112,Breast Cancer Screening,4.0
2022,C0113,Breast Cancer Screening,4.0
2022,C0114,Breast Cancer Screening,3.5
2022,C0115,Breast Cancer Screening,3.5
2022,C0116,Breast Cancer Screening,4.0
2022,C0117,Breast Cancer Screening,3.5
2022,C0118,Breast Cancer Screening,3.5
2022,C0119,Breast Cancer Screening,3.5
2022,C0120,Breast Cancer Screening,4.0
2022,C0121,Breast Cancer Screening,3.5
2022,C0122,Breast Cancer Screening,3.5
2022,C0123,Breast Cancer Screening,4.0
2022,C0124,Breast Cancer Screening,4.0
2022,C0125,Breast Cancer Screening,3.5
2022,C0126,Breast Cancer Screening,3.5
2022,C0127,Breast Cancer Screening,3.5
2022,C0128,Breast Cancer Screening,3.5
2022,C0129,Breast Cancer Screening,4.0
2022,C0130,Breast Cancer Screening,4.0
2022,C0131,Breast Cancer Screening,3.5
2022,C0132,Breast Cancer Screening,4.0
2022,C0133,Breast Cancer Screening,3.5
2022,C0134,Breast Cancer Screening,4.0
2022,C0135,Breast Cancer Screening,3.5
2022,C0136,Breast Cancer Screening,3.5
2022,C0137,Breast Cancer Screening,4.0
2022,C0138,Breast Cancer Screening,4.0
2022,C0139,Breast Cancer Screening,4.0
2022,C0140,Breast Cancer Screening,3.5
2022,C0141,Breast Cancer Screening,4.0
2022,C0142,Breast Cancer Screening,3.5
2022,C0143,Breast Cancer Screening,3.5
2022,C0144,Breast Cancer Screening,3.5
2022,C0145,Breast Cancer Screening,4.0
2022,C0146,Breast Cancer Screening,4.0
2022,C0147,Breast Cancer Screening,4.0
2022,C0148,Breast Cancer Screening,3.5
2022,C0149,Breast Cancer Screening,3.5
2022,C0150,Breast Cancer Screening,4.0
2022,C0151,Breast Cancer Screening,3.5
2022,C0152,Breast Cancer Screening,3.5
2022,C0153,Breast Cancer Screening,3.5
2022,C0154,Breast Cancer Screening,3.5
2022,C0155,Breast Cancer Screening,3.5
2022,C0156,Breast Cancer Screening,4.0
2022,C0157,Breast Cancer Screening,4.0
2022,C0158,Breast Cancer Screening,3.5
2022,C0159,Breast Cancer Screening,4.0
2022,C0160,Breast Cancer Screening,3.5
2022,C0161,Breast Cancer Screening,3.5
2022,C0162,Breast Cancer Screening,4.0
2022,C0163,Breast Cancer Screening,3.5
2022,C0164,Breast Cancer Screening,3.5
2022,C0165,Breast Cancer Screening,4.0
2022,C0166,Breast Cancer Screening,4.0
2022,C0167,Breast Cancer Screening,4.0
2022,C0168,Breast Cancer Screening,4.0
2022,C0169,Breast Cancer Screening,3.5
2022,C0170,Breast Cancer Screening,4.0
2022,C0171,Breast Cancer Screening,4.0
2022,C0172,Breast Cancer Screening,3.5
2022,C0173,Breast Cancer Screening,3.5
2022,C0174,Breast Cancer Screening,4.0
2022,C0175,Breast Cancer Screening,4.0
2022,C0176,Breast Cancer Screening,3.5
2022,C0177,Breast Cancer Screening,4.0
2022,C0178,Breast Cancer Screening,3.5
2022,C0179,Breast Cancer Screening,3.5
2022,C0180,Breast Cancer Screening,3.5
2022,C0181,Breast Cancer Screening,4.0
2022,C0182,Breast Cancer Screening,3.5
2022,C0183,Breast Cancer Screening,4.0
2022,C0184,Breast Cancer Screening,3.5
2022,C0185,Breast Cancer Screening,4.0
2022,C0186,Breast Cancer Screening,3.5
2022,C0187,Breast Cancer Screening,3.5
2022,C0188,Breast Cancer Screening,3.5
2022,C0189,Breast Cancer Screening,3.5
2022,C0190,Breast Cancer Screening,3.5
2022,C0191,Breast Cancer Screening,4.0
2022,C0192,Breast Cancer Screening,3.5
2022,C0193,Breast Cancer Screening,4.0
2022,C0194,Breast Cancer Screening,4.0
2022,C0195,Breast Cancer Screening,4.0
2022,C0196,Breast Cancer Screening,3.5
2022,C0197,Breast Cancer Screening,3.5
2022,C0198,Breast Cancer Screening,3.5
2022,C0199,Breast Cancer Screening,3.5
2022,C0200,Breast Cancer Screening,3.5
2022,C0201,Breast Cancer Screening,3.5
2022,C0202,Breast Cancer Screening,4.0
2022,C0203,Breast Cancer Screening,4.0
2022,C0204,Breast Cancer Screening,4.0
2022,C0205,Breast Cancer Screening,3.5
2022,C0206,Breast Cancer Screening,4.0
2022,C0207,Breast Cancer Screening,4.0
2022,C0208,Breast Cancer Screening,4.0
2022,C0209,Breast Cancer Screening,3.5
2022,C0210,Breast Cancer Screening,3.5
2022,C0211,Breast Cancer Screening,4.0
2022,C0212,Breast Cancer Screening,4.0
2022,C0213,Breast Cancer Screening,3.5
2022,C0214,Breast Cancer Screening,4.0
2022,C0215,Breast Cancer Screening,3.5
2022,C0216,Breast Cancer Screening,4.0
2022,C0217,Breast Cancer Screening,4.0
2022,C0218,Breast Cancer Screening,3.5
2022,C0219,Breast Cancer Screening,4.0
2022,C0220,Breast Cancer Screening,3.5
2022,C0221,Breast Cancer Screening,3.5
2022,C0222,Breast Cancer Screening,4.0
2022,C0223,Breast Cancer Screening,4.0
2022,C0224,Breast Cancer Screening,4.0
2022,C0225,Breast Cancer Screening,4.0
2022,C0226,Breast Cancer Screening,4.0
2022,C0227,Breast Cancer Screening,3.5
2022,C0228,Breast Cancer Screening,3.5
2022,C0229,Breast Cancer Screening,4.0
2022,C0230,Breast Cancer Screening,3.5
2022,C0231,Breast Cancer Screening,3.5
2022,C0232,Breast Cancer Screening,4.0
2022,C0233,Breast Cancer Screening,3.5
2022,C0234,Breast Cancer Screening,4.0
2022,C0235,Breast Cancer Screening,3.5
2022,C0236,Breast Cancer Screening,3.5
2022,C0237,Breast Cancer Screening,3.5
2022,C0238,Breast Cancer Screening,4.0
2022,C0239,Breast Cancer Screening,3.5
2022,C0240,Breast Cancer Screening,3.5
2022,C0241,Breast Cancer Screening,4.0
2022,C0242,Breast Cancer Screening,4.0
2022,C0243,Breast Cancer Screening,3.5
2022,C0244,Breast Cancer Screening,4.0
2022,C0245,Breast Cancer Screening,3.5
2022,C0246,Breast Cancer Screening,4.0
2022,C0247,Breast Cancer Screening,3.5
2022,C0248,Breast Cancer Screening,3.5
2022,C0249,Breast Cancer Screening,4.0
2022,C0250,Breast Cancer Screening,3.5
2022,C0001,Medication Reconciliation,3.5
2022,C0002,Medication Reconciliation,3.0
2022,C0003,Medication Reconciliation,3.5
2022,C0004,Medication Reconciliation,3.5
2022,C0005,Medication Reconciliation,3.5
2022,C0006,Medication Reconciliation,3.5
2022,C0007,Medication Reconciliation,3.5
2022,C0008,Medication Reconciliation,3.5
2022,C0009,Medication Reconciliation,3.5
2022,C0010,Medication Reconciliation,3.5
2022,C0011,Medication Reconciliation,3.5
2022,C0012,Medication Reconciliation,3.5
2022,C0013,Medication Reconciliation,3.5
2022,C0014,Medication Reconciliation,3.5
2022,C0015,Medication Reconciliation,3.5
2022,C0016,Medication Reconciliation,3.5
2022,C0017,Medication Reconciliation,3.5
2022,C0018,Medication Reconciliation,3.5
2022,C0019,Medication Reconciliation,3.0
2022,C0020,Medication Reconciliation,3.0
2022,C0021,Medication Reconciliation,3.5
2022,C0022,Medication Reconciliation,3.5
2022,C0023,Medication Reconciliation,3.5
2022,C0024,Medication Reconciliation,3.5
2022,C0025,Medication Reconciliation,3.5
2022,C0026,Medication Reconciliation,3.0
2022,C0027,Medication Reconciliation,3.5
2022,C0028,Medication Reconciliation,3.5
2022,C0029,Medication Reconciliation,3.5
2022,C0030,Medication Reconciliation,3.5
2022,C0031,Medication Reconciliation,3.5
2022,C0032,Medication Reconciliation,3.5
2022,C0033,Medication Reconciliation,3.5
2022,C0034,Medication Reconciliation,3.0
2022,C0035,Medication Reconciliation,3.5
2022,C0036,Medication Reconciliation,3.5
2022,C0037,Medication Reconciliation,3.5
2022,C0038,Medication Reconciliation,3.5
2022,C0039,Medication Reconciliation,3.5
2022,C0040,Medication Reconciliation,3.5
2022,C0041,Medication Reconciliation,3.5
2022,C0042,Medication Reconciliation,3.0
2022,C0043,Medication Reconciliation,3.0
2022,C0044,Medication Reconciliation,3.0
2022,C0045,Medication Reconciliation,3.5
2022,C0046,Medication Reconciliation,3.5
2022,C0047,Medication Reconciliation,3.5
2022,C0048,Medication Reconciliation,3.5
2022,C0049,Medication Reconciliation,3.5
2022,C0050,Medication Reconciliation,3.5
2022,C0051,Medication Reconciliation,3.5
2022,C0052,Medication Reconciliation,3.0
2022,C0053,Medication Reconciliation,3.5
2022,C0054,Medication Reconciliation,3.0
2022,C0055,Medication Reconciliation,3.5
2022,C0056,Medication Reconciliation,3.5
2022,C0057,Medication Reconciliation,3.5
2022,C0058,Medication Reconciliation,3.5
2022,C0059,Medication Reconciliation,3.5
2022,C0060,Medication Reconciliation,3.5
2022,C0061,Medication Reconciliation,3.0
2022,C0062,Medication Reconciliation,3.5
2022,C0063,Medication Reconciliation,3.5
2022,C0064,Medication Reconciliation,3.0
2022,C0065,Medication Reconciliation,3.0
2022,C0066,Medication Reconciliation,3.5
2022,C0067,Medication Reconciliation,3.5
2022,C0068,Medication Reconciliation,3.5
2022,C0069,Medication Reconciliation,3.5
2022,C0070,Medication Reconciliation,3.5
2022,C0071,Medication Reconciliation,3.5
2022,C0072,Medication Reconciliation,3.5
2022,C0073,Medication Reconciliation,3.5
2022,C0074,Medication Reconciliation,3.5
2022,C0075,Medication Reconciliation,3.0
2022,C0076,Medication Reconciliation,3.5
2022,C0077,Medication Reconciliation,3.5
2022,C0078,Medication Reconciliation,3.5
2022,C0079,Medication Reconciliation,3.5
2022,C0080,Medication Reconciliation,3.5
2022,C0081,Medication Reconciliation,3.5
2022,C0082,Medication Reconciliation,3.5
2022,C0083,Medication Reconciliation,3.0
2022,C0084,Medication Reconciliation,3.5
2022,C0085,Medication Reconciliation,3.5
2022,C0086,Medication Reconciliation,3.5
2022,C0087,Medication Reconciliation,3.5
2022,C0088,Medication Reconciliation,3.5
2022,C0089,Medication Reconciliation,3.5
2022,C0090,Medication Reconciliation,3.5
2022,C0091,Medication Reconciliation,3.5
2022,C0092,Medication Reconciliation,3.5
2022,C0093,Medication Reconciliation,3.5
2022,C0094,Medication Reconciliation,3.5
2022,C0095,Medication Reconciliation,3.5
2022,C0096,Medication Reconciliation,3.5
2022,C0097,Medication Reconciliation,3.5
2022,C0098,Medication Reconciliation,3.5
2022,C0099,Medication Reconciliation,3.5
2022,C0100,Medication Reconciliation,3.5
2022,C0101,Medication Reconciliation,3.0
2022,C0102,Medication Reconciliation,3.5
2022,C0103,Medication Reconciliation,3.5
2022,C0104,Medication Reconciliation,3.5
2022,C0105,Medication Reconciliation,3.5
2022,C0106,Medication Reconciliation,3.5
2022,C0107,Medication Reconciliation,3.5
2022,C0108,Medication Reconciliation,3.5
2022,C0109,Medication Reconciliation,3.5
2022,C0110,Medication Reconciliation,3.5
2022,C0111,Medication Reconciliation,3.5
2022,C0112,Medication Reconciliation,3.5
2022,C0113,Medication Reconciliation,3.5
2022,C0114,Medication Reconciliation,3.5
2022,C0115,Medication Reconciliation,3.0
2022,C0116,Medication Reconciliation,3.5
2022,C0117,Medication Reconciliation,3.5
2022,C0118,Medication Reconciliation,3.5
2022,C0119,Medication Reconciliation,3.5
2022,C0120,Medication Reconciliation,3.5
2022,C0121,Medication Reconciliation,3.5
2022,C0122,Medication Reconciliation,3.5
2022,C0123,Medication Reconciliation,3.0
2022,C0124,Medication Reconciliation,3.5
2022,C0125,Medication Reconciliation,3.5
2022,C0126,Medication Reconciliation,3.5
2022,C0127,Medication Reconciliation,3.5
2022,C0128,Medication Reconciliation,3.5
2022,C0129,Medication Reconciliation,3.5
2022,C0130,Medication Reconciliation,3.5
2022,C0131,Medication Reconciliation,3.5
2022,C0132,Medication Reconciliation,3.5
2022,C0133,Medication Reconciliation,3.0
2022,C0134,Medication Reconciliation,3.5
2022,C0135,Medication Reconciliation,3.5
2022,C0136,Medication Reconciliation,3.5
2022,C0137,Medication Reconciliation,3.5
2022,C0138,Medication Reconciliation,3.5
2022,C0139,Medication Reconciliation,3.5
2022,C0140,Medication Reconciliation,3.5
2022,C0141,Medication Reconciliation,3.5
2022,C0142,Medication Reconciliation,3.5
2022,C0143,Medication Reconciliation,3.5
2022,C0144,Medication Reconciliation,3.5
2022,C0145,Medication Reconciliation,3.5
2022,C0146,Medication Reconciliation,3.5
2022,C0147,Medication Reconciliation,3.5
2022,C0148,Medication Reconciliation,3.5
2022,C0149,Medication Reconciliation,3.5
2022,C0150,Medication Reconciliation,3.5
2022,C0151,Medication Reconciliation,3.0
2022,C0152,Medication Reconciliation,3.0
2022,C0153,Medication Reconciliation,3.5
2022,C0154,Medication Reconciliation,3.5
2022,C0155,Medication Reconciliation,3.5
2022,C0156,Medication Reconciliation,3.0
2022,C0157,Medication Reconciliation,3.5
2022,C0158,Medication Reconciliation,3.5
2022,C0159,Medication Reconciliation,3.5
2022,C0160,Medication Reconciliation,3.0
2022,C0161,Medication Reconciliation,3.0
2022,C0162,Medication Reconciliation,3.5
2022,C0163,Medication Reconciliation,3.5
2022,C0164,Medication Reconciliation,3.5
2022,C0165,Medication Reconciliation,3.5
2022,C0166,Medication Reconciliation,3.5
2022,C0167,Medication Reconciliation,3.5
2022,C0168,Medication Reconciliation,3.5
2022,C0169,Medication Reconciliation,3.5
2022,C0170,Medication Reconciliation,3.5
2022,C0171,Medication Reconciliation,3.5
2022,C0172,Medication Reconciliation,3.5
2022,C0173,Medication Reconciliation,3.5
2022,C0174,Medication Reconciliation,3.5
2022,C0175,Medication Reconciliation,3.5
2022,C0176,Medication Reconciliation,3.5
2022,C0177,Medication Reconciliation,3.5
2022,C0178,Medication Reconciliation,3.5
2022,C0179,Medication Reconciliation,3.5
2022,C0180,Medication Reconciliation,3.5
2022,C0181,Medication Reconciliation,3.5
2022,C0182,Medication Reconciliation,3.5
2022,C0183,Medication Reconciliation,3.5
2022,C0184,Medication Reconciliation,3.5
2022,C0185,Medication Reconciliation,3.5
2022,C0186,Medication Reconciliation,3.5
2022,C0187,Medication Reconciliation,3.5
2022,C0188,Medication Reconciliation,3.5
2022,C0189,Medication Reconciliation,3.5
2022,C0190,Medication Reconciliation,3.5
2022,C0191,Medication Reconciliation,3.5
2022,C0192,Medication Reconciliation,3.5
2022,C0193,Medication Reconciliation,3.5
2022,C0194,Medication Reconciliation,3.5
2022,C0195,Medication Reconciliation,3.0
2022,C0196,Medication Reconciliation,3.5
2022,C0197,Medication Reconciliation,3.5
2022,C0198,Medication Reconciliation,3.0
2022,C0199,Medication Reconciliation,3.5
2022,C0200,Medication Reconciliation,3.5
2022,C0201,Medication Reconciliation,3.5
2022,C0202,Medication Reconciliation,3.5
2022,C0203,Medication Reconciliation,3.5
2022,C0204,Medication Reconciliation,3.0
2022,C0205,Medication Reconciliation,3.5
2022,C0206,Medication Reconciliation,3.5
2022,C0207,Medication Reconciliation,3.5
2022,C0208,Medication Reconciliation,3.5
2022,C0209,Medication Reconciliation,3.5
2022,C0210,Medication Reconciliation,3.5
2022,C0211,Medication Reconciliation,3.0
2022,C0212,Medication Reconciliation,3.5
2022,C0213,Medication Reconciliation,3.5
2022,C0214,Medication Reconciliation,3.5
2022,C0215,Medication Reconciliation,3.5
2022,C0216,Medication Reconciliation,3.5
2022,C0217,Medication Reconciliation,3.5
2022,C0218,Medication Reconciliation,3.5
2022,C0219,Medication Reconciliation,3.0
2022,C0220,Medication Reconciliation,3.5
2022,C0221,Medication Reconciliation,3.5
2022,C0222,Medication Reconciliation,3.5
2022,C0223,Medication Reconciliation,3.5
2022,C0224,Medication Reconciliation,3.5
2022,C0225,Medication Reconciliation,3.5
2022,C0226,Medication Reconciliation,3.5
2022,C0227,Medication Reconciliation,3.0
2022,C0228,Medication Reconciliation,3.0
2022,C0229,Medication Reconciliation,3.5
2022,C0230,Medication Reconciliation,3.5
2022,C0231,Medication Reconciliation,3.5
2022,C0232,Medication Reconciliation,3.5
2022,C0233,Medication Reconciliation,3.5
2022,C0234,Medication Reconciliation,3.5
2022,C0235,Medication Reconciliation,3.5
2022,C0236,Medication Reconciliation,3.0
2022,C0237,Medication Reconciliation,3.0
2022,C0238,Medication Reconciliation,3.5
2022,C0239,Medication Reconciliation,3.5
2022,C0240,Medication Reconciliation,3.5
2022,C0241,Medication Reconciliation,3.5
2022,C0242,Medication Reconciliation,3.5
2022,C0243,Medication Reconciliation,3.5
2022,C0244,Medication Reconciliation,3.5
2022,C0245,Medication Reconciliation,3.5
2022,C0246,Medication Reconciliation,3.0
2022,C0247,Medication Reconciliation,3.5
2022,C0248,Medication Reconciliation,3.5
2022,C0249,Medication Reconciliation,3.5
2022,C0250,Medication Reconciliation,3.5
2022,C0001,Plan All-Cause Readmissions,4.0
2022,C0002,Plan All-Cause Readmissions,4.0
2022,C0003,Plan All-Cause Readmissions,4.0
2022,C0004,Plan All-Cause Readmissions,3.5
2022,C0005,Plan All-Cause Readmissions,4.0
2022,C0006,Plan All-Cause Readmissions,4.0
2022,C0007,Plan All-Cause Readmissions,4.0
2022,C0008,Plan All-Cause Readmissions,3.5
2022,C0009,Plan All-Cause Readmissions,3.5
2022,C0010,Plan All-Cause Readmissions,4.0
2022,C0011,Plan All-Cause Readmissions,3.5
2022,C0012,Plan All-Cause Readmissions,3.5
2022,C0013,Plan All-Cause Readmissions,3.5
2022,C0014,Plan All-Cause Readmissions,3.5
2022,C0015,Plan All-Cause Readmissions,4.0
2022,C0016,Plan All-Cause Readmissions,4.0
2022,C0017,Plan All-Cause Readmissions,4.0
2022,C0018,Plan All-Cause Readmissions,4.0
2022,C0019,Plan All-Cause Readmissions,3.5
2022,C0020,Plan All-Cause Readmissions,4.0
2022,C0021,Plan All-Cause Readmissions,4.0
2022,C0022,Plan All-Cause Readmissions,4.0
2022,C0023,Plan All-Cause Readmissions,3.5
2022,C0024,Plan All-Cause Readmissions,3.5
2022,C0025,Plan All-Cause Readmissions,4.0
2022,C0026,Plan All-Cause Readmissions,3.5
2022,C0027,Plan All-Cause Readmissions,4.0
2022,C0028,Plan All-Cause Readmissions,4.0
2022,C0029,Plan All-Cause Readmissions,3.5
2022,C0030,Plan All-Cause Readmissions,4.0
2022,C0031,Plan All-Cause Readmissions,4.0
2022,C0032,Plan All-Cause Readmissions,4.0
2022,C0033,Plan All-Cause Readmissions,3.5
2022,C0034,Plan All-Cause Readmissions,3.5
2022,C0035,Plan All-Cause Readmissions,3.5
2022,C0036,Plan All-Cause Readmissions,3.5
2022,C0037,Plan All-Cause Readmissions,3.5
2022,C0038,Plan All-Cause Readmissions,4.0
2022,C0039,Plan All-Cause Readmissions,4.0
2022,C0040,Plan All-Cause Readmissions,4.0
2022,C0041,Plan All-Cause Readmissions,4.0
2022,C0042,Plan All-Cause Readmissions,3.5
2022,C0043,Plan All-Cause Readmissions,4.0
2022,C0044,Plan All-Cause Readmissions,4.0
2022,C0045,Plan All-Cause Readmissions,4.0
2022,C0046,Plan All-Cause Readmissions,4.0
2022,C0047,Plan All-Cause Readmissions,4.0
2022,C0048,Plan All-Cause Readmissions,4.0
2022,C0049,Plan All-Cause Readmissions,3.5
2022,C0050,Plan All-Cause Readmissions,3.5
2022,C0051,Plan All-Cause Readmissions,4.0
2022,C0052,Plan All-Cause Readmissions,3.5
2022,C0053,Plan All-Cause Readmissions,3.5
2022,C0054,Plan All-Cause Readmissions,4.0
2022,C0055,Plan All-Cause Readmissions,3.5
2022,C0056,Plan All-Cause Readmissions,4.0
2022,C0057,Plan All-Cause Readmissions,4.0
2022,C0058,Plan All-Cause Readmissions,4.0
2022,C0059,Plan All-Cause Readmissions,4.0
2022,C0060,Plan All-Cause Readmissions,4.0
2022,C0061,Plan All-Cause Readmissions,4.0
2022,C0062,Plan All-Cause Readmissions,4.0
2022,C0063,Plan All-Cause Readmissions,3.5
2022,C0064,Plan All-Cause Readmissions,4.0
2022,C0065,Plan All-Cause Readmissions,4.0
2022,C0066,Plan All-Cause Readmissions,4.0
2022,C0067,Plan All-Cause Readmissions,3.5
2022,C0068,Plan All-Cause Readmissions,4.0
2022,C0069,Plan All-Cause Readmissions,4.0
2022,C0070,Plan All-Cause Readmissions,4.0
2022,C0071,Plan All-Cause Readmissions,4.0
2022,C0072,Plan All-Cause Readmissions,4.0
2022,C0073,Plan All-Cause Readmissions,4.0
2022,C0074,Plan All-Cause Readmissions,3.5
2022,C0075,Plan All-Cause Readmissions,3.5
2022,C0076,Plan All-Cause Readmissions,4.0
2022,C0077,Plan All-Cause Readmissions,4.0
2022,C0078,Plan All-Cause Readmissions,4.0
2022,C0079,Plan All-Cause Readmissions,4.0
2022,C0080,Plan All-Cause Readmissions,4.0
2022,C0081,Plan All-Cause Readmissions,3.5
2022,C0082,Plan All-Cause Readmissions,4.0
2022,C0083,Plan All-Cause Readmissions,4.0
2022,C0084,Plan All-Cause Readmissions,4.0
2022,C0085,Plan All-Cause Readmissions,3.5
2022,C0086,Plan All-Cause Readmissions,4.0
2022,C0087,Plan All-Cause Readmissions,4.0
2022,C0088,Plan All-Cause Readmissions,4.0
2022,C0089,Plan All-Cause Readmissions,4.0
2022,C0090,Plan All-Cause Readmissions,3.5
2022,C0091,Plan All-Cause Readmissions,3.5
2022,C0092,Plan All-Cause Readmissions,4.0
2022,C0093,Plan All-Cause Readmissions,3.5
2022,C0094,Plan All-Cause Readmissions,3.5
2022,C0095,Plan All-Cause Readmissions,3.5
2022,C0096,Plan All-Cause Readmissions,4.0
2022,C0097,Plan All-Cause Readmissions,4.0
2022,C0098,Plan All-Cause Readmissions,4.0
2022,C0099,Plan All-Cause Readmissions,3.5
2022,C0100,Plan All-Cause Readmissions,4.0
2022,C0101,Plan All-Cause Readmissions,4.0
2022,C0102,Plan All-Cause Readmissions,3.5
2022,C0103,Plan All-Cause Readmissions,4.0
2022,C0104,Plan All-Cause Readmissions,3.5
2022,C0105,Plan All-Cause Readmissions,4.0
2022,C0106,Plan All-Cause Readmissions,3.5
2022,C0107,Plan All-Cause Readmissions,4.0
2022,C0108,Plan All-Cause Readmissions,4.0
2022,C0109,Plan All-Cause Readmissions,3.5
2022,C0110,Plan All-Cause Readmissions,4.0
2022,C0111,Plan All-Cause Readmissions,4.0
2022,C0112,Plan All-Cause Readmissions,4.0
2022,C0113,Plan All-Cause Readmissions,3.5
2022,C0114,Plan All-Cause Readmissions,4.0
2022,C0115,Plan All-Cause Readmissions,3.5
2022,C0116,Plan All-Cause Readmissions,4.0
2022,C0117,Plan All-Cause Readmissions,4.0
2022,C0118,Plan All-Cause Readmissions,4.0
2022,C0119,Plan All-Cause Readmissions,4.0
2022,C0120,Plan All-Cause Readmissions,4.0
2022,C0121,Plan All-Cause Readmissions,4.0
2022,C0122,Plan All-Cause Readmissions,4.0
2022,C0123,Plan All-Cause Readmissions,4.0
2022,C0124,Plan All-Cause Readmissions,4.0
2022,C0125,Plan All-Cause Readmissions,4.0
2022,C0126,Plan All-Cause Readmissions,4.0
2022,C0127,Plan All-Cause Readmissions,4.0
2022,C0128,Plan All-Cause Readmissions,4.0
2022,C0129,Plan All-Cause Readmissions,3.5
2022,C0130,Plan All-Cause Readmissions,3.5
2022,C0131,Plan All-Cause Readmissions,4.0
2022,C0132,Plan All-Cause Readmissions,3.5
2022,C0133,Plan All-Cause Readmissions,4.0
2022,C0134,Plan All-Cause Readmissions,3.5
2022,C0135,Plan All-Cause Readmissions,4.0
2022,C0136,Plan All-Cause Readmissions,4.0
2022,C0137,Plan All-Cause Readmissions,4.0
2022,C0138,Plan All-Cause Readmissions,3.5
2022,C0139,Plan All-Cause Readmissions,4.0
2022,C0140,Plan All-Cause Readmissions,4.0
2022,C0141,Plan All-Cause Readmissions,4.0
2022,C0142,Plan All-Cause Readmissions,3.5
2022,C0143,Plan All-Cause Readmissions,3.5
2022,C0144,Plan All-Cause Readmissions,4.0
2022,C0145,Plan All-Cause Readmissions,4.0
2022,C0146,Plan All-Cause Readmissions,4.0
2022,C0147,Plan All-Cause Readmissions,3.5
2022,C0148,Plan All-Cause Readmissions,3.5
2022,C0149,Plan All-Cause Readmissions,3.5
2022,C0150,Plan All-Cause Readmissions,3.5
2022,C0151,Plan All-Cause Readmissions,3.5
2022,C0152,Plan All-Cause Readmissions,4.0
2022,C0153,Plan All-Cause Readmissions,3.5
2022,C0154,Plan All-Cause Readmissions,4.0
2022,C0155,Plan All-Cause Readmissions,4.0
2022,C0156,Plan All-Cause Readmissions,3.5
2022,C0157,Plan All-Cause Readmissions,3.5
2022,C0158,Plan All-Cause Readmissions,3.5
2022,C0159,Plan All-Cause Readmissions,4.0
2022,C0160,Plan All-Cause Readmissions,3.5
2022,C0161,Plan All-Cause Readmissions,4.0
2022,C0162,Plan All-Cause Readmissions,3.5
2022,C0163,Plan All-Cause Readmissions,3.5
2022,C0164,Plan All-Cause Readmissions,4.0
2022,C0165,Plan All-Cause Readmissions,3.5
2022,C0166,Plan All-Cause Readmissions,4.0
2022,C0167,Plan All-Cause Readmissions,3.5
2022,C0168,Plan All-Cause Readmissions,4.0
2022,C0169,Plan All-Cause Readmissions,4.0
2022,C0170,Plan All-Cause Readmissions,4.0
2022,C0171,Plan All-Cause Readmissions,4.0
2022,C0172,Plan All-Cause Readmissions,3.5
2022,C0173,Plan All-Cause Readmissions,4.0
2022,C0174,Plan All-Cause Readmissions,4.0
2022,C0175,Plan All-Cause Readmissions,3.5
2022,C0176,Plan All-Cause Readmissions,3.5
2022,C0177,Plan All-Cause Readmissions,4.0
2022,C0178,Plan All-Cause Readmissions,4.0
2022,C0179,Plan All-Cause Readmissions,4.0
2022,C0180,Plan All-Cause Readmissions,3.5
2022,C0181,Plan All-Cause Readmissions,4.0
2022,C0182,Plan All-Cause Readmissions,3.5
2022,C0183,Plan All-Cause Readmissions,3.5
2022,C0184,Plan All-Cause Readmissions,3.5
2022,C0185,Plan All-Cause Readmissions,4.0
2022,C0186,Plan All-Cause Readmissions,4.0
2022,C0187,Plan All-Cause Readmissions,4.0
2022,C0188,Plan All-Cause Readmissions,4.0
2022,C0189,Plan All-Cause Readmissions,4.0
2022,C0190,Plan All-Cause Readmissions,4.0
2022,C0191,Plan All-Cause Readmissions,4.0
2022,C0192,Plan All-Cause Readmissions,4.0
2022,C0193,Plan All-Cause Readmissions,4.0
2022,C0194,Plan All-Cause Readmissions,4.0
2022,C0195,Plan All-Cause Readmissions,4.0
2022,C0196,Plan All-Cause Readmissions,4.0
2022,C0197,Plan All-Cause Readmissions,3.5
2022,C0198,Plan All-Cause Readmissions,3.5
2022,C0199,Plan All-Cause Readmissions,3.5
2022,C0200,Plan All-Cause Readmissions,3.5
2022,C0201,Plan All-Cause Readmissions,3.5
2022,C0202,Plan All-Cause Readmissions,4.0
2022,C0203,Plan All-Cause Readmissions,4.0
2022,C0204,Plan All-Cause Readmissions,3.5
2022,C0205,Plan All-Cause Readmissions,4.0
2022,C0206,Plan All-Cause Readmissions,4.0
2022,C0207,Plan All-Cause Readmissions,4.0
2022,C0208,Plan All-Cause Readmissions,4.0
2022,C0209,Plan All-Cause Readmissions,4.0
2022,C0210,Plan All-Cause Readmissions,3.5
2022,C0211,Plan All-Cause Readmissions,3.5
2022,C0212,Plan All-Cause Readmissions,4.0
2022,C0213,Plan All-Cause Readmissions,4.0
2022,C0214,Plan All-Cause Readmissions,3.5
2022,C0215,Plan All-Cause Readmissions,3.5
2022,C0216,Plan All-Cause Readmissions,3.5
2022,C0217,Plan All-Cause Readmissions,4.0
2022,C0218,Plan All-Cause Readmissions,4.0
2022,C0219,Plan All-Cause Readmissions,4.0
2022,C0220,Plan All-Cause Readmissions,4.0
2022,C0221,Plan All-Cause Readmissions,4.0
2022,C0222,Plan All-Cause Readmissions,3.5
2022,C0223,Plan All-Cause Readmissions,4.0
2022,C0224,Plan All-Cause Readmissions,4.0
2022,C0225,Plan All-Cause Readmissions,3.5
2022,C0226,Plan All-Cause Readmissions,3.5
2022,C0227,Plan All-Cause Readmissions,4.0
2022,C0228,Plan All-Cause Readmissions,4.0
2022,C0229,Plan All-Cause Readmissions,4.0
2022,C0230,Plan All-Cause Readmissions,4.0
2022,C0231,Plan All-Cause Readmissions,4.0
2022,C0232,Plan All-Cause Readmissions,4.0
2022,C0233,Plan All-Cause Readmissions,4.0
2022,C0234,Plan All-Cause Readmissions,3.5
2022,C0235,Plan All-Cause Readmissions,4.0
2022,C0236,Plan All-Cause Readmissions,4.0
2022,C0237,Plan All-Cause Readmissions,4.0
2022,C0238,Plan All-Cause Readmissions,4.0
2022,C0239,Plan All-Cause Readmissions,4.0
2022,C0240,Plan All-Cause Readmissions,4.0
2022,C0241,Plan All-Cause Readmissions,4.0
2022,C0242,Plan All-Cause Readmissions,4.0
2022,C0243,Plan All-Cause Readmissions,4.0
2022,C0244,Plan All-Cause Readmissions,4.0
2022,C0245,Plan All-Cause Readmissions,3.5
2022,C0246,Plan All-Cause Readmissions,3.5
2022,C0247,Plan All-Cause Readmissions,4.0
2022,C0248,Plan All-Cause Readmissions,4.0
2022,C0249,Plan All-Cause Readmissions,4.0
2022,C0250,Plan All-Cause Readmissions,4.0
2022,C0001,Controlling Blood Pressure,3.5
2022,C0002,Controlling Blood Pressure,3.5
2022,C0003,Controlling Blood Pressure,3.0
2022,C0004,Controlling Blood Pressure,3.5
2022,C0005,Controlling Blood Pressure,3.5
2022,C0006,Controlling Blood Pressure,3.5
2022,C0007,Controlling Blood Pressure,3.5
2022,C0008,Controlling Blood Pressure,3.5
2022,C0009,Controlling Blood Pressure,3.5
2022,C0010,Controlling Blood Pressure,3.5
2022,C0011,Controlling Blood Pressure,3.5
2022,C0012,Controlling Blood Pressure,3.5
2022,C0013,Controlling Blood Pressure,3.5
2022,C0014,Controlling Blood Pressure,3.0
2022,C0015,Controlling Blood Pressure,3.5
2022,C0016,Controlling Blood Pressure,3.5
2022,C0017,Controlling Blood Pressure,3.5
2022,C0018,Controlling Blood Pressure,3.5
2022,C0019,Controlling Blood Pressure,3.5
2022,C0020,Controlling Blood Pressure,3.5
2022,C0021,Controlling Blood Pressure,3.5
2022,C0022,Controlling Blood Pressure,3.5
2022,C0023,Controlling Blood Pressure,3.5
2022,C0024,Controlling Blood Pressure,3.5
2022,C0025,Controlling Blood Pressure,3.5
2022,C0026,Controlling Blood Pressure,3.5
2022,C0027,Controlling Blood Pressure,3.5
2022,C0028,Controlling Blood Pressure,3.0
2022,C0029,Controlling Blood Pressure,3.5
2022,C0030,Controlling Blood Pressure,3.5
2022,C0031,Controlling Blood Pressure,3.0
2022,C0032,Controlling Blood Pressure,3.5
2022,C0033,Controlling Blood Pressure,3.5
2022,C0034,Controlling Blood Pressure,3.5
2022,C0035,Controlling Blood Pressure,3.5
2022,C0036,Controlling Blood Pressure,3.0
2022,C0037,Controlling Blood Pressure,3.0
2022,C0038,Controlling Blood Pressure,3.5
2022,C0039,Controlling Blood Pressure,3.5
2022,C0040,Controlling Blood Pressure,3.5
2022,C0041,Controlling Blood Pressure,3.5
2022,C0042,Controlling Blood Pressure,3.5
2022,C0043,Controlling Blood Pressure,3.0
2022,C0044,Controlling Blood Pressure,3.0
2022,C0045,Controlling Blood Pressure,3.5
2022,C0046,Controlling Blood Pressure,3.5
2022,C0047,Controlling Blood Pressure,3.0
2022,C0048,Controlling Blood Pressure,3.5
2022,C0049,Controlling Blood Pressure,3.5
2022,C0050,Controlling Blood Pressure,3.5
2022,C0051,Controlling Blood Pressure,3.5
2022,C0052,Controlling Blood Pressure,3.0
2022,C0053,Controlling Blood Pressure,3.5
2022,C0054,Controlling Blood Pressure,3.5
2022,C0055,Controlling Blood Pressure,3.5
2022,C0056,Controlling Blood Pressure,3.5
2022,C0057,Controlling Blood Pressure,3.5
2022,C0058,Controlling Blood Pressure,3.5
2022,C0059,Controlling Blood Pressure,3.5
2022,C0060,Controlling Blood Pressure,3.5
2022,C0061,Controlling Blood Pressure,3.5
2022,C0062,Controlling Blood Pressure,3.5
2022,C0063,Controlling Blood Pressure,3.5
2022,C0064,Controlling Blood Pressure,3.0
2022,C0065,Controlling Blood Pressure,3.0
2022,C0066,Controlling Blood Pressure,3.5
2022,C0067,Controlling Blood Pressure,3.5
2022,C0068,Controlling Blood Pressure,3.5
2022,C0069,Controlling Blood Pressure,3.5
2022,C0070,Controlling Blood Pressure,3.0
2022,C0071,Controlling Blood Pressure,3.0
2022,C0072,Controlling Blood Pressure,3.5
2022,C0073,Controlling Blood Pressure,3.5
2022,C0074,Controlling Blood Pressure,3.5
2022,C0075,Controlling Blood Pressure,3.5
2022,C0076,Controlling Blood Pressure,3.5
2022,C0077,Controlling Blood Pressure,3.5
2022,C0078,Controlling Blood Pressure,3.5
2022,C0079,Controlling Blood Pressure,3.5
2022,C0080,Controlling Blood Pressure,3.0
2022,C0081,Controlling Blood Pressure,3.5
2022,C0082,Controlling Blood Pressure,3.5
2022,C0083,Controlling Blood Pressure,3.0
2022,C0084,Controlling Blood Pressure,3.5
2022,C0085,Controlling Blood Pressure,3.5
2022,C0086,Controlling Blood Pressure,3.5
2022,C0087,Controlling Blood Pressure,3.5
2022,C0088,Controlling Blood Pressure,3.5
2022,C0089,Controlling Blood Pressure,3.5
2022,C0090,Controlling Blood Pressure,3.5
2022,C0091,Controlling Blood Pressure,3.5
2022,C0092,Controlling Blood Pressure,3.0
2022,C0093,Controlling Blood Pressure,3.5
2022,C0094,Controlling Blood Pressure,3.5
2022,C0095,Controlling Blood Pressure,3.5
2022,C0096,Controlling Blood Pressure,3.5
2022,C0097,Controlling Blood Pressure,3.5
2022,C0098,Controlling Blood Pressure,3.5
2022,C0099,Controlling Blood Pressure,3.5
2022,C0100,Controlling Blood Pressure,3.5
2022,C0101,Controlling Blood Pressure,3.5
2022,C0102,Controlling Blood Pressure,3.5
2022,C0103,Controlling Blood Pressure,3.5
2022,C0104,Controlling Blood Pressure,3.5
2022,C0105,Controlling Blood Pressure,3.5
2022,C0106,Controlling Blood Pressure,3.5
2022,C0107,Controlling Blood Pressure,3.5
2022,C0108,Controlling Blood Pressure,3.0
2022,C0109,Controlling Blood Pressure,3.5
2022,C0110,Controlling Blood Pressure,3.0
2022,C0111,Controlling Blood Pressure,3.5
2022,C0112,Controlling Blood Pressure,3.5
2022,C0113,Controlling Blood Pressure,3.0
2022,C0114,Controlling Blood Pressure,3.5
2022,C0115,Controlling Blood Pressure,3.5
2022,C0116,Controlling Blood Pressure,3.5
2022,C0117,Controlling Blood Pressure,3.0
2022,C0118,Controlling Blood Pressure,3.5
2022,C0119,Controlling Blood Pressure,3.5
2022,C0120,Controlling Blood Pressure,3.5
2022,C0121,Controlling Blood Pressure,3.5
2022,C0122,Controlling Blood Pressure,3.0
2022,C0123,Controlling Blood Pressure,3.5
2022,C0124,Controlling Blood Pressure,3.5
2022,C0125,Controlling Blood Pressure,3.5
2022,C0126,Controlling Blood Pressure,3.5
2022,C0127,Controlling Blood Pressure,3.5
2022,C0128,Controlling Blood Pressure,3.5
2022,C0129,Controlling Blood Pressure,3.5
2022,C0130,Controlling Blood Pressure,3.5
2022,C0131,Controlling Blood Pressure,3.5
2022,C0132,Controlling Blood Pressure,3.5
2022,C0133,Controlling Blood Pressure,3.5
2022,C0134,Controlling Blood Pressure,3.0
2022,C0135,Controlling Blood Pressure,3.5
2022,C0136,Controlling Blood Pressure,3.5
2022,C0137,Controlling Blood Pressure,3.5
2022,C0138,Controlling Blood Pressure,3.5
2022,C0139,Controlling Blood Pressure,3.5
2022,C0140,Controlling Blood Pressure,3.5
2022,C0141,Controlling Blood Pressure,3.5
2022,C0142,Controlling Blood Pressure,3.5
2022,C0143,Controlling Blood Pressure,3.5
2022,C0144,Controlling Blood Pressure,3.5
2022,C0145,Controlling Blood Pressure,3.5
2022,C0146,Controlling Blood Pressure,3.5
2022,C0147,Controlling Blood Pressure,3.5
2022,C0148,Controlling Blood Pressure,3.5
2022,C0149,Controlling Blood Pressure,3.5
2022,C0150,Controlling Blood Pressure,3.0
2022,C0151,Controlling Blood Pressure,3.5
2022,C0152,Controlling Blood Pressure,3.5
2022,C0153,Controlling Blood Pressure,3.5
2022,C0154,Controlling Blood Pressure,3.0
2022,C0155,Controlling Blood Pressure,3.5
2022,C0156,Controlling Blood Pressure,3.5
2022,C0157,Controlling Blood Pressure,3.0
2022,C0158,Controlling Blood Pressure,3.5
2022,C0159,Controlling Blood Pressure,3.5
2022,C0160,Controlling Blood Pressure,3.5
2022,C0161,Controlling Blood Pressure,3.5
2022,C0162,Controlling Blood Pressure,3.0
2022,C0163,Controlling Blood Pressure,3.5
2022,C0164,Controlling Blood Pressure,3.5
2022,C0165,Controlling Blood Pressure,3.5
2022,C0166,Controlling Blood Pressure,3.5
2022,C0167,Controlling Blood Pressure,3.5
2022,C0168,Controlling Blood Pressure,3.5
2022,C0169,Controlling Blood Pressure,3.0
2022,C0170,Controlling Blood Pressure,3.0
2022,C0171,Controlling Blood Pressure,3.5
2022,C0172,Controlling Blood Pressure,3.5
2022,C0173,Controlling Blood Pressure,3.5
2022,C0174,Controlling Blood Pressure,3.0
2022,C0175,Controlling Blood Pressure,3.5
2022,C0176,Controlling Blood Pressure,3.0
2022,C0177,Controlling Blood Pressure,3.5
2022,C0178,Controlling Blood Pressure,3.5
2022,C0179,Controlling Blood Pressure,3.5
2022,C0180,Controlling Blood Pressure,3.5
2022,C0181,Controlling Blood Pressure,3.5
2022,C0182,Controlling Blood Pressure,3.5
2022,C0183,Controlling Blood Pressure,3.5
2022,C0184,Controlling Blood Pressure,3.5
2022,C0185,Controlling Blood Pressure,3.5
2022,C0186,Controlling Blood Pressure,3.5
2022,C0187,Controlling Blood Pressure,3.5
2022,C0188,Controlling Blood Pressure,3.5
2022,C0189,Controlling Blood Pressure,3.5
2022,C0190,Controlling Blood Pressure,3.5
2022,C0191,Controlling Blood Pressure,3.5
2022,C0192,Controlling Blood Pressure,3.5
2022,C0193,Controlling Blood Pressure,3.5
2022,C0194,Controlling Blood Pressure,3.5
2022,C0195,Controlling Blood Pressure,3.5
2022,C0196,Controlling Blood Pressure,3.5
2022,C0197,Controlling Blood Pressure,3.5
2022,C0198,Controlling Blood Pressure,3.5
2022,C0199,Controlling Blood Pressure,3.5
2022,C0200,Controlling Blood Pressure,3.0
2022,C0201,Controlling Blood Pressure,3.5
2022,C0202,Controlling Blood Pressure,3.5
2022,C0203,Controlling Blood Pressure,3.0
2022,C0204,Controlling Blood Pressure,3.0
2022,C0205,Controlling Blood Pressure,3.5
2022,C0206,Controlling Blood Pressure,3.5
2022,C0207,Controlling Blood Pressure,3.5
2022,C0208,Controlling Blood Pressure,3.5
2022,C0209,Controlling Blood Pressure,3.5
2022,C0210,Controlling Blood Pressure,3.5
2022,C0211,Controlling Blood Pressure,3.5
2022,C0212,Controlling Blood Pressure,3.5
2022,C0213,Controlling Blood Pressure,3.5
2022,C0214,Controlling Blood Pressure,3.5
2022,C0215,Controlling Blood Pressure,3.5
2022,C0216,Controlling Blood Pressure,3.5
2022,C0217,Controlling Blood Pressure,3.5
2022,C0218,Controlling Blood Pressure,3.5
2022,C0219,Controlling Blood Pressure,3.5
2022,C0220,Controlling Blood Pressure,3.5
2022,C0221,Controlling Blood Pressure,3.5
2022,C0222,Controlling Blood Pressure,3.0
2022,C0223,Controlling Blood Pressure,3.5
2022,C0224,Controlling Blood Pressure,3.0
2022,C0225,Controlling Blood Pressure,3.5
2022,C0226,Controlling Blood Pressure,3.5
2022,C0227,Controlling Blood Pressure,3.0
2022,C0228,Controlling Blood Pressure,3.5
2022,C0229,Controlling Blood Pressure,3.5
2022,C0230,Controlling Blood Pressure,3.5
2022,C0231,Controlling Blood Pressure,3.5
2022,C0232,Controlling Blood Pressure,3.5
2022,C0233,Controlling Blood Pressure,3.5
2022,C0234,Controlling Blood Pressure,3.5
2022,C0235,Controlling Blood Pressure,3.5
2022,C0236,Controlling Blood Pressure,3.0
2022,C0237,Controlling Blood Pressure,3.5
2022,C0238,Controlling Blood Pressure,3.0
2022,C0239,Controlling Blood Pressure,3.5
2022,C0240,Controlling Blood Pressure,3.5
2022,C0241,Controlling Blood Pressure,3.5
2022,C0242,Controlling Blood Pressure,3.5
2022,C0243,Controlling Blood Pressure,3.5
2022,C0244,Controlling Blood Pressure,3.5
2022,C0245,Controlling Blood Pressure,3.5
2022,C0246,Controlling Blood Pressure,3.5
2022,C0247,Controlling Blood Pressure,3.0
2022,C0248,Controlling Blood Pressure,3.5
2022,C0249,Controlling Blood Pressure,3.5
2022,C0250,Controlling Blood Pressure,3.5
2023,C0001,Breast Cancer Screening,3.5
2023,C0002,Breast Cancer Screening,3.5
2023,C0003,Breast Cancer Screening,4.0
2023,C0004,Breast Cancer Screening,4.0
2023,C0005,Breast Cancer Screening,4.0
2023,C0006,Breast Cancer Screening,4.0
2023,C0007,Breast Cancer Screening,4.0
2023,C0008,Breast Cancer Screening,4.0
2023,C0009,Breast Cancer Screening,4.0
2023,C0010,Breast Cancer Screening,4.0
2023,C0011,Breast Cancer Screening,4.0
2023,C0012,Breast Cancer Screening,4.0
2023,C0013,Breast Cancer Screening,4.0
2023,C0014,Breast Cancer Screening,4.0
2023,C0015,Breast Cancer Screening,4.0
2023,C0016,Breast Cancer Screening,4.0
2023,C0017,Breast Cancer Screening,4.0
2023,C0018,Breast Cancer Screening,3.5
2023,C0019,Breast Cancer Screening,4.0
2023,C0020,Breast Cancer Screening,4.0
2023,C0021,Breast Cancer Screening,4.0
2023,C0022,Breast Cancer Screening,3.5
2023,C0023,Breast Cancer Screening,4.0
2023,C0024,Breast Cancer Screening,4.0
2023,C0025,Breast Cancer Screening,4.0
2023,C0026,Breast Cancer Screening,4.0
2023,C0027,Breast Cancer Screening,4.0
2023,C0028,Breast Cancer Screening,4.0
2023,C0029,Breast Cancer Screening,4.0
2023,C0030,Breast Cancer Screening,4.0
2023,C0031,Breast Cancer Screening,4.0
2023,C0032,Breast Cancer Screening,4.0
2023,C0033,Breast Cancer Screening,4.0
2023,C0034,Breast Cancer Screening,4.0
2023,C0035,Breast Cancer Screening,3.5
2023,C0036,Breast Cancer Screening,4.0
2023,C0037,Breast Cancer Screening,3.5
2023,C0038,Breast Cancer Screening,4.0
2023,C0039,Breast Cancer Screening,4.0
2023,C0040,Breast Cancer Screening,3.5
2023,C0041,Breast Cancer Screening,4.0
2023,C0042,Breast Cancer Screening,3.5
2023,C0043,Breast Cancer Screening,4.0
2023,C0044,Breast Cancer Screening,4.0
2023,C0045,Breast Cancer Screening,3.5
2023,C0046,Breast Cancer Screening,4.0
2023,C0047,Breast Cancer Screening,3.5
2023,C0048,Breast Cancer Screening,3.5
2023,C0049,Breast Cancer Screening,4.0
2023,C0050,Breast Cancer Screening,3.5
2023,C0051,Breast Cancer Screening,4.0
2023,C0052,Breast Cancer Screening,4.0
2023,C0053,Breast Cancer Screening,4.0
2023,C0054,Breast Cancer Screening,4.0
2023,C0055,Breast Cancer Screening,4.0
2023,C0056,Breast Cancer Screening,4.0
2023,C0057,Breast Cancer Screening,3.5
2023,C0058,Breast Cancer Screening,4.0
2023,C0059,Breast Cancer Screening,3.5
2023,C0060,Breast Cancer Screening,4.0
2023,C0061,Breast Cancer Screening,4.0
2023,C0062,Breast Cancer Screening,4.0
2023,C0063,Breast Cancer Screening,3.5
2023,C0064,Breast Cancer Screening,3.5
2023,C0065,Breast Cancer Screening,3.5
2023,C0066,Breast Cancer Screening,3.5
2023,C0067,Breast Cancer Screening,3.5
2023,C0068,Breast Cancer Screening,3.5
2023,C0069,Breast Cancer Screening,3.5
2023,C0070,Breast Cancer Screening,3.5
2023,C0071,Breast Cancer Screening,3.5
2023,C0072,Breast Cancer Screening,4.0
2023,C0073,Breast Cancer Screening,3.5
2023,C0074,Breast Cancer Screening,4.0
2023,C0075,Breast Cancer Screening,3.5
2023,C0076,Breast Cancer Screening,3.5
2023,C0077,Breast Cancer Screening,3.5
2023,C0078,Breast Cancer Screening,4.0
2023,C0079,Breast Cancer Screening,3.5
2023,C0080,Breast Cancer Screening,4.0
2023,C0081,Breast Cancer Screening,3.5
2023,C0082,Breast Cancer Screening,3.5
2023,C0083,Breast Cancer Screening,4.0
2023,C0084,Breast Cancer Screening,3.5
2023,C0085,Breast Cancer Screening,3.5
2023,C0086,Breast Cancer Screening,4.0
2023,C0087,Breast Cancer Screening,4.0
2023,C0088,Breast Cancer Screening,4.0
2023,C0089,Breast Cancer Screening,4.0
2023,C0090,Breast Cancer Screening,4.0
2023,C0091,Breast Cancer Screening,3.5
2023,C0092,Breast Cancer Screening,3.5
2023,C0093,Breast Cancer Screening,4.0
2023,C0094,Breast Cancer Screening,4.0
2023,C0095,Breast Cancer Screening,4.0
2023,C0096,Breast Cancer Screening,4.0
2023,C0097,Breast Cancer Screening,3.5
2023,C0098,Breast Cancer Screening,4.0
2023,C0099,Breast Cancer Screening,3.5
2023,C0100,Breast Cancer Screening,4.0
2023,C0101,Breast Cancer Screening,4.0
2023,C0102,Breast Cancer Screening,3.5
2023,C0103,Breast Cancer Screening,4.0
2023,C0104,Breast Cancer Screening,4.0
2023,C0105,Breast Cancer Screening,3.5
2023,C0106,Breast Cancer Screening,4.0
2023,C0107,Breast Cancer Screening,3.5
2023,C0108,Breast Cancer Screening,4.0
2023,C0109,Breast Cancer Screening,3.5
2023,C0110,Breast Cancer Screening,4.0
2023,C0111,Breast Cancer Screening,3.5
2023,C0112,Breast Cancer Screening,4.0
2023,C0113,Breast Cancer Screening,4.0
2023,C0114,Breast Cancer Screening,4.0
2023,C0115,Breast Cancer Screening,4.0
2023,C0116,Breast Cancer Screening,4.0
2023,C0117,Breast Cancer Screening,4.0
2023,C0118,Breast Cancer Screening,3.5
2023,C0119,Breast Cancer Screening,4.0
2023,C0120,Breast Cancer Screening,4.0
2023,C0121,Breast Cancer Screening,3.5
2023,C0122,Breast Cancer Screening,4.0
2023,C0123,Breast Cancer Screening,3.5
2023,C0124,Breast Cancer Screening,4.0
2023,C0125,Breast Cancer Screening,4.0
2023,C0126,Breast Cancer Screening,4.0
2023,C0127,Breast Cancer Screening,4.0
2023,C0128,Breast Cancer Screening,4.0
2023,C0129,Breast Cancer Screening,3.5
2023,C0130,Breast Cancer Screening,4.0
2023,C0131,Breast Cancer Screening,4.0
2023,C0132,Breast Cancer Screening,4.0
2023,C0133,Breast Cancer Screening,3.5
2023,C0134,Breast Cancer Screening,4.0
2023,C0135,Breast Cancer Screening,4.0
2023,C0136,Breast Cancer Screening,3.5
2023,C0137,Breast Cancer Screening,4.0
2023,C0138,Breast Cancer Screening,3.5
2023,C0139,Breast Cancer Screening,3.5
2023,C0140,Breast Cancer Screening,4.0
2023,C0141,Breast Cancer Screening,3.5
2023,C0142,Breast Cancer Screening,4.0
2023,C0143,Breast Cancer Screening,4.0
2023,C0144,Breast Cancer Screening,4.0
2023,C0145,Breast Cancer Screening,3.5
2023,C0146,Breast Cancer Screening,4.0
2023,C0147,Breast Cancer Screening,3.5
2023,C0148,Breast Cancer Screening,3.5
2023,C0149,Breast Cancer Screening,4.0
2023,C0150,Breast Cancer Screening,4.0
2023,C0151,Breast Cancer Screening,3.5
2023,C0152,Breast Cancer Screening,4.0
2023,C0153,Breast Cancer Screening,3.5
2023,C0154,Breast Cancer Screening,4.0
2023,C0155,Breast Cancer Screening,4.0
2023,C0156,Breast Cancer Screening,3.5
2023,C0157,Breast Cancer Screening,4.0
2023,C0158,Breast Cancer Screening,4.0
2023,C0159,Breast Cancer Screening,3.5
2023,C0160,Breast Cancer Screening,4.0
2023,C0161,Breast Cancer Screening,4.0
2023,C0162,Breast Cancer Screening,4.0
2023,C0163,Breast Cancer Screening,4.0
2023,C0164,Breast Cancer Screening,4.0
2023,C0165,Breast Cancer Screening,4.0
2023,C0166,Breast Cancer Screening,4.0
2023,C0167,Breast Cancer Screening,4.0
2023,C0168,Breast Cancer Screening,4.0
2023,C0169,Breast Cancer Screening,4.0
2023,C0170,Breast Cancer Screening,3.5
2023,C0171,Breast Cancer Screening,3.5
2023,C0172,Breast Cancer Screening,4.0
2023,C0173,Breast Cancer Screening,4.0
2023,C0174,Breast Cancer Screening,4.0
2023,C0175,Breast Cancer Screening,3.5
2023,C0176,Breast Cancer Screening,4.0
2023,C0177,Breast Cancer Screening,4.0
2023,C0178,Breast Cancer Screening,3.5
2023,C0179,Breast Cancer Screening,3.5
2023,C0180,Breast Cancer Screening,4.0
2023,C0181,Breast Cancer Screening,4.0
2023,C0182,Breast Cancer Screening,3.5
2023,C0183,Breast Cancer Screening,4.0
2023,C0184,Breast Cancer Screening,4.0
2023,C0185,Breast Cancer Screening,4.0
2023,C0186,Breast Cancer Screening,3.5
2023,C0187,Breast Cancer Screening,3.5
2023,C0188,Breast Cancer Screening,3.5
2023,C0189,Breast Cancer Screening,4.0
2023,C0190,Breast Cancer Screening,3.5
2023,C0191,Breast Cancer Screening,3.5
2023,C0192,Breast Cancer Screening,4.0
2023,C0193,Breast Cancer Screening,3.5
2023,C0194,Breast Cancer Screening,4.0
2023,C0195,Breast Cancer Screening,3.5
2023,C0196,Breast Cancer Screening,4.0
2023,C0197,Breast Cancer Screening,3.5
2023,C0198,Breast Cancer Screening,3.5
2023,C0199,Breast Cancer Screening,4.0
2023,C0200,Breast Cancer Screening,4.0
2023,C0201,Breast Cancer Screening,3.5
2023,C0202,Breast Cancer Screening,3.5
2023,C0203,Breast Cancer Screening,4.0
2023,C0204,Breast Cancer Screening,4.0
2023,C0205,Breast Cancer Screening,4.0
2023,C0206,Breast Cancer Screening,4.0
2023,C0207,Breast Cancer Screening,4.0
2023,C0208,Breast Cancer Screening,4.0
2023,C0209,Breast Cancer Screening,4.0
2023,C0210,Breast Cancer Screening,4.0
2023,C0211,Breast Cancer Screening,4.0
2023,C0212,Breast Cancer Screening,4.0
2023,C0213,Breast Cancer Screening,3.5
2023,C0214,Breast Cancer Screening,3.5
2023,C0215,Breast Cancer Screening,3.5
2023,C0216,Breast Cancer Screening,3.5
2023,C0217,Breast Cancer Screening,4.0
2023,C0218,Breast Cancer Screening,3.5
2023,C0219,Breast Cancer Screening,4.0
2023,C0220,Breast Cancer Screening,4.0
2023,C0221,Breast Cancer Screening,3.5
2023,C0222,Breast Cancer Screening,4.0
2023,C0223,Breast Cancer Screening,4.0
2023,C0224,Breast Cancer Screening,4.0
2023,C0225,Breast Cancer Screening,4.0
2023,C0226,Breast Cancer Screening,3.5
2023,C0227,Breast Cancer Screening,4.0
2023,C0228,Breast Cancer Screening,4.0
2023,C0229,Breast Cancer Screening,4.0
2023,C0230,Breast Cancer Screening,4.0
2023,C0231,Breast Cancer Screening,4.0
2023,C0232,Breast Cancer Screening,3.5
2023,C0233,Breast Cancer Screening,4.0
2023,C0234,Breast Cancer Screening,4.0
2023,C0235,Breast Cancer Screening,4.0
2023,C0236,Breast Cancer Screening,3.5
2023,C0237,Breast Cancer Screening,4.0
2023,C0238,Breast Cancer Screening,4.0
2023,C0239,Breast Cancer Screening,3.5
2023,C0240,Breast Cancer Screening,4.0
2023,C0241,Breast Cancer Screening,4.0
2023,C0242,Breast Cancer Screening,3.5
2023,C0243,Breast Cancer Screening,3.5
2023,C0244,Breast Cancer Screening,4.0
2023,C0245,Breast Cancer Screening,4.0
2023,C0246,Breast Cancer Screening,3.5
2023,C0247,Breast Cancer Screening,3.5
2023,C0248,Breast Cancer Screening,3.5
2023,C0249,Breast Cancer Screening,4.0
2023,C0250,Breast Cancer Screening,3.5
2023,C0001,Medication Reconciliation,4.0
2023,C0002,Medication Reconciliation,3.5
2023,C0003,Medication Reconciliation,3.5
2023,C0004,Medication Reconciliation,3.5
2023,C0005,Medication Reconciliation,3.5
2023,C0006,Medication Reconciliation,3.5
2023,C0007,Medication Reconciliation,3.5
2023,C0008,Medication Reconciliation,3.5
2023,C0009,Medication Reconciliation,3.5
2023,C0010,Medication Reconciliation,3.5
2023,C0011,Medication Reconciliation,3.5
2023,C0012,Medication Reconciliation,3.5
2023,C0013,Medication Reconciliation,3.5
2023,C0014,Medication Reconciliation,3.5
2023,C0015,Medication Reconciliation,3.5
2023,C0016,Medication Reconciliation,3.5
2023,C0017,Medication Reconciliation,3.5
2023,C0018,Medication Reconciliation,3.5
2023,C0019,Medication Reconciliation,3.5
2023,C0020,Medication Reconciliation,3.5
2023,C0021,Medication Reconciliation,4.0
2023,C0022,Medication Reconciliation,3.5
2023,C0023,Medication Reconciliation,3.5
2023,C0024,Medication Reconciliation,3.5
2023,C0025,Medication Reconciliation,3.5
2023,C0026,Medication Reconciliation,3.5
2023,C0027,Medication Reconciliation,3.5
2023,C0028,Medication Reconciliation,3.5
2023,C0029,Medication Reconciliation,3.0
2023,C0030,Medication Reconciliation,3.5
2023,C0031,Medication Reconciliation,3.5
2023,C0032,Medication Reconciliation,3.5
2023,C0033,Medication Reconciliation,3.5
2023,C0034,Medication Reconciliation,3.5
2023,C0035,Medication Reconciliation,3.5
2023,C0036,Medication Reconciliation,3.5
2023,C0037,Medication Reconciliation,3.5
2023,C0038,Medication Reconciliation,3.5
2023,C0039,Medication Reconciliation,3.5
2023,C0040,Medication Reconciliation,3.5
2023,C0041,Medication Reconciliation,3.5
2023,C0042,Medication Reconciliation,3.5
2023,C0043,Medication Reconciliation,3.5
2023,C0044,Medication Reconciliation,3.5
2023,C0045,Medication Reconciliation,3.5
2023,C0046,Medication Reconciliation,3.5
2023,C0047,Medication Reconciliation,3.5
2023,C0048,Medication Reconciliation,3.0
2023,C0049,Medication Reconciliation,3.5
2023,C0050,Medication Reconciliation,3.5
2023,C0051,Medication Reconciliation,3.5
2023,C0052,Medication Reconciliation,3.5
2023,C0053,Medication Reconciliation,3.5
2023,C0054,Medication Reconciliation,4.0
2023,C0055,Medication Reconciliation,3.5
2023,C0056,Medication Reconciliation,3.5
2023,C0057,Medication Reconciliation,3.5
2023,C0058,Medication Reconciliation,3.5
2023,C0059,Medication Reconciliation,3.5
2023,C0060,Medication Reconciliation,3.5
2023,C0061,Medication Reconciliation,3.5
2023,C0062,Medication Reconciliation,3.5
2023,C0063,Medication Reconciliation,3.5
2023,C0064,Medication Reconciliation,3.5
2023,C0065,Medication Reconciliation,3.5
2023,C0066,Medication Reconciliation,3.5
2023,C0067,Medication Reconciliation,3.5
2023,C0068,Medication Reconciliation,3.5
2023,C0069,Medication Reconciliation,3.5
2023,C0070,Medication Reconciliation,3.5
2023,C0071,Medication Reconciliation,3.5
2023,C0072,Medication Reconciliation,3.5
2023,C0073,Medication Reconciliation,3.5
2023,C0074,Medication Reconciliation,3.5
2023,C0075,Medication Reconciliation,4.0
2023,C0076,Medication Reconciliation,3.5
2023,C0077,Medication Reconciliation,3.5
2023,C0078,Medication Reconciliation,3.5
2023,C0079,Medication Reconciliation,3.5
2023,C0080,Medication Reconciliation,3.5
2023,C0081,Medication Reconciliation,3.5
2023,C0082,Medication Reconciliation,3.5
2023,C0083,Medication Reconciliation,3.5
2023,C0084,Medication Reconciliation,3.0
2023,C0085,Medication Reconciliation,3.5
2023,C0086,Medication Reconciliation,3.5
2023,C0087,Medication Reconciliation,3.5
2023,C0088,Medication Reconciliation,3.5
2023,C0089,Medication Reconciliation,3.5
2023,C0090,Medication Reconciliation,3.5
2023,C0091,Medication Reconciliation,3.5
2023,C0092,Medication Reconciliation,3.5
2023,C0093,Medication Reconciliation,3.5
2023,C0094,Medication Reconciliation,3.5
2023,C0095,Medication Reconciliation,3.5
2023,C0096,Medication Reconciliation,3.5
2023,C0097,Medication Reconciliation,3.5
2023,C0098,Medication Reconciliation,3.5
2023,C0099,Medication Reconciliation,4.0
2023,C0100,Medication Reconciliation,3.5
2023,C0101,Medication Reconciliation,3.5
2023,C0102,Medication Reconciliation,3.5
2023,C0103,Medication Reconciliation,4.0
2023,C0104,Medication Reconciliation,3.5
2023,C0105,Medication Reconciliation,3.5
2023,C0106,Medication Reconciliation,3.5
2023,C0107,Medication Reconciliation,3.5
2023,C0108,Medication Reconciliation,3.5
2023,C0109,Medication Reconciliation,3.5
2023,C0110,Medication Reconciliation,3.5
2023,C0111,Medication Reconciliation,3.0
2023,C0112,Medication Reconciliation,3.5
2023,C0113,Medication Reconciliation,3.5
2023,C0114,Medication Reconciliation,3.5
2023,C0115,Medication Reconciliation,3.5
2023,C0116,Medication Reconciliation,3.5
2023,C0117,Medication Reconciliation,4.0
2023,C0118,Medication Reconciliation,3.5
2023,C0119,Medication Reconciliation,3.5
2023,C0120,Medication Reconciliation,3.5
2023,C0121,Medication Reconciliation,3.5
2023,C0122,Medication Reconciliation,4.0
2023,C0123,Medication Reconciliation,3.5
2023,C0124,Medication Reconciliation,3.5
2023,C0125,Medication Reconciliation,3.0
2023,C0126,Medication Reconciliation,3.5
2023,C0127,Medication Reconciliation,3.5
2023,C0128,Medication Reconciliation,3.5
2023,C0129,Medication Reconciliation,3.5
2023,C0130,Medication Reconciliation,3.5
2023,C0131,Medication Reconciliation,3.5
2023,C0132,Medication Reconciliation,3.0
2023,C0133,Medication Reconciliation,3.5
2023,C0134,Medication Reconciliation,3.5
2023,C0135,Medication Reconciliation,3.5
2023,C0136,Medication Reconciliation,3.5
2023,C0137,Medication Reconciliation,3.5
2023,C0138,Medication Reconciliation,3.5
2023,C0139,Medication Reconciliation,3.5
2023,C0140,Medication Reconciliation,3.0
2023,C0141,Medication Reconciliation,3.5
2023,C0142,Medication Reconciliation,3.5
2023,C0143,Medication Reconciliation,3.0
2023,C0144,Medication Reconciliation,3.5
2023,C0145,Medication Reconciliation,3.5
2023,C0146,Medication Reconciliation,3.5
2023,C0147,Medication Reconciliation,3.5
2023,C0148,Medication Reconciliation,4.0
2023,C0149,Medication Reconciliation,3.5
2023,C0150,Medication Reconciliation,3.5
2023,C0151,Medication Reconciliation,3.5
2023,C0152,Medication Reconciliation,3.5
2023,C0153,Medication Reconciliation,4.0
2023,C0154,Medication Reconciliation,4.0
2023,C0155,Medication Reconciliation,4.0
2023,C0156,Medication Reconciliation,3.5
2023,C0157,Medication Reconciliation,3.5
2023,C0158,Medication Reconciliation,3.5
2023,C0159,Medication Reconciliation,3.5
2023,C0160,Medication Reconciliation,3.5
2023,C0161,Medication Reconciliation,3.5
2023,C0162,Medication Reconciliation,3.5
2023,C0163,Medication Reconciliation,3.5
2023,C0164,Medication Reconciliation,3.5
2023,C0165,Medication Reconciliation,3.5
2023,C0166,Medication Reconciliation,4.0
2023,C0167,Medication Reconciliation,3.5
2023,C0168,Medication Reconciliation,3.5
2023,C0169,Medication Reconciliation,3.5
2023,C0170,Medication Reconciliation,3.5
2023,C0171,Medication Reconciliation,3.5
2023,C0172,Medication Reconciliation,3.5
2023,C0173,Medication Reconciliation,3.5
2023,C0174,Medication Reconciliation,3.5
2023,C0175,Medication Reconciliation,3.5
2023,C0176,Medication Reconciliation,3.5
2023,C0177,Medication Reconciliation,3.5
2023,C0178,Medication Reconciliation,4.0
2023,C0179,Medication Reconciliation,3.5
2023,C0180,Medication Reconciliation,3.5
2023,C0181,Medication Reconciliation,3.5
2023,C0182,Medication Reconciliation,3.5
2023,C0183,Medication Reconciliation,3.5
2023,C0184,Medication Reconciliation,3.5
2023,C0185,Medication Reconciliation,3.5
2023,C0186,Medication Reconciliation,3.5
2023,C0187,Medication Reconciliation,3.5
2023,C0188,Medication Reconciliation,3.5
2023,C0189,Medication Reconciliation,3.5
2023,C0190,Medication Reconciliation,3.5
2023,C0191,Medication Reconciliation,3.5
2023,C0192,Medication Reconciliation,3.5
2023,C0193,Medication Reconciliation,3.5
2023,C0194,Medication Reconciliation,3.5
2023,C0195,Medication Reconciliation,3.5
2023,C0196,Medication Reconciliation,3.5
2023,C0197,Medication Reconciliation,3.5
2023,C0198,Medication Reconciliation,3.5
2023,C0199,Medication Reconciliation,3.5
2023,C0200,Medication Reconciliation,3.0
2023,C0201,Medication Reconciliation,3.5
2023,C0202,Medication Reconciliation,3.5
2023,C0203,Medication Reconciliation,3.5
2023,C0204,Medication Reconciliation,3.5
2023,C0205,Medication Reconciliation,3.5
2023,C0206,Medication Reconciliation,3.5
2023,C0207,Medication Reconciliation,3.5
2023,C0208,Medication Reconciliation,4.0
2023,C0209,Medication Reconciliation,3.5
2023,C0210,Medication Reconciliation,3.5
2023,C0211,Medication Reconciliation,3.5
2023,C0212,Medication Reconciliation,3.5
2023,C0213,Medication Reconciliation,3.5
2023,C0214,Medication Reconciliation,3.5
2023,C0215,Medication Reconciliation,3.5
2023,C0216,Medication Reconciliation,3.5
2023,C0217,Medication Reconciliation,3.5
2023,C0218,Medication Reconciliation,3.5
2023,C0219,Medication Reconciliation,3.5
2023,C0220,Medication Reconciliation,3.5
2023,C0221,Medication Reconciliation,3.5
2023,C0222,Medication Reconciliation,3.5
2023,C0223,Medication Reconciliation,3.5
2023,C0224,Medication Reconciliation,3.5
2023,C0225,Medication Reconciliation,3.5
2023,C0226,Medication Reconciliation,3.5
2023,C0227,Medication Reconciliation,3.5
2023,C0228,Medication Reconciliation,3.5
2023,C0229,Medication Reconciliation,3.5
2023,C0230,Medication Reconciliation,3.5
2023,C0231,Medication Reconciliation,3.5
2023,C0232,Medication Reconciliation,3.5
2023,C0233,Medication Reconciliation,3.5
2023,C0234,Medication Reconciliation,3.5
2023,C0235,Medication Reconciliation,3.5
2023,C0236,Medication Reconciliation,3.0
2023,C0237,Medication Reconciliation,3.5
2023,C0238,Medication Reconciliation,3.5
2023,C0239,Medication Reconciliation,3.5
2023,C0240,Medication Reconciliation,3.5
2023,C0241,Medication Reconciliation,3.5
2023,C0242,Medication Reconciliation,3.5
2023,C0243,Medication Reconciliation,3.5
2023,C0244,Medication Reconciliation,3.5
2023,C0245,Medication Reconciliation,4.0
2023,C0246,Medication Reconciliation,4.0
2023,C0247,Medication Reconciliation,3.5
2023,C0248,Medication Reconciliation,3.5
2023,C0249,Medication Reconciliation,3.5
2023,C0250,Medication Reconciliation,3.0
2023,C0001,Plan All-Cause Readmissions,4.0
2023,C0002,Plan All-Cause Readmissions,3.5
2023,C0003,Plan All-Cause Readmissions,3.5
2023,C0004,Plan All-Cause Readmissions,3.5
2023,C0005,Plan All-Cause Readmissions,4.0
2023,C0006,Plan All-Cause Readmissions,3.5
2023,C0007,Plan All-Cause Readmissions,3.5
2023,C0008,Plan All-Cause Readmissions,4.0
2023,C0009,Plan All-Cause Readmissions,3.5
2023,C0010,Plan All-Cause Readmissions,3.5
2023,C0011,Plan All-Cause Readmissions,3.5
2023,C0012,Plan All-Cause Readmissions,4.0
2023,C0013,Plan All-Cause Readmissions,3.5
2023,C0014,Plan All-Cause Readmissions,3.5
2023,C0015,Plan All-Cause Readmissions,4.0
2023,C0016,Plan All-Cause Readmissions,4.0
2023,C0017,Plan All-Cause Readmissions,4.0
2023,C0018,Plan All-Cause Readmissions,3.5
2023,C0019,Plan All-Cause Readmissions,4.0
2023,C0020,Plan All-Cause Readmissions,3.5
2023,C0021,Plan All-Cause Readmissions,3.5
2023,C0022,Plan All-Cause Readmissions,4.0
2023,C0023,Plan All-Cause Readmissions,4.0
2023,C0024,Plan All-Cause Readmissions,3.5
2023,C0025,Plan All-Cause Readmissions,3.5
2023,C0026,Plan All-Cause Readmissions,3.5
2023,C0027,Plan All-Cause Readmissions,3.5
2023,C0028,Plan All-Cause Readmissions,3.5
2023,C0029,Plan All-Cause Readmissions,3.5
2023,C0030,Plan All-Cause Readmissions,4.0
2023,C0031,Plan All-Cause Readmissions,3.5
2023,C0032,Plan All-Cause Readmissions,4.0
2023,C0033,Plan All-Cause Readmissions,4.0
2023,C0034,Plan All-Cause Readmissions,3.5
2023,C0035,Plan All-Cause Readmissions,3.5
2023,C0036,Plan All-Cause Readmissions,4.0
2023,C0037,Plan All-Cause Readmissions,3.5
2023,C0038,Plan All-Cause Readmissions,4.0
2023,C0039,Plan All-Cause Readmissions,3.5
2023,C0040,Plan All-Cause Readmissions,3.5
2023,C0041,Plan All-Cause Readmissions,3.5
2023,C0042,Plan All-Cause Readmissions,4.0
2023,C0043,Plan All-Cause Readmissions,4.0
2023,C0044,Plan All-Cause Readmissions,3.5
2023,C0045,Plan All-Cause Readmissions,4.0
2023,C0046,Plan All-Cause Readmissions,3.5
2023,C0047,Plan All-Cause Readmissions,3.5
2023,C0048,Plan All-Cause Readmissions,3.5
2023,C0049,Plan All-Cause Readmissions,3.5
2023,C0050,Plan All-Cause Readmissions,4.0
2023,C0051,Plan All-Cause Readmissions,4.0
2023,C0052,Plan All-Cause Readmissions,3.5
2023,C0053,Plan All-Cause Readmissions,3.5
2023,C0054,Plan All-Cause Readmissions,3.5
2023,C0055,Plan All-Cause Readmissions,3.5
2023,C0056,Plan All-Cause Readmissions,3.5
2023,C0057,Plan All-Cause Readmissions,3.5
2023,C0058,Plan All-Cause Readmissions,3.5
2023,C0059,Plan All-Cause Readmissions,4.0
2023,C0060,Plan All-Cause Readmissions,3.5
2023,C0061,Plan All-Cause Readmissions,3.5
2023,C0062,Plan All-Cause Readmissions,3.5
2023,C0063,Plan All-Cause Readmissions,3.5
2023,C0064,Plan All-Cause Readmissions,4.0
2023,C0065,Plan All-Cause Readmissions,3.5
2023,C0066,Plan All-Cause Readmissions,3.5
2023,C0067,Plan All-Cause Readmissions,3.5
2023,C0068,Plan All-Cause Readmissions,4.0
2023,C0069,Plan All-Cause Readmissions,3.5
2023,C0070,Plan All-Cause Readmissions,3.5
2023,C0071,Plan All-Cause Readmissions,4.0
2023,C0072,Plan All-Cause Readmissions,3.5
2023,C0073,Plan All-Cause Readmissions,3.5
2023,C0074,Plan All-Cause Readmissions,3.5
2023,C0075,Plan All-Cause Readmissions,3.5
2023,C0076,Plan All-Cause Readmissions,4.0
2023,C0077,Plan All-Cause Readmissions,3.5
2023,C0078,Plan All-Cause Readmissions,3.5
2023,C0079,Plan All-Cause Readmissions,3.5
2023,C0080,Plan All-Cause Readmissions,3.5
2023,C0081,Plan All-Cause Readmissions,3.5
2023,C0082,Plan All-Cause Readmissions,3.5
2023,C0083,Plan All-Cause Readmissions,4.0
2023,C0084,Plan All-Cause Readmissions,4.0
2023,C0085,Plan All-Cause Readmissions,3.5
2023,C0086,Plan All-Cause Readmissions,3.5
2023,C0087,Plan All-Cause Readmissions,3.5
2023,C0088,Plan All-Cause Readmissions,4.0
2023,C0089,Plan All-Cause Readmissions,3.5
2023,C0090,Plan All-Cause Readmissions,3.5
2023,C0091,Plan All-Cause Readmissions,4.0
2023,C0092,Plan All-Cause Readmissions,3.5
2023,C0093,Plan All-Cause Readmissions,3.5
2023,C0094,Plan All-Cause Readmissions,4.0
2023,C0095,Plan All-Cause Readmissions,3.5
2023,C0096,Plan All-Cause Readmissions,3.5
2023,C0097,Plan All-Cause Readmissions,3.5
2023,C0098,Plan All-Cause Readmissions,3.5
2023,C0099,Plan All-Cause Readmissions,3.5
2023,C0100,Plan All-Cause Readmissions,4.0
2023,C0101,Plan All-Cause Readmissions,3.5
2023,C0102,Plan All-Cause Readmissions,4.0
2023,C0103,Plan All-Cause Readmissions,4.0
2023,C0104,Plan All-Cause Readmissions,3.5
2023,C0105,Plan All-Cause Readmissions,3.5
2023,C0106,Plan All-Cause Readmissions,4.0
2023,C0107,Plan All-Cause Readmissions,3.5
2023,C0108,Plan All-Cause Readmissions,4.0
2023,C0109,Plan All-Cause Readmissions,3.5
2023,C0110,Plan All-Cause Readmissions,4.0
2023,C0111,Plan All-Cause Readmissions,4.0
2023,C0112,Plan All-Cause Readmissions,3.5
2023,C0113,Plan All-Cause Readmissions,3.5
2023,C0114,Plan All-Cause Readmissions,4.0
2023,C0115,Plan All-Cause Readmissions,3.5
2023,C0116,Plan All-Cause Readmissions,3.5
2023,C0117,Plan All-Cause Readmissions,4.0
2023,C0118,Plan All-Cause Readmissions,4.0
2023,C0119,Plan All-Cause Readmissions,3.5
2023,C0120,Plan All-Cause Readmissions,4.0
2023,C0121,Plan All-Cause Readmissions,3.5
2023,C0122,Plan All-Cause Readmissions,3.5
2023,C0123,Plan All-Cause Readmissions,3.5
2023,C0124,Plan All-Cause Readmissions,4.0
2023,C0125,Plan All-Cause Readmissions,3.5
2023,C0126,Plan All-Cause Readmissions,4.0
2023,C0127,Plan All-Cause Readmissions,3.5
2023,C0128,Plan All-Cause Readmissions,3.5
2023,C0129,Plan All-Cause Readmissions,3.5
2023,C0130,Plan All-Cause Readmissions,4.0
2023,C0131,Plan All-Cause Readmissions,4.0
2023,C0132,Plan All-Cause Readmissions,4.0
2023,C0133,Plan All-Cause Readmissions,3.5
2023,C0134,Plan All-Cause Readmissions,3.5
2023,C0135,Plan All-Cause Readmissions,4.0
2023,C0136,Plan All-Cause Readmissions,3.5
2023,C0137,Plan All-Cause Readmissions,4.0
2023,C0138,Plan All-Cause Readmissions,3.5
2023,C0139,Plan All-Cause Readmissions,3.5
2023,C0140,Plan All-Cause Readmissions,4.0
2023,C0141,Plan All-Cause Readmissions,3.5
2023,C0142,Plan All-Cause Readmissions,3.5
2023,C0143,Plan All-Cause Readmissions,3.5
2023,C0144,Plan All-Cause Readmissions,3.5
2023,C0145,Plan All-Cause Readmissions,3.5
2023,C0146,Plan All-Cause Readmissions,3.5
2023,C0147,Plan All-Cause Readmissions,4.0
2023,C0148,Plan All-Cause Readmissions,4.0
2023,C0149,Plan All-Cause Readmissions,3.5
2023,C0150,Plan All-Cause Readmissions,4.0
2023,C0151,Plan All-Cause Readmissions,4.0
2023,C0152,Plan All-Cause Readmissions,3.5
2023,C0153,Plan All-Cause Readmissions,3.5
2023,C0154,Plan All-Cause Readmissions,3.5
2023,C0155,Plan All-Cause Readmissions,4.0
2023,C0156,Plan All-Cause Readmissions,3.5
2023,C0157,Plan All-Cause Readmissions,4.0
2023,C0158,Plan All-Cause Readmissions,3.5
2023,C0159,Plan All-Cause Readmissions,3.5
2023,C0160,Plan All-Cause Readmissions,3.5
2023,C0161,Plan All-Cause Readmissions,3.5
2023,C0162,Plan All-Cause Readmissions,4.0
2023,C0163,Plan All-Cause Readmissions,3.5
2023,C0164,Plan All-Cause Readmissions,4.0
2023,C0165,Plan All-Cause Readmissions,4.0
2023,C0166,Plan All-Cause Readmissions,3.5
2023,C0167,Plan All-Cause Readmissions,3.5
2023,C0168,Plan All-Cause Readmissions,3.5
2023,C0169,Plan All-Cause Readmissions,3.5
2023,C0170,Plan All-Cause Readmissions,3.5
2023,C0171,Plan All-Cause Readmissions,3.5
2023,C0172,Plan All-Cause Readmissions,3.5
2023,C0173,Plan All-Cause Readmissions,4.0
2023,C0174,Plan All-Cause Readmissions,4.0
2023,C0175,Plan All-Cause Readmissions,3.5
2023,C0176,Plan All-Cause Readmissions,3.5
2023,C0177,Plan All-Cause Readmissions,3.5
2023,C0178,Plan All-Cause Readmissions,3.5
2023,C0179,Plan All-Cause Readmissions,4.0
2023,C0180,Plan All-Cause Readmissions,3.5
2023,C0181,Plan All-Cause Readmissions,4.0
2023,C0182,Plan All-Cause Readmissions,4.0
2023,C0183,Plan All-Cause Readmissions,4.0
2023,C0184,Plan All-Cause Readmissions,4.0
2023,C0185,Plan All-Cause Readmissions,4.0
2023,C0186,Plan All-Cause Readmissions,4.0
2023,C0187,Plan All-Cause Readmissions,3.5
2023,C0188,Plan All-Cause Readmissions,3.5
2023,C0189,Plan All-Cause Readmissions,3.5
2023,C0190,Plan All-Cause Readmissions,3.5
2023,C0191,Plan All-Cause Readmissions,4.0
2023,C0192,Plan All-Cause Readmissions,4.0
2023,C0193,Plan All-Cause Readmissions,4.0
2023,C0194,Plan All-Cause Readmissions,3.5
2023,C0195,Plan All-Cause Readmissions,3.5
2023,C0196,Plan All-Cause Readmissions,3.5
2023,C0197,Plan All-Cause Readmissions,3.5
2023,C0198,Plan All-Cause Readmissions,4.0
2023,C0199,Plan All-Cause Readmissions,3.5
2023,C0200,Plan All-Cause Readmissions,3.5
2023,C0201,Plan All-Cause Readmissions,4.0
2023,C0202,Plan All-Cause Readmissions,3.5
2023,C0203,Plan All-Cause Readmissions,4.0
2023,C0204,Plan All-Cause Readmissions,4.0
2023,C0205,Plan All-Cause Readmissions,4.0
2023,C0206,Plan All-Cause Readmissions,3.5
2023,C0207,Plan All-Cause Readmissions,3.5
2023,C0208,Plan All-Cause Readmissions,3.5
2023,C0209,Plan All-Cause Readmissions,3.5
2023,C0210,Plan All-Cause Readmissions,3.5
2023,C0211,Plan All-Cause Readmissions,3.5
2023,C0212,Plan All-Cause Readmissions,3.5
2023,C0213,Plan All-Cause Readmissions,3.5
2023,C0214,Plan All-Cause Readmissions,3.5
2023,C0215,Plan All-Cause Readmissions,4.0
2023,C0216,Plan All-Cause Readmissions,3.5
2023,C0217,Plan All-Cause Readmissions,3.5
2023,C0218,Plan All-Cause Readmissions,3.5
2023,C0219,Plan All-Cause Readmissions,3.5
2023,C0220,Plan All-Cause Readmissions,3.5
2023,C0221,Plan All-Cause Readmissions,3.5
2023,C0222,Plan All-Cause Readmissions,3.5
2023,C0223,Plan All-Cause Readmissions,3.5
2023,C0224,Plan All-Cause Readmissions,3.5
2023,C0225,Plan All-Cause Readmissions,4.0
2023,C0226,Plan All-Cause Readmissions,4.0
2023,C0227,Plan All-Cause Readmissions,3.5
2023,C0228,Plan All-Cause Readmissions,3.5
2023,C0229,Plan All-Cause Readmissions,3.5
2023,C0230,Plan All-Cause Readmissions,3.5
2023,C0231,Plan All-Cause Readmissions,3.5
2023,C0232,Plan All-Cause Readmissions,4.0
2023,C0233,Plan All-Cause Readmissions,3.5
2023,C0234,Plan All-Cause Readmissions,3.5
2023,C0235,Plan All-Cause Readmissions,4.0
2023,C0236,Plan All-Cause Readmissions,4.0
2023,C0237,Plan All-Cause Readmissions,3.5
2023,C0238,Plan All-Cause Readmissions,4.0
2023,C0239,Plan All-Cause Readmissions,3.5
2023,C0240,Plan All-Cause Readmissions,4.0
2023,C0241,Plan All-Cause Readmissions,4.0
2023,C0242,Plan All-Cause Readmissions,4.0
2023,C0243,Plan All-Cause Readmissions,4.0
2023,C0244,Plan All-Cause Readmissions,4.0
2023,C0245,Plan All-Cause Readmissions,3.5
2023,C0246,Plan All-Cause Readmissions,4.0
2023,C0247,Plan All-Cause Readmissions,4.0
2023,C0248,Plan All-Cause Readmissions,3.5
2023,C0249,Plan All-Cause Readmissions,4.0
2023,C0250,Plan All-Cause Readmissions,3.5
2023,C0001,Controlling Blood Pressure,4.0
2023,C0002,Controlling Blood Pressure,4.0
2023,C0003,Controlling Blood Pressure,4.0
2023,C0004,Controlling Blood Pressure,4.0
2023,C0005,Controlling Blood Pressure,4.0
2023,C0006,Controlling Blood Pressure,4.0
2023,C0007,Controlling Blood Pressure,4.0
2023,C0008,Controlling Blood Pressure,4.0
2023,C0009,Controlling Blood Pressure,4.0
2023,C0010,Controlling Blood Pressure,4.0
2023,C0011,Controlling Blood Pressure,4.0
2023,C0012,Controlling Blood Pressure,4.0
2023,C0013,Controlling Blood Pressure,4.0
2023,C0014,Controlling Blood Pressure,3.5
2023,C0015,Controlling Blood Pressure,4.0
2023,C0016,Controlling Blood Pressure,4.0
2023,C0017,Controlling Blood Pressure,3.5
2023,C0018,Controlling Blood Pressure,4.0
2023,C0019,Controlling Blood Pressure,3.5
2023,C0020,Controlling Blood Pressure,4.0
2023,C0021,Controlling Blood Pressure,4.0
2023,C0022,Controlling Blood Pressure,4.0
2023,C0023,Controlling Blood Pressure,4.0
2023,C0024,Controlling Blood Pressure,4.0
2023,C0025,Controlling Blood Pressure,4.0
2023,C0026,Controlling Blood Pressure,4.0
2023,C0027,Controlling Blood Pressure,4.0
2023,C0028,Controlling Blood Pressure,4.0
2023,C0029,Controlling Blood Pressure,4.0
2023,C0030,Controlling Blood Pressure,4.0
2023,C0031,Controlling Blood Pressure,4.0
2023,C0032,Controlling Blood Pressure,3.5
2023,C0033,Controlling Blood Pressure,4.0
2023,C0034,Controlling Blood Pressure,4.0
2023,C0035,Controlling Blood Pressure,4.0
2023,C0036,Controlling Blood Pressure,4.0
2023,C0037,Controlling Blood Pressure,4.0
2023,C0038,Controlling Blood Pressure,4.0
2023,C0039,Controlling Blood Pressure,4.0
2023,C0040,Controlling Blood Pressure,4.0
2023,C0041,Controlling Blood Pressure,4.0
2023,C0042,Controlling Blood Pressure,4.0
2023,C0043,Controlling Blood Pressure,4.0
2023,C0044,Controlling Blood Pressure,4.0
2023,C0045,Controlling Blood Pressure,4.0
2023,C0046,Controlling Blood Pressure,3.5
2023,C0047,Controlling Blood Pressure,4.0
2023,C0048,Controlling Blood Pressure,3.5
2023,C0049,Controlling Blood Pressure,4.0
2023,C0050,Controlling Blood Pressure,4.0
2023,C0051,Controlling Blood Pressure,3.5
2023,C0052,Controlling Blood Pressure,4.0
2023,C0053,Controlling Blood Pressure,3.5
2023,C0054,Controlling Blood Pressure,4.0
2023,C0055,Controlling Blood Pressure,4.0
2023,C0056,Controlling Blood Pressure,4.0
2023,C0057,Controlling Blood Pressure,4.0
2023,C0058,Controlling Blood Pressure,3.5
2023,C0059,Controlling Blood Pressure,4.0
2023,C0060,Controlling Blood Pressure,4.0
2023,C0061,Controlling Blood Pressure,4.0
2023,C0062,Controlling Blood Pressure,4.0
2023,C0063,Controlling Blood Pressure,4.0
2023,C0064,Controlling Blood Pressure,4.0
2023,C0065,Controlling Blood Pressure,4.0
2023,C0066,Controlling Blood Pressure,4.0
2023,C0067,Controlling Blood Pressure,4.0
2023,C0068,Controlling Blood Pressure,4.0
2023,C0069,Controlling Blood Pressure,4.0
2023,C0070,Controlling Blood Pressure,3.5
2023,C0071,Controlling Blood Pressure,4.0
2023,C0072,Controlling Blood Pressure,4.0
2023,C0073,Controlling Blood Pressure,4.0
2023,C0074,Controlling Blood Pressure,4.0
2023,C0075,Controlling Blood Pressure,4.0
2023,C0076,Controlling Blood Pressure,4.0
2023,C0077,Controlling Blood Pressure,4.0
2023,C0078,Controlling Blood Pressure,4.0
2023,C0079,Controlling Blood Pressure,4.0
2023,C0080,Controlling Blood Pressure,3.5
2023,C0081,Controlling Blood Pressure,4.0
2023,C0082,Controlling Blood Pressure,4.0
2023,C0083,Controlling Blood Pressure,4.0
2023,C0084,Controlling Blood Pressure,4.0
2023,C0085,Controlling Blood Pressure,4.0
2023,C0086,Controlling Blood Pressure,3.5
2023,C0087,Controlling Blood Pressure,4.0
2023,C0088,Controlling Blood Pressure,4.0
2023,C0089,Controlling Blood Pressure,4.0
2023,C0090,Controlling Blood Pressure,4.0
2023,C0091,Controlling Blood Pressure,4.0
2023,C0092,Controlling Blood Pressure,4.0
2023,C0093,Controlling Blood Pressure,3.5
2023,C0094,Controlling Blood Pressure,3.5
2023,C0095,Controlling Blood Pressure,4.0
2023,C0096,Controlling Blood Pressure,3.5
2023,C0097,Controlling Blood Pressure,4.0
2023,C0098,Controlling Blood Pressure,3.5
2023,C0099,Controlling Blood Pressure,4.0
2023,C0100,Controlling Blood Pressure,4.0
2023,C0101,Controlling Blood Pressure,4.0
2023,C0102,Controlling Blood Pressure,4.0
2023,C0103,Controlling Blood Pressure,4.0
2023,C0104,Controlling Blood Pressure,4.0
2023,C0105,Controlling Blood Pressure,4.0
2023,C0106,Controlling Blood Pressure,4.0
2023,C0107,Controlling Blood Pressure,4.0
2023,C0108,Controlling Blood Pressure,4.0
2023,C0109,Controlling Blood Pressure,4.0
2023,C0110,Controlling Blood Pressure,3.5
2023,C0111,Controlling Blood Pressure,4.0
2023,C0112,Controlling Blood Pressure,4.0
2023,C0113,Controlling Blood Pressure,4.0
2023,C0114,Controlling Blood Pressure,4.0
2023,C0115,Controlling Blood Pressure,4.0
2023,C0116,Controlling Blood Pressure,4.0
2023,C0117,Controlling Blood Pressure,4.0
2023,C0118,Controlling Blood Pressure,4.0
2023,C0119,Controlling Blood Pressure,4.0
2023,C0120,Controlling Blood Pressure,4.0
2023,C0121,Controlling Blood Pressure,4.0
2023,C0122,Controlling Blood Pressure,4.0
2023,C0123,Controlling Blood Pressure,4.0
2023,C0124,Controlling Blood Pressure,4.0
2023,C0125,Controlling Blood Pressure,4.0
2023,C0126,Controlling Blood Pressure,4.0
2023,C0127,Controlling Blood Pressure,3.5
2023,C0128,Controlling Blood Pressure,4.0
2023,C0129,Controlling Blood Pressure,4.0
2023,C0130,Controlling Blood Pressure,4.0
2023,C0131,Controlling Blood Pressure,4.0
2023,C0132,Controlling Blood Pressure,4.0
2023,C0133,Controlling Blood Pressure,4.0
2023,C0134,Controlling Blood Pressure,4.0
2023,C0135,Controlling Blood Pressure,4.0
2023,C0136,Controlling Blood Pressure,4.0
2023,C0137,Controlling Blood Pressure,4.0
2023,C0138,Controlling Blood Pressure,4.0
2023,C0139,Controlling Blood Pressure,4.0
2023,C0140,Controlling Blood Pressure,3.5
2023,C0141,Controlling Blood Pressure,4.0
2023,C0142,Controlling Blood Pressure,4.0
2023,C0143,Controlling Blood Pressure,4.0
2023,C0144,Controlling Blood Pressure,4.0
2023,C0145,Controlling Blood Pressure,4.0
2023,C0146,Controlling Blood Pressure,4.0
2023,C0147,Controlling Blood Pressure,4.0
2023,C0148,Controlling Blood Pressure,4.0
2023,C0149,Controlling Blood Pressure,4.0
2023,C0150,Controlling Blood Pressure,4.0
2023,C0151,Controlling Blood Pressure,4.0
2023,C0152,Controlling Blood Pressure,4.0
2023,C0153,Controlling Blood Pressure,4.0
2023,C0154,Controlling Blood Pressure,4.0
2023,C0155,Controlling Blood Pressure,4.0
2023,C0156,Controlling Blood Pressure,4.0
2023,C0157,Controlling Blood Pressure,4.0
2023,C0158,Controlling Blood Pressure,4.0
2023,C0159,Controlling Blood Pressure,4.0
2023,C0160,Controlling Blood Pressure,3.5
2023,C0161,Controlling Blood Pressure,4.0
2023,C0162,Controlling Blood Pressure,4.0
2023,C0163,Controlling Blood Pressure,4.0
2023,C0164,Controlling Blood Pressure,3.5
2023,C0165,Controlling Blood Pressure,4.0
2023,C0166,Controlling Blood Pressure,4.0
2023,C0167,Controlling Blood Pressure,4.0
2023,C0168,Controlling Blood Pressure,4.0
2023,C0169,Controlling Blood Pressure,4.0
2023,C0170,Controlling Blood Pressure,4.0
2023,C0171,Controlling Blood Pressure,3.5
2023,C0172,Controlling Blood Pressure,3.5
2023,C0173,Controlling Blood Pressure,4.0
2023,C0174,Controlling Blood Pressure,4.0
2023,C0175,Controlling Blood Pressure,4.0
2023,C0176,Controlling Blood Pressure,4.0
2023,C0177,Controlling Blood Pressure,4.0
2023,C0178,Controlling Blood Pressure,4.0
2023,C0179,Controlling Blood Pressure,4.0
2023,C0180,Controlling Blood Pressure,4.0
2023,C0181,Controlling Blood Pressure,4.0
2023,C0182,Controlling Blood Pressure,4.0
2023,C0183,Controlling Blood Pressure,4.0
2023,C0184,Controlling Blood Pressure,4.0
2023,C0185,Controlling Blood Pressure,4.0
2023,C0186,Controlling Blood Pressure,3.5
2023,C0187,Controlling Blood Pressure,4.0
2023,C0188,Controlling Blood Pressure,4.0
2023,C0189,Controlling Blood Pressure,4.0
2023,C0190,Controlling Blood Pressure,4.0
2023,C0191,Controlling Blood Pressure,4.0
2023,C0192,Controlling Blood Pressure,4.0
2023,C0193,Controlling Blood Pressure,4.0
2023,C0194,Controlling Blood Pressure,4.0
2023,C0195,Controlling Blood Pressure,4.0
2023,C0196,Controlling Blood Pressure,4.0
2023,C0197,Controlling Blood Pressure,4.0
2023,C0198,Controlling Blood Pressure,4.0
2023,C0199,Controlling Blood Pressure,4.0
2023,C0200,Controlling Blood Pressure,4.0
2023,C0201,Controlling Blood Pressure,4.0
2023,C0202,Controlling Blood Pressure,4.0
2023,C0203,Controlling Blood Pressure,3.5
2023,C0204,Controlling Blood Pressure,3.5
2023,C0205,Controlling Blood Pressure,4.0
2023,C0206,Controlling Blood Pressure,3.5
2023,C0207,Controlling Blood Pressure,4.0
2023,C0208,Controlling Blood Pressure,4.0
2023,C0209,Controlling Blood Pressure,3.5
2023,C0210,Controlling Blood Pressure,4.0
2023,C0211,Controlling Blood Pressure,3.5
2023,C0212,Controlling Blood Pressure,4.0
2023,C0213,Controlling Blood Pressure,4.0
2023,C0214,Controlling Blood Pressure,4.0
2023,C0215,Controlling Blood Pressure,4.0
2023,C0216,Controlling Blood Pressure,4.0
2023,C0217,Controlling Blood Pressure,4.0
2023,C0218,Controlling Blood Pressure,4.0
2023,C0219,Controlling Blood Pressure,4.0
2023,C0220,Controlling Blood Pressure,4.0
2023,C0221,Controlling Blood Pressure,4.0
2023,C0222,Controlling Blood Pressure,4.0
2023,C0223,Controlling Blood Pressure,4.0
2023,C0224,Controlling Blood Pressure,4.0
2023,C0225,Controlling Blood Pressure,4.0
2023,C0226,Controlling Blood Pressure,3.5
2023,C0227,Controlling Blood Pressure,4.0
2023,C0228,Controlling Blood Pressure,4.0
2023,C0229,Controlling Blood Pressure,3.5
2023,C0230,Controlling Blood Pressure,4.0
2023,C0231,Controlling Blood Pressure,4.0
2023,C0232,Controlling Blood Pressure,4.0
2023,C0233,Controlling Blood Pressure,4.0
2023,C0234,Controlling Blood Pressure,3.5
2023,C0235,Controlling Blood Pressure,4.0
2023,C0236,Controlling Blood Pressure,4.0
2023,C0237,Controlling Blood Pressure,4.0
2023,C0238,Controlling Blood Pressure,4.0
2023,C0239,Controlling Blood Pressure,4.0
2023,C0240,Controlling Blood Pressure,4.0
2023,C0241,Controlling Blood Pressure,4.0
2023,C0242,Controlling Blood Pressure,4.0
2023,C0243,Controlling Blood Pressure,4.0
2023,C0244,Controlling Blood Pressure,4.0
2023,C0245,Controlling Blood Pressure,4.0
2023,C0246,Controlling Blood Pressure,4.0
2023,C0247,Controlling Blood Pressure,4.0
2023,C0248,Controlling Blood Pressure,4.0
2023,C0249,Controlling Blood Pressure,3.5
2023,C0250,Controlling Blood Pressure,4.0
2024,C0001,Breast Cancer Screening,3.5
2024,C0002,Breast Cancer Screening,3.5
2024,C0003,Breast Cancer Screening,4.0
2024,C0004,Breast Cancer Screening,3.5
2024,C0005,Breast Cancer Screening,4.0
2024,C0006,Breast Cancer Screening,3.5
2024,C0007,Breast Cancer Screening,3.5
2024,C0008,Breast Cancer Screening,4.0
2024,C0009,Breast Cancer Screening,4.0
2024,C0010,Breast Cancer Screening,4.0
2024,C0011,Breast Cancer Screening,4.0
2024,C0012,Breast Cancer Screening,4.0
2024,C0013,Breast Cancer Screening,4.0
2024,C0014,Breast Cancer Screening,3.5
2024,C0015,Breast Cancer Screening,3.5
2024,C0016,Breast Cancer Screening,3.5
2024,C0017,Breast Cancer Screening,4.0
2024,C0018,Breast Cancer Screening,4.0
2024,C0019,Breast Cancer Screening,4.0
2024,C0020,Breast Cancer Screening,4.0
2024,C0021,Breast Cancer Screening,3.5
2024,C0022,Breast Cancer Screening,4.0
2024,C0023,Breast Cancer Screening,3.5
2024,C0024,Breast Cancer Screening,4.0
2024,C0025,Breast Cancer Screening,4.0
2024,C0026,Breast Cancer Screening,4.0
2024,C0027,Breast Cancer Screening,3.5
2024,C0028,Breast Cancer Screening,3.5
2024,C0029,Breast Cancer Screening,3.5
2024,C0030,Breast Cancer Screening,4.0
2024,C0031,Breast Cancer Screening,3.5
2024,C0032,Breast Cancer Screening,3.5
2024,C0033,Breast Cancer Screening,4.0
2024,C0034,Breast Cancer Screening,4.0
2024,C0035,Breast Cancer Screening,3.5
2024,C0036,Breast Cancer Screening,3.5
2024,C0037,Breast Cancer Screening,4.0
2024,C0038,Breast Cancer Screening,3.5
2024,C0039,Breast Cancer Screening,4.0
2024,C0040,Breast Cancer Screening,4.0
2024,C0041,Breast Cancer Screening,4.0
2024,C0042,Breast Cancer Screening,3.5
2024,C0043,Breast Cancer Screening,3.5
2024,C0044,Breast Cancer Screening,3.5
2024,C0045,Breast Cancer Screening,4.0
2024,C0046,Breast Cancer Screening,3.5
2024,C0047,Breast Cancer Screening,3.5
2024,C0048,Breast Cancer Screening,4.0
2024,C0049,Breast Cancer Screening,4.0
2024,C0050,Breast Cancer Screening,3.5
2024,C0051,Breast Cancer Screening,4.0
2024,C0052,Breast Cancer Screening,4.0
2024,C0053,Breast Cancer Screening,4.0
2024,C0054,Breast Cancer Screening,4.0
2024,C0055,Breast Cancer Screening,4.0
2024,C0056,Breast Cancer Screening,4.0
2024,C0057,Breast Cancer Screening,3.5
2024,C0058,Breast Cancer Screening,4.0
2024,C0059,Breast Cancer Screening,4.0
2024,C0060,Breast Cancer Screening,3.5
2024,C0061,Breast Cancer Screening,4.0
2024,C0062,Breast Cancer Screening,4.0
2024,C0063,Breast Cancer Screening,4.0
2024,C0064,Breast Cancer Screening,4.0
2024,C0065,Breast Cancer Screening,3.5
2024,C0066,Breast Cancer Screening,3.5
2024,C0067,Breast Cancer Screening,3.5
2024,C0068,Breast Cancer Screening,3.5
2024,C0069,Breast Cancer Screening,4.0
2024,C0070,Breast Cancer Screening,4.0
2024,C0071,Breast Cancer Screening,4.0
2024,C0072,Breast Cancer Screening,3.5
2024,C0073,Breast Cancer Screening,3.5
2024,C0074,Breast Cancer Screening,4.0
2024,C0075,Breast Cancer Screening,4.0
2024,C0076,Breast Cancer Screening,4.0
2024,C0077,Breast Cancer Screening,3.5
2024,C0078,Breast Cancer Screening,3.5
2024,C0079,Breast Cancer Screening,4.0
2024,C0080,Breast Cancer Screening,4.0
2024,C0081,Breast Cancer Screening,4.0
2024,C0082,Breast Cancer Screening,3.5
2024,C0083,Breast Cancer Screening,3.5
2024,C0084,Breast Cancer Screening,4.0
2024,C0085,Breast Cancer Screening,4.0
2024,C0086,Breast Cancer Screening,4.0
2024,C0087,Breast Cancer Screening,4.0
2024,C0088,Breast Cancer Screening,3.5
2024,C0089,Breast Cancer Screening,3.5
2024,C0090,Breast Cancer Screening,4.0
2024,C0091,Breast Cancer Screening,3.5
2024,C0092,Breast Cancer Screening,3.5
2024,C0093,Breast Cancer Screening,4.0
2024,C0094,Breast Cancer Screening,4.0
2024,C0095,Breast Cancer Screening,4.0
2024,C0096,Breast Cancer Screening,3.5
2024,C0097,Breast Cancer Screening,4.0
2024,C0098,Breast Cancer Screening,3.5
2024,C0099,Breast Cancer Screening,4.0
2024,C0100,Breast Cancer Screening,4.0
2024,C0101,Breast Cancer Screening,4.0
2024,C0102,Breast Cancer Screening,4.0
2024,C0103,Breast Cancer Screening,3.5
2024,C0104,Breast Cancer Screening,4.0
2024,C0105,Breast Cancer Screening,3.5
2024,C0106,Breast Cancer Screening,4.0
2024,C0107,Breast Cancer Screening,4.0
2024,C0108,Breast Cancer Screening,4.0
2024,C0109,Breast Cancer Screening,4.0
2024,C0110,Breast Cancer Screening,4.0
2024,C0111,Breast Cancer Screening,4.0
2024,C0112,Breast Cancer Screening,3.5
2024,C0113,Breast Cancer Screening,4.0
2024,C0114,Breast Cancer Screening,3.5
2024,C0115,Breast Cancer Screening,4.0
2024,C0116,Breast Cancer Screening,3.5
2024,C0117,Breast Cancer Screening,4.0
2024,C0118,Breast Cancer Screening,4.0
2024,C0119,Breast Cancer Screening,4.0
2024,C0120,Breast Cancer Screening,3.5
2024,C0121,Breast Cancer Screening,4.0
2024,C0122,Breast Cancer Screening,3.5
2024,C0123,Breast Cancer Screening,4.0
2024,C0124,Breast Cancer Screening,3.5
2024,C0125,Breast Cancer Screening,4.0
2024,C0126,Breast Cancer Screening,4.0
2024,C0127,Breast Cancer Screening,4.0
2024,C0128,Breast Cancer Screening,4.0
2024,C0129,Breast Cancer Screening,4.0
2024,C0130,Breast Cancer Screening,3.5
2024,C0131,Breast Cancer Screening,4.0
2024,C0132,Breast Cancer Screening,4.0
2024,C0133,Breast Cancer Screening,4.0
2024,C0134,Breast Cancer Screening,3.5
2024,C0135,Breast Cancer Screening,4.0
2024,C0136,Breast Cancer Screening,3.5
2024,C0137,Breast Cancer Screening,4.0
2024,C0138,Breast Cancer Screening,3.5
2024,C0139,Breast Cancer Screening,4.0
2024,C0140,Breast Cancer Screening,3.5
2024,C0141,Breast Cancer Screening,3.5
2024,C0142,Breast Cancer Screening,4.0
2024,C0143,Breast Cancer Screening,4.0
2024,C0144,Breast Cancer Screening,4.0
2024,C0145,Breast Cancer Screening,4.0
2024,C0146,Breast Cancer Screening,4.0
2024,C0147,Breast Cancer Screening,3.5
2024,C0148,Breast Cancer Screening,3.5
2024,C0149,Breast Cancer Screening,3.5
2024,C0150,Breast Cancer Screening,4.0
2024,C0151,Breast Cancer Screening,3.5
2024,C0152,Breast Cancer Screening,3.5
2024,C0153,Breast Cancer Screening,3.5
2024,C0154,Breast Cancer Screening,4.0
2024,C0155,Breast Cancer Screening,4.0
2024,C0156,Breast Cancer Screening,3.5
2024,C0157,Breast Cancer Screening,4.0
2024,C0158,Breast Cancer Screening,4.0
2024,C0159,Breast Cancer Screening,4.0
2024,C0160,Breast Cancer Screening,4.0
2024,C0161,Breast Cancer Screening,3.5
2024,C0162,Breast Cancer Screening,4.0
2024,C0163,Breast Cancer Screening,3.5
2024,C0164,Breast Cancer Screening,4.0
2024,C0165,Breast Cancer Screening,4.0
2024,C0166,Breast Cancer Screening,3.5
2024,C0167,Breast Cancer Screening,4.0
2024,C0168,Breast Cancer Screening,3.5
2024,C0169,Breast Cancer Screening,3.5
2024,C0170,Breast Cancer Screening,4.0
2024,C0171,Breast Cancer Screening,4.0
2024,C0172,Breast Cancer Screening,4.0
2024,C0173,Breast Cancer Screening,4.0
2024,C0174,Breast Cancer Screening,4.0
2024,C0175,Breast Cancer Screening,3.5
2024,C0176,Breast Cancer Screening,3.5
2024,C0177,Breast Cancer Screening,3.5
2024,C0178,Breast Cancer Screening,4.0
2024,C0179,Breast Cancer Screening,4.0
2024,C0180,Breast Cancer Screening,4.0
2024,C0181,Breast Cancer Screening,4.0
2024,C0182,Breast Cancer Screening,3.5
2024,C0183,Breast Cancer Screening,4.0
2024,C0184,Breast Cancer Screening,4.0
2024,C0185,Breast Cancer Screening,4.0
2024,C0186,Breast Cancer Screening,4.0
2024,C0187,Breast Cancer Screening,4.0
2024,C0188,Breast Cancer Screening,4.0
2024,C0189,Breast Cancer Screening,3.5
2024,C0190,Breast Cancer Screening,4.0
2024,C0191,Breast Cancer Screening,3.5
2024,C0192,Breast Cancer Screening,3.5
2024,C0193,Breast Cancer Screening,3.5
2024,C0194,Breast Cancer Screening,4.0
2024,C0195,Breast Cancer Screening,4.0
2024,C0196,Breast Cancer Screening,4.0
2024,C0197,Breast Cancer Screening,3.5
2024,C0198,Breast Cancer Screening,4.0
2024,C0199,Breast Cancer Screening,4.0
2024,C0200,Breast Cancer Screening,3.5
2024,C0201,Breast Cancer Screening,4.0
2024,C0202,Breast Cancer Screening,4.0
2024,C0203,Breast Cancer Screening,3.5
2024,C0204,Breast Cancer Screening,4.0
2024,C0205,Breast Cancer Screening,4.0
2024,C0206,Breast Cancer Screening,3.5
2024,C0207,Breast Cancer Screening,4.0
2024,C0208,Breast Cancer Screening,3.5
2024,C0209,Breast Cancer Screening,3.5
2024,C0210,Breast Cancer Screening,4.0
2024,C0211,Breast Cancer Screening,4.0
2024,C0212,Breast Cancer Screening,3.5
2024,C0213,Breast Cancer Screening,4.0
2024,C0214,Breast Cancer Screening,3.5
2024,C0215,Breast Cancer Screening,4.0
2024,C0216,Breast Cancer Screening,4.0
2024,C0217,Breast Cancer Screening,4.0
2024,C0218,Breast Cancer Screening,4.0
2024,C0219,Breast Cancer Screening,4.0
2024,C0220,Breast Cancer Screening,4.0
2024,C0221,Breast Cancer Screening,4.0
2024,C0222,Breast Cancer Screening,4.0
2024,C0223,Breast Cancer Screening,3.5
2024,C0224,Breast Cancer Screening,4.0
2024,C0225,Breast Cancer Screening,4.0
2024,C0226,Breast Cancer Screening,4.0
2024,C0227,Breast Cancer Screening,3.5
2024,C0228,Breast Cancer Screening,4.0
2024,C0229,Breast Cancer Screening,3.5
2024,C0230,Breast Cancer Screening,4.0
2024,C0231,Breast Cancer Screening,4.0
2024,C0232,Breast Cancer Screening,3.5
2024,C0233,Breast Cancer Screening,3.5
2024,C0234,Breast Cancer Screening,3.5
2024,C0235,Breast Cancer Screening,3.5
2024,C0236,Breast Cancer Screening,4.0
2024,C0237,Breast Cancer Screening,4.0
2024,C0238,Breast Cancer Screening,3.5
2024,C0239,Breast Cancer Screening,4.0
2024,C0240,Breast Cancer Screening,4.0
2024,C0241,Breast Cancer Screening,3.5
2024,C0242,Breast Cancer Screening,4.0
2024,C0243,Breast Cancer Screening,3.5
2024,C0244,Breast Cancer Screening,4.0
2024,C0245,Breast Cancer Screening,3.5
2024,C0246,Breast Cancer Screening,3.5
2024,C0247,Breast Cancer Screening,4.0
2024,C0248,Breast Cancer Screening,4.0
2024,C0249,Breast Cancer Screening,4.0
2024,C0250,Breast Cancer Screening,4.0
2024,C0001,Medication Reconciliation,3.5
2024,C0002,Medication Reconciliation,3.5
2024,C0003,Medication Reconciliation,3.5
2024,C0004,Medication Reconciliation,3.5
2024,C0005,Medication Reconciliation,3.5
2024,C0006,Medication Reconciliation,3.5
2024,C0007,Medication Reconciliation,3.5
2024,C0008,Medication Reconciliation,3.0
2024,C0009,Medication Reconciliation,3.5
2024,C0010,Medication Reconciliation,3.5
2024,C0011,Medication Reconciliation,3.5
2024,C0012,Medication Reconciliation,3.5
2024,C0013,Medication Reconciliation,3.5
2024,C0014,Medication Reconciliation,3.5
2024,C0015,Medication Reconciliation,3.5
2024,C0016,Medication Reconciliation,3.5
2024,C0017,Medication Reconciliation,3.5
2024,C0018,Medication Reconciliation,3.0
2024,C0019,Medication Reconciliation,3.5
2024,C0020,Medication Reconciliation,3.0
2024,C0021,Medication Reconciliation,3.5
2024,C0022,Medication Reconciliation,3.5
2024,C0023,Medication Reconciliation,3.5
2024,C0024,Medication Reconciliation,3.5
2024,C0025,Medication Reconciliation,3.0
2024,C0026,Medication Reconciliation,3.5
2024,C0027,Medication Reconciliation,3.5
2024,C0028,Medication Reconciliation,3.5
2024,C0029,Medication Reconciliation,3.5
2024,C0030,Medication Reconciliation,3.0
2024,C0031,Medication Reconciliation,3.5
2024,C0032,Medication Reconciliation,3.5
2024,C0033,Medication Reconciliation,3.5
2024,C0034,Medication Reconciliation,3.5
2024,C0035,Medication Reconciliation,3.5
2024,C0036,Medication Reconciliation,3.5
2024,C0037,Medication Reconciliation,3.5
2024,C0038,Medication Reconciliation,3.5
2024,C0039,Medication Reconciliation,3.5
2024,C0040,Medication Reconciliation,3.5
2024,C0041,Medication Reconciliation,3.5
2024,C0042,Medication Reconciliation,3.5
2024,C0043,Medication Reconciliation,3.0
2024,C0044,Medication Reconciliation,3.5
2024,C0045,Medication Reconciliation,3.0
2024,C0046,Medication Reconciliation,3.0
2024,C0047,Medication Reconciliation,3.0
2024,C0048,Medication Reconciliation,3.5
2024,C0049,Medication Reconciliation,3.0
2024,C0050,Medication Reconciliation,3.5
2024,C0051,Medication Reconciliation,3.5
2024,C0052,Medication Reconciliation,3.5
2024,C0053,Medication Reconciliation,3.5
2024,C0054,Medication Reconciliation,3.5
2024,C0055,Medication Reconciliation,3.5
2024,C0056,Medication Reconciliation,3.0
2024,C0057,Medication Reconciliation,3.5
2024,C0058,Medication Reconciliation,3.5
2024,C0059,Medication Reconciliation,3.5
2024,C0060,Medication Reconciliation,3.0
2024,C0061,Medication Reconciliation,3.5
2024,C0062,Medication Reconciliation,3.5
2024,C0063,Medication Reconciliation,3.5
2024,C0064,Medication Reconciliation,3.5
2024,C0065,Medication Reconciliation,3.5
2024,C0066,Medication Reconciliation,3.5
2024,C0067,Medication Reconciliation,3.5
2024,C0068,Medication Reconciliation,3.5
2024,C0069,Medication Reconciliation,3.5
2024,C0070,Medication Reconciliation,3.5
2024,C0071,Medication Reconciliation,3.5
2024,C0072,Medication Reconciliation,3.5
2024,C0073,Medication Reconciliation,3.5
2024,C0074,Medication Reconciliation,3.5
2024,C0075,Medication Reconciliation,3.5
2024,C0076,Medication Reconciliation,3.5
2024,C0077,Medication Reconciliation,3.5
2024,C0078,Medication Reconciliation,3.5
2024,C0079,Medication Reconciliation,3.5
2024,C0080,Medication Reconciliation,3.5
2024,C0081,Medication Reconciliation,3.5
2024,C0082,Medication Reconciliation,3.5
2024,C0083,Medication Reconciliation,3.0
2024,C0084,Medication Reconciliation,3.0
2024,C0085,Medication Reconciliation,3.5
2024,C0086,Medication Reconciliation,3.5
2024,C0087,Medication Reconciliation,3.0
2024,C0088,Medication Reconciliation,3.5
2024,C0089,Medication Reconciliation,3.5
2024,C0090,Medication Reconciliation,3.0
2024,C0091,Medication Reconciliation,3.5
2024,C0092,Medication Reconciliation,3.5
2024,C0093,Medication Reconciliation,3.5
2024,C0094,Medication Reconciliation,3.5
2024,C0095,Medication Reconciliation,3.5
2024,C0096,Medication Reconciliation,3.5
2024,C0097,Medication Reconciliation,3.5
2024,C0098,Medication Reconciliation,3.5
2024,C0099,Medication Reconciliation,3.5
2024,C0100,Medication Reconciliation,3.5
2024,C0101,Medication Reconciliation,3.5
2024,C0102,Medication Reconciliation,3.5
2024,C0103,Medication Reconciliation,3.5
2024,C0104,Medication Reconciliation,3.5
2024,C0105,Medication Reconciliation,3.5
2024,C0106,Medication Reconciliation,3.5
2024,C0107,Medication Reconciliation,3.5
2024,C0108,Medication Reconciliation,3.5
2024,C0109,Medication Reconciliation,3.5
2024,C0110,Medication Reconciliation,3.5
2024,C0111,Medication Reconciliation,3.0
2024,C0112,Medication Reconciliation,3.0
2024,C0113,Medication Reconciliation,3.5
2024,C0114,Medication Reconciliation,3.5
2024,C0115,Medication Reconciliation,3.5
2024,C0116,Medication Reconciliation,3.0
2024,C0117,Medication Reconciliation,3.5
2024,C0118,Medication Reconciliation,3.5
2024,C0119,Medication Reconciliation,3.5
2024,C0120,Medication Reconciliation,3.5
2024,C0121,Medication Reconciliation,3.5
2024,C0122,Medication Reconciliation,3.5
2024,C0123,Medication Reconciliation,3.5
2024,C0124,Medication Reconciliation,3.5
2024,C0125,Medication Reconciliation,3.5
2024,C0126,Medication Reconciliation,3.5
2024,C0127,Medication Reconciliation,3.5
2024,C0128,Medication Reconciliation,3.5
2024,C0129,Medication Reconciliation,3.5
2024,C0130,Medication Reconciliation,3.5
2024,C0131,Medication Reconciliation,3.5
2024,C0132,Medication Reconciliation,3.5
2024,C0133,Medication Reconciliation,3.5
2024,C0134,Medication Reconciliation,3.5
2024,C0135,Medication Reconciliation,3.5
2024,C0136,Medication Reconciliation,3.5
2024,C0137,Medication Reconciliation,3.5
2024,C0138,Medication Reconciliation,3.5
2024,C0139,Medication Reconciliation,3.5
2024,C0140,Medication Reconciliation,3.5
2024,C0141,Medication Reconciliation,3.5
2024,C0142,Medication Reconciliation,3.5
2024,C0143,Medication Reconciliation,3.5
2024,C0144,Medication Reconciliation,3.5
2024,C0145,Medication Reconciliation,3.5
2024,C0146,Medication Reconciliation,3.5
2024,C0147,Medication Reconciliation,3.5
2024,C0148,Medication Reconciliation,3.5
2024,C0149,Medication Reconciliation,3.5
2024,C0150,Medication Reconciliation,3.0
2024,C0151,Medication Reconciliation,3.5
2024,C0152,Medication Reconciliation,3.5
2024,C0153,Medication Reconciliation,3.5
2024,C0154,Medication Reconciliation,3.5
2024,C0155,Medication Reconciliation,3.5
2024,C0156,Medication Reconciliation,3.5
2024,C0157,Medication Reconciliation,3.0
2024,C0158,Medication Reconciliation,3.5
2024,C0159,Medication Reconciliation,3.5
2024,C0160,Medication Reconciliation,3.5
2024,C0161,Medication Reconciliation,3.5
2024,C0162,Medication Reconciliation,3.0
2024,C0163,Medication Reconciliation,3.5
2024,C0164,Medication Reconciliation,3.5
2024,C0165,Medication Reconciliation,3.5
2024,C0166,Medication Reconciliation,3.5
2024,C0167,Medication Reconciliation,3.5
2024,C0168,Medication Reconciliation,3.5
2024,C0169,Medication Reconciliation,3.5
2024,C0170,Medication Reconciliation,3.5
2024,C0171,Medication Reconciliation,3.5
2024,C0172,Medication Reconciliation,3.5
2024,C0173,Medication Reconciliation,3.0
2024,C0174,Medication Reconciliation,3.5
2024,C0175,Medication Reconciliation,3.5
2024,C0176,Medication Reconciliation,3.5
2024,C0177,Medication Reconciliation,3.5
2024,C0178,Medication Reconciliation,3.5
2024,C0179,Medication Reconciliation,3.5
2024,C0180,Medication Reconciliation,3.5
2024,C0181,Medication Reconciliation,3.0
2024,C0182,Medication Reconciliation,3.5
2024,C0183,Medication Reconciliation,3.5
2024,C0184,Medication Reconciliation,3.5
2024,C0185,Medication Reconciliation,3.0
2024,C0186,Medication Reconciliation,3.5
2024,C0187,Medication Reconciliation,3.0
2024,C0188,Medication Reconciliation,3.5
2024,C0189,Medication Reconciliation,3.5
2024,C0190,Medication Reconciliation,3.0
2024,C0191,Medication Reconciliation,3.5
2024,C0192,Medication Reconciliation,3.5
2024,C0193,Medication Reconciliation,3.5
2024,C0194,Medication Reconciliation,3.5
2024,C0195,Medication Reconciliation,3.5
2024,C0196,Medication Reconciliation,3.5
2024,C0197,Medication Reconciliation,3.5
2024,C0198,Medication Reconciliation,3.5
2024,C0199,Medication Reconciliation,3.5
2024,C0200,Medication Reconciliation,3.0
2024,C0201,Medication Reconciliation,3.5
2024,C0202,Medication Reconciliation,3.5
2024,C0203,Medication Reconciliation,3.5
2024,C0204,Medication Reconciliation,3.5
2024,C0205,Medication Reconciliation,3.5
2024,C0206,Medication Reconciliation,3.5
2024,C0207,Medication Reconciliation,3.5
2024,C0208,Medication Reconciliation,3.5
2024,C0209,Medication Reconciliation,3.5
2024,C0210,Medication Reconciliation,3.0
2024,C0211,Medication Reconciliation,3.5
2024,C0212,Medication Reconciliation,3.5
2024,C0213,Medication Reconciliation,3.5
2024,C0214,Medication Reconciliation,3.5
2024,C0215,Medication Reconciliation,3.5
2024,C0216,Medication Reconciliation,3.5
2024,C0217,Medication Reconciliation,3.5
2024,C0218,Medication Reconciliation,3.5
2024,C0219,Medication Reconciliation,3.5
2024,C0220,Medication Reconciliation,3.5
2024,C0221,Medication Reconciliation,3.5
2024,C0222,Medication Reconciliation,3.5
2024,C0223,Medication Reconciliation,3.5
2024,C0224,Medication Reconciliation,3.5
2024,C0225,Medication Reconciliation,3.5
2024,C0226,Medication Reconciliation,3.5
2024,C0227,Medication Reconciliation,3.5
2024,C0228,Medication Reconciliation,3.5
2024,C0229,Medication Reconciliation,3.5
2024,C0230,Medication Reconciliation,3.0
2024,C0231,Medication Reconciliation,3.0
2024,C0232,Medication Reconciliation,3.0
2024,C0233,Medication Reconciliation,3.5
2024,C0234,Medication Reconciliation,3.5
2024,C0235,Medication Reconciliation,3.5
2024,C0236,Medication Reconciliation,3.5
2024,C0237,Medication Reconciliation,3.5
2024,C0238,Medication Reconciliation,3.5
2024,C0239,Medication Reconciliation,3.5
2024,C0240,Medication Reconciliation,3.5
2024,C0241,Medication Reconciliation,3.5
2024,C0242,Medication Reconciliation,3.5
2024,C0243,Medication Reconciliation,3.5
2024,C0244,Medication Reconciliation,3.5
2024,C0245,Medication Reconciliation,3.5
2024,C0246,Medication Reconciliation,3.5
2024,C0247,Medication Reconciliation,3.5
2024,C0248,Medication Reconciliation,3.5
2024,C0249,Medication Reconciliation,3.5
2024,C0250,Medication Reconciliation,3.5
2024,C0001,Plan All-Cause Readmissions,3.5
2024,C0002,Plan All-Cause Readmissions,4.0
2024,C0003,Plan All-Cause Readmissions,3.5
2024,C0004,Plan All-Cause Readmissions,3.5
2024,C0005,Plan All-Cause Readmissions,4.0
2024,C0006,Plan All-Cause Readmissions,3.5
2024,C0007,Plan All-Cause Readmissions,3.5
2024,C0008,Plan All-Cause Readmissions,3.5
2024,C0009,Plan All-Cause Readmissions,4.0
2024,C0010,Plan All-Cause Readmissions,3.5
2024,C0011,Plan All-Cause Readmissions,3.5
2024,C0012,Plan All-Cause Readmissions,3.5
2024,C0013,Plan All-Cause Readmissions,3.5
2024,C0014,Plan All-Cause Readmissions,3.5
2024,C0015,Plan All-Cause Readmissions,4.0
2024,C0016,Plan All-Cause Readmissions,4.0
2024,C0017,Plan All-Cause Readmissions,3.5
2024,C0018,Plan All-Cause Readmissions,3.5
2024,C0019,Plan All-Cause Readmissions,3.5
2024,C0020,Plan All-Cause Readmissions,3.5
2024,C0021,Plan All-Cause Readmissions,3.5
2024,C0022,Plan All-Cause Readmissions,3.5
2024,C0023,Plan All-Cause Readmissions,3.5
2024,C0024,Plan All-Cause Readmissions,3.5
2024,C0025,Plan All-Cause Readmissions,3.5
2024,C0026,Plan All-Cause Readmissions,3.5
2024,C0027,Plan All-Cause Readmissions,3.5
2024,C0028,Plan All-Cause Readmissions,3.5
2024,C0029,Plan All-Cause Readmissions,3.5
2024,C0030,Plan All-Cause Readmissions,3.5
2024,C0031,Plan All-Cause Readmissions,3.5
2024,C0032,Plan All-Cause Readmissions,3.5
2024,C0033,Plan All-Cause Readmissions,3.5
2024,C0034,Plan All-Cause Readmissions,3.5
2024,C0035,Plan All-Cause Readmissions,3.5
2024,C0036,Plan All-Cause Readmissions,3.5
2024,C0037,Plan All-Cause Readmissions,3.5
2024,C0038,Plan All-Cause Readmissions,4.0
2024,C0039,Plan All-Cause Readmissions,3.5
2024,C0040,Plan All-Cause Readmissions,3.5
2024,C0041,Plan All-Cause Readmissions,4.0
2024,C0042,Plan All-Cause Readmissions,3.5
2024,C0043,Plan All-Cause Readmissions,3.5
2024,C0044,Plan All-Cause Readmissions,4.0
2024,C0045,Plan All-Cause Readmissions,3.5
2024,C0046,Plan All-Cause Readmissions,3.5
2024,C0047,Plan All-Cause Readmissions,3.5
2024,C0048,Plan All-Cause Readmissions,3.5
2024,C0049,Plan All-Cause Readmissions,3.5
2024,C0050,Plan All-Cause Readmissions,4.0
2024,C0051,Plan All-Cause Readmissions,3.5
2024,C0052,Plan All-Cause Readmissions,4.0
2024,C0053,Plan All-Cause Readmissions,3.5
2024,C0054,Plan All-Cause Readmissions,4.0
2024,C0055,Plan All-Cause Readmissions,3.5
2024,C0056,Plan All-Cause Readmissions,3.5
2024,C0057,Plan All-Cause Readmissions,3.5
2024,C0058,Plan All-Cause Readmissions,3.5
2024,C0059,Plan All-Cause Readmissions,3.5
2024,C0060,Plan All-Cause Readmissions,4.0
2024,C0061,Plan All-Cause Readmissions,3.5
2024,C0062,Plan All-Cause Readmissions,4.0
2024,C0063,Plan All-Cause Readmissions,3.5
2024,C0064,Plan All-Cause Readmissions,3.5
2024,C0065,Plan All-Cause Readmissions,4.0
2024,C0066,Plan All-Cause Readmissions,3.5
2024,C0067,Plan All-Cause Readmissions,3.5
2024,C0068,Plan All-Cause Readmissions,3.5
2024,C0069,Plan All-Cause Readmissions,4.0
2024,C0070,Plan All-Cause Readmissions,3.5
2024,C0071,Plan All-Cause Readmissions,3.5
2024,C0072,Plan All-Cause Readmissions,3.5
2024,C0073,Plan All-Cause Readmissions,3.5
2024,C0074,Plan All-Cause Readmissions,4.0
2024,C0075,Plan All-Cause Readmissions,3.5
2024,C0076,Plan All-Cause Readmissions,3.5
2024,C0077,Plan All-Cause Readmissions,3.5
2024,C0078,Plan All-Cause Readmissions,3.5
2024,C0079,Plan All-Cause Readmissions,3.5
2024,C0080,Plan All-Cause Readmissions,3.5
2024,C0081,Plan All-Cause Readmissions,4.0
2024,C0082,Plan All-Cause Readmissions,4.0
2024,C0083,Plan All-Cause Readmissions,4.0
2024,C0084,Plan All-Cause Readmissions,4.0
2024,C0085,Plan All-Cause Readmissions,4.0
2024,C0086,Plan All-Cause Readmissions,3.5
2024,C0087,Plan All-Cause Readmissions,3.5
2024,C0088,Plan All-Cause Readmissions,4.0
2024,C0089,Plan All-Cause Readmissions,3.5
2024,C0090,Plan All-Cause Readmissions,3.5
2024,C0091,Plan All-Cause Readmissions,4.0
2024,C0092,Plan All-Cause Readmissions,3.5
2024,C0093,Plan All-Cause Readmissions,3.5
2024,C0094,Plan All-Cause Readmissions,3.5
2024,C0095,Plan All-Cause Readmissions,3.5
2024,C0096,Plan All-Cause Readmissions,3.5
2024,C0097,Plan All-Cause Readmissions,3.5
2024,C0098,Plan All-Cause Readmissions,3.5
2024,C0099,Plan All-Cause Readmissions,4.0
2024,C0100,Plan All-Cause Readmissions,3.5
2024,C0101,Plan All-Cause Readmissions,4.0
2024,C0102,Plan All-Cause Readmissions,3.5
2024,C0103,Plan All-Cause Readmissions,3.5
2024,C0104,Plan All-Cause Readmissions,4.0
2024,C0105,Plan All-Cause Readmissions,4.0
2024,C0106,Plan All-Cause Readmissions,3.5
2024,C0107,Plan All-Cause Readmissions,4.0
2024,C0108,Plan All-Cause Readmissions,3.5
2024,C0109,Plan All-Cause Readmissions,4.0
2024,C0110,Plan All-Cause Readmissions,3.5
2024,C0111,Plan All-Cause Readmissions,3.5
2024,C0112,Plan All-Cause Readmissions,3.5
2024,C0113,Plan All-Cause Readmissions,3.5
2024,C0114,Plan All-Cause Readmissions,3.5
2024,C0115,Plan All-Cause Readmissions,3.5
2024,C0116,Plan All-Cause Readmissions,4.0
2024,C0117,Plan All-Cause Readmissions,4.0
2024,C0118,Plan All-Cause Readmissions,3.5
2024,C0119,Plan All-Cause Readmissions,3.5
2024,C0120,Plan All-Cause Readmissions,3.5
2024,C0121,Plan All-Cause Readmissions,3.5
2024,C0122,Plan All-Cause Readmissions,3.5
2024,C0123,Plan All-Cause Readmissions,3.5
2024,C0124,Plan All-Cause Readmissions,3.5
2024,C0125,Plan All-Cause Readmissions,3.5
2024,C0126,Plan All-Cause Readmissions,3.5
2024,C0127,Plan All-Cause Readmissions,3.5
2024,C0128,Plan All-Cause Readmissions,3.5
2024,C0129,Plan All-Cause Readmissions,3.5
2024,C0130,Plan All-Cause Readmissions,4.0
2024,C0131,Plan All-Cause Readmissions,4.0
2024,C0132,Plan All-Cause Readmissions,3.5
2024,C0133,Plan All-Cause Readmissions,4.0
2024,C0134,Plan All-Cause Readmissions,3.5
2024,C0135,Plan All-Cause Readmissions,3.5
2024,C0136,Plan All-Cause Readmissions,4.0
2024,C0137,Plan All-Cause Readmissions,3.5
2024,C0138,Plan All-Cause Readmissions,3.5
2024,C0139,Plan All-Cause Readmissions,3.5
2024,C0140,Plan All-Cause Readmissions,3.5
2024,C0141,Plan All-Cause Readmissions,3.5
2024,C0142,Plan All-Cause Readmissions,3.5
2024,C0143,Plan All-Cause Readmissions,3.5
2024,C0144,Plan All-Cause Readmissions,3.5
2024,C0145,Plan All-Cause Readmissions,3.5
2024,C0146,Plan All-Cause Readmissions,3.5
2024,C0147,Plan All-Cause Readmissions,3.5
2024,C0148,Plan All-Cause Readmissions,3.5
2024,C0149,Plan All-Cause Readmissions,3.5
2024,C0150,Plan All-Cause Readmissions,4.0
2024,C0151,Plan All-Cause Readmissions,4.0
2024,C0152,Plan All-Cause Readmissions,3.5
2024,C0153,Plan All-Cause Readmissions,4.0
2024,C0154,Plan All-Cause Readmissions,3.5
2024,C0155,Plan All-Cause Readmissions,4.0
2024,C0156,Plan All-Cause Readmissions,3.5
2024,C0157,Plan All-Cause Readmissions,4.0
2024,C0158,Plan All-Cause Readmissions,4.0
2024,C0159,Plan All-Cause Readmissions,4.0
2024,C0160,Plan All-Cause Readmissions,3.5
2024,C0161,Plan All-Cause Readmissions,4.0
2024,C0162,Plan All-Cause Readmissions,3.5
2024,C0163,Plan All-Cause Readmissions,3.5
2024,C0164,Plan All-Cause Readmissions,4.0
2024,C0165,Plan All-Cause Readmissions,3.5
2024,C0166,Plan All-Cause Readmissions,3.5
2024,C0167,Plan All-Cause Readmissions,4.0
2024,C0168,Plan All-Cause Readmissions,3.5
2024,C0169,Plan All-Cause Readmissions,3.5
2024,C0170,Plan All-Cause Readmissions,3.5
2024,C0171,Plan All-Cause Readmissions,4.0
2024,C0172,Plan All-Cause Readmissions,4.0
2024,C0173,Plan All-Cause Readmissions,3.5
2024,C0174,Plan All-Cause Readmissions,3.5
2024,C0175,Plan All-Cause Readmissions,3.5
2024,C0176,Plan All-Cause Readmissions,3.5
2024,C0177,Plan All-Cause Readmissions,4.0
2024,C0178,Plan All-Cause Readmissions,3.5
2024,C0179,Plan All-Cause Readmissions,3.5
2024,C0180,Plan All-Cause Readmissions,3.5
2024,C0181,Plan All-Cause Readmissions,4.0
2024,C0182,Plan All-Cause Readmissions,3.5
2024,C0183,Plan All-Cause Readmissions,3.5
2024,C0184,Plan All-Cause Readmissions,3.5
2024,C0185,Plan All-Cause Readmissions,3.5
2024,C0186,Plan All-Cause Readmissions,3.5
2024,C0187,Plan All-Cause Readmissions,3.5
2024,C0188,Plan All-Cause Readmissions,3.5
2024,C0189,Plan All-Cause Readmissions,3.5
2024,C0190,Plan All-Cause Readmissions,3.5
2024,C0191,Plan All-Cause Readmissions,3.5
2024,C0192,Plan All-Cause Readmissions,3.5
2024,C0193,Plan All-Cause Readmissions,3.5
2024,C0194,Plan All-Cause Readmissions,4.0
2024,C0195,Plan All-Cause Readmissions,4.0
2024,C0196,Plan All-Cause Readmissions,3.5
2024,C0197,Plan All-Cause Readmissions,3.5
2024,C0198,Plan All-Cause Readmissions,3.5
2024,C0199,Plan All-Cause Readmissions,4.0
2024,C0200,Plan All-Cause Readmissions,3.5
2024,C0201,Plan All-Cause Readmissions,3.5
2024,C0202,Plan All-Cause Readmissions,3.5
2024,C0203,Plan All-Cause Readmissions,4.0
2024,C0204,Plan All-Cause Readmissions,4.0
2024,C0205,Plan All-Cause Readmissions,3.5
2024,C0206,Plan All-Cause Readmissions,3.5
2024,C0207,Plan All-Cause Readmissions,3.5
2024,C0208,Plan All-Cause Readmissions,3.5
2024,C0209,Plan All-Cause Readmissions,3.5
2024,C0210,Plan All-Cause Readmissions,3.5
2024,C0211,Plan All-Cause Readmissions,3.5
2024,C0212,Plan All-Cause Readmissions,4.0
2024,C0213,Plan All-Cause Readmissions,4.0
2024,C0214,Plan All-Cause Readmissions,3.5
2024,C0215,Plan All-Cause Readmissions,4.0
2024,C0216,Plan All-Cause Readmissions,3.5
2024,C0217,Plan All-Cause Readmissions,3.5
2024,C0218,Plan All-Cause Readmissions,3.5
2024,C0219,Plan All-Cause Readmissions,3.5
2024,C0220,Plan All-Cause Readmissions,3.5
2024,C0221,Plan All-Cause Readmissions,3.5
2024,C0222,Plan All-Cause Readmissions,3.5
2024,C0223,Plan All-Cause Readmissions,3.5
2024,C0224,Plan All-Cause Readmissions,3.5
2024,C0225,Plan All-Cause Readmissions,3.5
2024,C0226,Plan All-Cause Readmissions,3.5
2024,C0227,Plan All-Cause Readmissions,3.5
2024,C0228,Plan All-Cause Readmissions,3.5
2024,C0229,Plan All-Cause Readmissions,4.0
2024,C0230,Plan All-Cause Readmissions,3.5
2024,C0231,Plan All-Cause Readmissions,3.5
2024,C0232,Plan All-Cause Readmissions,3.5
2024,C0233,Plan All-Cause Readmissions,4.0
2024,C0234,Plan All-Cause Readmissions,3.5
2024,C0235,Plan All-Cause Readmissions,4.0
2024,C0236,Plan All-Cause Readmissions,3.5
2024,C0237,Plan All-Cause Readmissions,3.5
2024,C0238,Plan All-Cause Readmissions,3.5
2024,C0239,Plan All-Cause Readmissions,3.5
2024,C0240,Plan All-Cause Readmissions,3.5
2024,C0241,Plan All-Cause Readmissions,4.0
2024,C0242,Plan All-Cause Readmissions,3.5
2024,C0243,Plan All-Cause Readmissions,4.0
2024,C0244,Plan All-Cause Readmissions,4.0
2024,C0245,Plan All-Cause Readmissions,3.5
2024,C0246,Plan All-Cause Readmissions,3.5
2024,C0247,Plan All-Cause Readmissions,3.5
2024,C0248,Plan All-Cause Readmissions,3.5
2024,C0249,Plan All-Cause Readmissions,4.0
2024,C0250,Plan All-Cause Readmissions,3.5
2024,C0001,Controlling Blood Pressure,3.5
2024,C0002,Controlling Blood Pressure,4.0
2024,C0003,Controlling Blood Pressure,4.0
2024,C0004,Controlling Blood Pressure,4.0
2024,C0005,Controlling Blood Pressure,4.0
2024,C0006,Controlling Blood Pressure,3.5
2024,C0007,Controlling Blood Pressure,4.0
2024,C0008,Controlling Blood Pressure,4.0
2024,C0009,Controlling Blood Pressure,4.0
2024,C0010,Controlling Blood Pressure,3.5
2024,C0011,Controlling Blood Pressure,4.0
2024,C0012,Controlling Blood Pressure,4.0
2024,C0013,Controlling Blood Pressure,4.0
2024,C0014,Controlling Blood Pressure,4.0
2024,C0015,Controlling Blood Pressure,3.5
2024,C0016,Controlling Blood Pressure,4.0
2024,C0017,Controlling Blood Pressure,4.0
2024,C0018,Controlling Blood Pressure,4.0
2024,C0019,Controlling Blood Pressure,4.0
2024,C0020,Controlling Blood Pressure,4.0
2024,C0021,Controlling Blood Pressure,3.5
2024,C0022,Controlling Blood Pressure,3.5
2024,C0023,Controlling Blood Pressure,4.0
2024,C0024,Controlling Blood Pressure,3.5
2024,C0025,Controlling Blood Pressure,4.0
2024,C0026,Controlling Blood Pressure,4.0
2024,C0027,Controlling Blood Pressure,4.0
2024,C0028,Controlling Blood Pressure,4.0
2024,C0029,Controlling Blood Pressure,4.0
2024,C0030,Controlling Blood Pressure,4.0
2024,C0031,Controlling Blood Pressure,3.5
2024,C0032,Controlling Blood Pressure,4.0
2024,C0033,Controlling Blood Pressure,4.0
2024,C0034,Controlling Blood Pressure,4.0
2024,C0035,Controlling Blood Pressure,3.5
2024,C0036,Controlling Blood Pressure,4.0
2024,C0037,Controlling Blood Pressure,3.5
2024,C0038,Controlling Blood Pressure,4.0
2024,C0039,Controlling Blood Pressure,4.0
2024,C0040,Controlling Blood Pressure,4.0
2024,C0041,Controlling Blood Pressure,4.0
2024,C0042,Controlling Blood Pressure,4.0
2024,C0043,Controlling Blood Pressure,4.0
2024,C0044,Controlling Blood Pressure,4.0
2024,C0045,Controlling Blood Pressure,4.0
2024,C0046,Controlling Blood Pressure,4.0
2024,C0047,Controlling Blood Pressure,3.5
2024,C0048,Controlling Blood Pressure,4.0
2024,C0049,Controlling Blood Pressure,4.0
2024,C0050,Controlling Blood Pressure,4.0
2024,C0051,Controlling Blood Pressure,4.0
2024,C0052,Controlling Blood Pressure,4.0
2024,C0053,Controlling Blood Pressure,4.0
2024,C0054,Controlling Blood Pressure,4.0
2024,C0055,Controlling Blood Pressure,4.0
2024,C0056,Controlling Blood Pressure,4.0
2024,C0057,Controlling Blood Pressure,4.0
2024,C0058,Controlling Blood Pressure,4.0
2024,C0059,Controlling Blood Pressure,4.0
2024,C0060,Controlling Blood Pressure,3.5
2024,C0061,Controlling Blood Pressure,3.5
2024,C0062,Controlling Blood Pressure,4.0
2024,C0063,Controlling Blood Pressure,3.5
2024,C0064,Controlling Blood Pressure,4.0
2024,C0065,Controlling Blood Pressure,4.0
2024,C0066,Controlling Blood Pressure,4.0
2024,C0067,Controlling Blood Pressure,3.5
2024,C0068,Controlling Blood Pressure,4.0
2024,C0069,Controlling Blood Pressure,4.0
2024,C0070,Controlling Blood Pressure,4.0
2024,C0071,Controlling Blood Pressure,4.0
2024,C0072,Controlling Blood Pressure,4.0
2024,C0073,Controlling Blood Pressure,3.5
2024,C0074,Controlling Blood Pressure,4.0
2024,C0075,Controlling Blood Pressure,4.0
2024,C0076,Controlling Blood Pressure,4.0
2024,C0077,Controlling Blood Pressure,3.5
2024,C0078,Controlling Blood Pressure,4.0
2024,C0079,Controlling Blood Pressure,3.5
2024,C0080,Controlling Blood Pressure,3.5
2024,C0081,Controlling Blood Pressure,4.0
2024,C0082,Controlling Blood Pressure,4.0
2024,C0083,Controlling Blood Pressure,4.0
2024,C0084,Controlling Blood Pressure,3.5
2024,C0085,Controlling Blood Pressure,4.0
2024,C0086,Controlling Blood Pressure,4.0
2024,C0087,Controlling Blood Pressure,4.0
2024,C0088,Controlling Blood Pressure,4.0
2024,C0089,Controlling Blood Pressure,3.5
2024,C0090,Controlling Blood Pressure,4.0
2024,C0091,Controlling Blood Pressure,4.0
2024,C0092,Controlling Blood Pressure,3.5
2024,C0093,Controlling Blood Pressure,4.0
2024,C0094,Controlling Blood Pressure,3.5
2024,C0095,Controlling Blood Pressure,3.5
2024,C0096,Controlling Blood Pressure,4.0
2024,C0097,Controlling Blood Pressure,4.0
2024,C0098,Controlling Blood Pressure,3.5
2024,C0099,Controlling Blood Pressure,3.5
2024,C0100,Controlling Blood Pressure,4.0
2024,C0101,Controlling Blood Pressure,4.0
2024,C0102,Controlling Blood Pressure,4.0
2024,C0103,Controlling Blood Pressure,4.0
2024,C0104,Controlling Blood Pressure,4.0
2024,C0105,Controlling Blood Pressure,4.0
2024,C0106,Controlling Blood Pressure,4.0
2024,C0107,Controlling Blood Pressure,4.0
2024,C0108,Controlling Blood Pressure,4.0
2024,C0109,Controlling Blood Pressure,3.5
2024,C0110,Controlling Blood Pressure,4.0
2024,C0111,Controlling Blood Pressure,3.5
2024,C0112,Controlling Blood Pressure,4.0
2024,C0113,Controlling Blood Pressure,4.0
2024,C0114,Controlling Blood Pressure,3.5
2024,C0115,Controlling Blood Pressure,4.0
2024,C0116,Controlling Blood Pressure,4.0
2024,C0117,Controlling Blood Pressure,4.0
2024,C0118,Controlling Blood Pressure,4.0
2024,C0119,Controlling Blood Pressure,4.0
2024,C0120,Controlling Blood Pressure,4.0
2024,C0121,Controlling Blood Pressure,4.0
2024,C0122,Controlling Blood Pressure,4.0
2024,C0123,Controlling Blood Pressure,4.0
2024,C0124,Controlling Blood Pressure,3.5
2024,C0125,Controlling Blood Pressure,4.0
2024,C0126,Controlling Blood Pressure,4.0
2024,C0127,Controlling Blood Pressure,4.0
2024,C0128,Controlling Blood Pressure,3.5
2024,C0129,Controlling Blood Pressure,3.5
2024,C0130,Controlling Blood Pressure,4.0
2024,C0131,Controlling Blood Pressure,3.5
2024,C0132,Controlling Blood Pressure,3.5
2024,C0133,Controlling Blood Pressure,4.0
2024,C0134,Controlling Blood Pressure,4.0
2024,C0135,Controlling Blood Pressure,4.0
2024,C0136,Controlling Blood Pressure,4.0
2024,C0137,Controlling Blood Pressure,4.0
2024,C0138,Controlling Blood Pressure,4.0
2024,C0139,Controlling Blood Pressure,4.0
2024,C0140,Controlling Blood Pressure,4.0
2024,C0141,Controlling Blood Pressure,3.5
2024,C0142,Controlling Blood Pressure,4.0
2024,C0143,Controlling Blood Pressure,4.0
2024,C0144,Controlling Blood Pressure,3.5
2024,C0145,Controlling Blood Pressure,3.5
2024,C0146,Controlling Blood Pressure,3.5
2024,C0147,Controlling Blood Pressure,4.0
2024,C0148,Controlling Blood Pressure,4.0
2024,C0149,Controlling Blood Pressure,3.5
2024,C0150,Controlling Blood Pressure,4.0
2024,C0151,Controlling Blood Pressure,4.0
2024,C0152,Controlling Blood Pressure,3.5
2024,C0153,Controlling Blood Pressure,4.0
2024,C0154,Controlling Blood Pressure,4.0
2024,C0155,Controlling Blood Pressure,4.0
2024,C0156,Controlling Blood Pressure,4.0
2024,C0157,Controlling Blood Pressure,4.0
2024,C0158,Controlling Blood Pressure,3.5
2024,C0159,Controlling Blood Pressure,4.0
2024,C0160,Controlling Blood Pressure,4.0
2024,C0161,Controlling Blood Pressure,4.0
2024,C0162,Controlling Blood Pressure,4.0
2024,C0163,Controlling Blood Pressure,4.0
2024,C0164,Controlling Blood Pressure,3.5
2024,C0165,Controlling Blood Pressure,4.0
2024,C0166,Controlling Blood Pressure,4.0
2024,C0167,Controlling Blood Pressure,3.5
2024,C0168,Controlling Blood Pressure,4.0
2024,C0169,Controlling Blood Pressure,4.0
2024,C0170,Controlling Blood Pressure,4.0
2024,C0171,Controlling Blood Pressure,3.5
2024,C0172,Controlling Blood Pressure,4.0
2024,C0173,Controlling Blood Pressure,4.0
2024,C0174,Controlling Blood Pressure,4.0
2024,C0175,Controlling Blood Pressure,4.0
2024,C0176,Controlling Blood Pressure,3.5
2024,C0177,Controlling Blood Pressure,4.0
2024,C0178,Controlling Blood Pressure,4.0
2024,C0179,Controlling Blood Pressure,3.5
2024,C0180,Controlling Blood Pressure,4.0
2024,C0181,Controlling Blood Pressure,3.5
2024,C0182,Controlling Blood Pressure,4.0
2024,C0183,Controlling Blood Pressure,4.0
2024,C0184,Controlling Blood Pressure,4.0
2024,C0185,Controlling Blood Pressure,4.0
2024,C0186,Controlling Blood Pressure,4.0
2024,C0187,Controlling Blood Pressure,3.5
2024,C0188,Controlling Blood Pressure,4.0
2024,C0189,Controlling Blood Pressure,4.0
2024,C0190,Controlling Blood Pressure,3.5
2024,C0191,Controlling Blood Pressure,4.0
2024,C0192,Controlling Blood Pressure,4.0
2024,C0193,Controlling Blood Pressure,4.0
2024,C0194,Controlling Blood Pressure,4.0
2024,C0195,Controlling Blood Pressure,4.0
2024,C0196,Controlling Blood Pressure,3.5
2024,C0197,Controlling Blood Pressure,4.0
2024,C0198,Controlling Blood Pressure,4.0
2024,C0199,Controlling Blood Pressure,4.0
2024,C0200,Controlling Blood Pressure,4.0
2024,C0201,Controlling Blood Pressure,4.0
2024,C0202,Controlling Blood Pressure,4.0
2024,C0203,Controlling Blood Pressure,4.0
2024,C0204,Controlling Blood Pressure,4.0
2024,C0205,Controlling Blood Pressure,4.0
2024,C0206,Controlling Blood Pressure,4.0
2024,C0207,Controlling Blood Pressure,4.0
2024,C0208,Controlling Blood Pressure,4.0
2024,C0209,Controlling Blood Pressure,4.0
2024,C0210,Controlling Blood Pressure,4.0
2024,C0211,Controlling Blood Pressure,3.5
2024,C0212,Controlling Blood Pressure,4.0
2024,C0213,Controlling Blood Pressure,3.5
2024,C0214,Controlling Blood Pressure,3.5
2024,C0215,Controlling Blood Pressure,4.0
2024,C0216,Controlling Blood Pressure,4.0
2024,C0217,Controlling Blood Pressure,4.0
2024,C0218,Controlling Blood Pressure,3.5
2024,C0219,Controlling Blood Pressure,4.0
2024,C0220,Controlling Blood Pressure,4.0
2024,C0221,Controlling Blood Pressure,4.0
2024,C0222,Controlling Blood Pressure,4.0
2024,C0223,Controlling Blood Pressure,3.5
2024,C0224,Controlling Blood Pressure,3.5
2024,C0225,Controlling Blood Pressure,4.0
2024,C0226,Controlling Blood Pressure,4.0
2024,C0227,Controlling Blood Pressure,3.5
2024,C0228,Controlling Blood Pressure,4.0
2024,C0229,Controlling Blood Pressure,4.0
2024,C0230,Controlling Blood Pressure,3.5
2024,C0231,Controlling Blood Pressure,3.5
2024,C0232,Controlling Blood Pressure,4.0
2024,C0233,Controlling Blood Pressure,3.5
2024,C0234,Controlling Blood Pressure,4.0
2024,C0235,Controlling Blood Pressure,3.5
2024,C0236,Controlling Blood Pressure,4.0
2024,C0237,Controlling Blood Pressure,4.0
2024,C0238,Controlling Blood Pressure,3.5
2024,C0239,Controlling Blood Pressure,3.5
2024,C0240,Controlling Blood Pressure,4.0
2024,C0241,Controlling Blood Pressure,3.5
2024,C0242,Controlling Blood Pressure,4.0
2024,C0243,Controlling Blood Pressure,4.0
2024,C0244,Controlling Blood Pressure,4.0
2024,C0245,Controlling Blood Pressure,4.0
2024,C0246,Controlling Blood Pressure,3.5
2024,C0247,Controlling Blood Pressure,4.0
2024,C0248,Controlling Blood Pressure,4.0
2024,C0249,Controlling Blood Pressure,4.0
2024,C0250,Controlling Blood Pressure,4.0
2025,C0001,Breast Cancer Screening,3.5
2025,C0002,Breast Cancer Screening,4.0
2025,C0003,Breast Cancer Screening,4.0
2025,C0004,Breast Cancer Screening,4.0
2025,C0005,Breast Cancer Screening,4.0
2025,C0006,Breast Cancer Screening,4.0
2025,C0007,Breast Cancer Screening,3.5
2025,C0008,Breast Cancer Screening,4.0
2025,C0009,Breast Cancer Screening,3.5
2025,C0010,Breast Cancer Screening,4.0
2025,C0011,Breast Cancer Screening,3.5
2025,C0012,Breast Cancer Screening,3.5
2025,C0013,Breast Cancer Screening,4.0
2025,C0014,Breast Cancer Screening,3.5
2025,C0015,Breast Cancer Screening,4.0
2025,C0016,Breast Cancer Screening,4.0
2025,C0017,Breast Cancer Screening,3.5
2025,C0018,Breast Cancer Screening,4.0
2025,C0019,Breast Cancer Screening,4.0
2025,C0020,Breast Cancer Screening,4.0
2025,C0021,Breast Cancer Screening,4.0
2025,C0022,Breast Cancer Screening,3.5
2025,C0023,Breast Cancer Screening,4.0
2025,C0024,Breast Cancer Screening,4.0
2025,C0025,Breast Cancer Screening,4.0
2025,C0026,Breast Cancer Screening,4.0
2025,C0027,Breast Cancer Screening,3.5
2025,C0028,Breast Cancer Screening,3.5
2025,C0029,Breast Cancer Screening,3.5
2025,C0030,Breast Cancer Screening,4.0
2025,C0031,Breast Cancer Screening,4.0
2025,C0032,Breast Cancer Screening,4.0
2025,C0033,Breast Cancer Screening,4.0
2025,C0034,Breast Cancer Screening,3.5
2025,C0035,Breast Cancer Screening,3.5
2025,C0036,Breast Cancer Screening,3.5
2025,C0037,Breast Cancer Screening,4.0
2025,C0038,Breast Cancer Screening,4.0
2025,C0039,Breast Cancer Screening,3.5
2025,C0040,Breast Cancer Screening,3.5
2025,C0041,Breast Cancer Screening,4.0
2025,C0042,Breast Cancer Screening,4.0
2025,C0043,Breast Cancer Screening,4.0
2025,C0044,Breast Cancer Screening,4.0
2025,C0045,Breast Cancer Screening,4.0
2025,C0046,Breast Cancer Screening,4.0
2025,C0047,Breast Cancer Screening,3.5
2025,C0048,Breast Cancer Screening,4.0
2025,C0049,Breast Cancer Screening,4.0
2025,C0050,Breast Cancer Screening,4.0
2025,C0051,Breast Cancer Screening,3.5
2025,C0052,Breast Cancer Screening,4.0
2025,C0053,Breast Cancer Screening,3.5
2025,C0054,Breast Cancer Screening,3.5
2025,C0055,Breast Cancer Screening,4.0
2025,C0056,Breast Cancer Screening,3.5
2025,C0057,Breast Cancer Screening,4.0
2025,C0058,Breast Cancer Screening,4.0
2025,C0059,Breast Cancer Screening,4.0
2025,C0060,Breast Cancer Screening,4.0
2025,C0061,Breast Cancer Screening,3.5
2025,C0062,Breast Cancer Screening,4.0
2025,C0063,Breast Cancer Screening,3.5
2025,C0064,Breast Cancer Screening,4.0
2025,C0065,Breast Cancer Screening,4.0
2025,C0066,Breast Cancer Screening,4.0
2025,C0067,Breast Cancer Screening,3.5
2025,C0068,Breast Cancer Screening,4.0
2025,C0069,Breast Cancer Screening,4.0
2025,C0070,Breast Cancer Screening,4.0
2025,C0071,Breast Cancer Screening,4.0
2025,C0072,Breast Cancer Screening,3.5
2025,C0073,Breast Cancer Screening,4.0
2025,C0074,Breast Cancer Screening,4.0
2025,C0075,Breast Cancer Screening,4.0
2025,C0076,Breast Cancer Screening,4.0
2025,C0077,Breast Cancer Screening,3.5
2025,C0078,Breast Cancer Screening,4.0
2025,C0079,Breast Cancer Screening,4.0
2025,C0080,Breast Cancer Screening,3.5
2025,C0081,Breast Cancer Screening,4.0
2025,C0082,Breast Cancer Screening,4.0
2025,C0083,Breast Cancer Screening,3.5
2025,C0084,Breast Cancer Screening,4.0
2025,C0085,Breast Cancer Screening,4.0
2025,C0086,Breast Cancer Screening,4.0
2025,C0087,Breast Cancer Screening,4.0
2025,C0088,Breast Cancer Screening,3.5
2025,C0089,Breast Cancer Screening,3.5
2025,C0090,Breast Cancer Screening,4.0
2025,C0091,Breast Cancer Screening,3.5
2025,C0092,Breast Cancer Screening,4.0
2025,C0093,Breast Cancer Screening,3.5
2025,C0094,Breast Cancer Screening,4.0
2025,C0095,Breast Cancer Screening,4.0
2025,C0096,Breast Cancer Screening,4.0
2025,C0097,Breast Cancer Screening,3.5
2025,C0098,Breast Cancer Screening,4.0
2025,C0099,Breast Cancer Screening,4.0
2025,C0100,Breast Cancer Screening,3.5
2025,C0101,Breast Cancer Screening,4.0
2025,C0102,Breast Cancer Screening,4.0
2025,C0103,Breast Cancer Screening,3.5
2025,C0104,Breast Cancer Screening,3.5
2025,C0105,Breast Cancer Screening,4.0
2025,C0106,Breast Cancer Screening,4.0
2025,C0107,Breast Cancer Screening,4.0
2025,C0108,Breast Cancer Screening,3.5
2025,C0109,Breast Cancer Screening,4.0
2025,C0110,Breast Cancer Screening,4.0
2025,C0111,Breast Cancer Screening,4.0
2025,C0112,Breast Cancer Screening,4.0
2025,C0113,Breast Cancer Screening,4.0
2025,C0114,Breast Cancer Screening,3.5
2025,C0115,Breast Cancer Screening,4.0
2025,C0116,Breast Cancer Screening,3.5
2025,C0117,Breast Cancer Screening,4.0
2025,C0118,Breast Cancer Screening,4.0
2025,C0119,Breast Cancer Screening,4.0
2025,C0120,Breast Cancer Screening,4.0
2025,C0121,Breast Cancer Screening,4.0
2025,C0122,Breast Cancer Screening,4.0
2025,C0123,Breast Cancer Screening,4.0
2025,C0124,Breast Cancer Screening,4.0
2025,C0125,Breast Cancer Screening,4.0
2025,C0126,Breast Cancer Screening,4.0
2025,C0127,Breast Cancer Screening,4.0
2025,C0128,Breast Cancer Screening,3.5
2025,C0129,Breast Cancer Screening,3.5
2025,C0130,Breast Cancer Screening,4.0
2025,C0131,Breast Cancer Screening,3.5
2025,C0132,Breast Cancer Screening,4.0
2025,C0133,Breast Cancer Screening,4.0
2025,C0134,Breast Cancer Screening,4.0
2025,C0135,Breast Cancer Screening,4.0
2025,C0136,Breast Cancer Screening,4.0
2025,C0137,Breast Cancer Screening,4.0
2025,C0138,Breast Cancer Screening,3.5
2025,C0139,Breast Cancer Screening,4.0
2025,C0140,Breast Cancer Screening,4.0
2025,C0141,Breast Cancer Screening,4.0
2025,C0142,Breast Cancer Screening,4.0
2025,C0143,Breast Cancer Screening,4.0
2025,C0144,Breast Cancer Screening,3.5
2025,C0145,Breast Cancer Screening,4.0
2025,C0146,Breast Cancer Screening,4.0
2025,C0147,Breast Cancer Screening,4.0
2025,C0148,Breast Cancer Screening,4.0
2025,C0149,Breast Cancer Screening,4.0
2025,C0150,Breast Cancer Screening,4.0
2025,C0151,Breast Cancer Screening,3.5
2025,C0152,Breast Cancer Screening,4.0
2025,C0153,Breast Cancer Screening,4.0
2025,C0154,Breast Cancer Screening,3.5
2025,C0155,Breast Cancer Screening,3.5
2025,C0156,Breast Cancer Screening,4.0
2025,C0157,Breast Cancer Screening,3.5
2025,C0158,Breast Cancer Screening,4.0
2025,C0159,Breast Cancer Screening,4.0
2025,C0160,Breast Cancer Screening,3.5
2025,C0161,Breast Cancer Screening,4.0
2025,C0162,Breast Cancer Screening,3.5
2025,C0163,Breast Cancer Screening,4.0
2025,C0164,Breast Cancer Screening,4.0
2025,C0165,Breast Cancer Screening,4.0
2025,C0166,Breast Cancer Screening,4.0
2025,C0167,Breast Cancer Screening,4.0
2025,C0168,Breast Cancer Screening,4.0
2025,C0169,Breast Cancer Screening,3.5
2025,C0170,Breast Cancer Screening,4.0
2025,C0171,Breast Cancer Screening,3.5
2025,C0172,Breast Cancer Screening,3.5
2025,C0173,Breast Cancer Screening,4.0
2025,C0174,Breast Cancer Screening,3.5
2025,C0175,Breast Cancer Screening,4.0
2025,C0176,Breast Cancer Screening,4.0
2025,C0177,Breast Cancer Screening,4.0
2025,C0178,Breast Cancer Screening,3.5
2025,C0179,Breast Cancer Screening,4.0
2025,C0180,Breast Cancer Screening,4.0
2025,C0181,Breast Cancer Screening,3.5
2025,C0182,Breast Cancer Screening,3.5
2025,C0183,Breast Cancer Screening,4.0
2025,C0184,Breast Cancer Screening,4.0
2025,C0185,Breast Cancer Screening,4.0
2025,C0186,Breast Cancer Screening,4.0
2025,C0187,Breast Cancer Screening,4.0
2025,C0188,Breast Cancer Screening,4.0
2025,C0189,Breast Cancer Screening,4.0
2025,C0190,Breast Cancer Screening,3.5
2025,C0191,Breast Cancer Screening,4.0
2025,C0192,Breast Cancer Screening,3.5
2025,C0193,Breast Cancer Screening,4.0
2025,C0194,Breast Cancer Screening,4.0
2025,C0195,Breast Cancer Screening,4.0
2025,C0196,Breast Cancer Screening,4.0
2025,C0197,Breast Cancer Screening,3.5
2025,C0198,Breast Cancer Screening,4.0
2025,C0199,Breast Cancer Screening,4.0
2025,C0200,Breast Cancer Screening,3.5
2025,C0201,Breast Cancer Screening,4.0
2025,C0202,Breast Cancer Screening,4.0
2025,C0203,Breast Cancer Screening,4.0
2025,C0204,Breast Cancer Screening,3.5
2025,C0205,Breast Cancer Screening,4.0
2025,C0206,Breast Cancer Screening,4.0
2025,C0207,Breast Cancer Screening,4.0
2025,C0208,Breast Cancer Screening,4.0
2025,C0209,Breast Cancer Screening,4.0
2025,C0210,Breast Cancer Screening,4.0
2025,C0211,Breast Cancer Screening,3.5
2025,C0212,Breast Cancer Screening,4.0
2025,C0213,Breast Cancer Screening,4.0
2025,C0214,Breast Cancer Screening,3.5
2025,C0215,Breast Cancer Screening,3.5
2025,C0216,Breast Cancer Screening,4.0
2025,C0217,Breast Cancer Screening,4.0
2025,C0218,Breast Cancer Screening,4.0
2025,C0219,Breast Cancer Screening,3.5
2025,C0220,Breast Cancer Screening,4.0
2025,C0221,Breast Cancer Screening,4.0
2025,C0222,Breast Cancer Screening,3.5
2025,C0223,Breast Cancer Screening,4.0
2025,C0224,Breast Cancer Screening,4.0
2025,C0225,Breast Cancer Screening,3.5
2025,C0226,Breast Cancer Screening,4.0
2025,C0227,Breast Cancer Screening,4.0
2025,C0228,Breast Cancer Screening,4.0
2025,C0229,Breast Cancer Screening,3.5
2025,C0230,Breast Cancer Screening,4.0
2025,C0231,Breast Cancer Screening,3.5
2025,C0232,Breast Cancer Screening,4.0
2025,C0233,Breast Cancer Screening,3.5
2025,C0234,Breast Cancer Screening,4.0
2025,C0235,Breast Cancer Screening,4.0
2025,C0236,Breast Cancer Screening,4.0
2025,C0237,Breast Cancer Screening,4.0
2025,C0238,Breast Cancer Screening,3.5
2025,C0239,Breast Cancer Screening,4.0
2025,C0240,Breast Cancer Screening,4.0
2025,C0241,Breast Cancer Screening,4.0
2025,C0242,Breast Cancer Screening,4.0
2025,C0243,Breast Cancer Screening,3.5
2025,C0244,Breast Cancer Screening,4.0
2025,C0245,Breast Cancer Screening,4.0
2025,C0246,Breast Cancer Screening,3.5
2025,C0247,Breast Cancer Screening,3.5
2025,C0248,Breast Cancer Screening,4.0
2025,C0249,Breast Cancer Screening,3.5
2025,C0250,Breast Cancer Screening,4.0
2025,C0001,Medication Reconciliation,3.5
2025,C0002,Medication Reconciliation,3.5
2025,C0003,Medication Reconciliation,3.5
2025,C0004,Medication Reconciliation,3.5
2025,C0005,Medication Reconciliation,3.5
2025,C0006,Medication Reconciliation,4.0
2025,C0007,Medication Reconciliation,3.5
2025,C0008,Medication Reconciliation,3.5
2025,C0009,Medication Reconciliation,3.5
2025,C0010,Medication Reconciliation,3.5
2025,C0011,Medication Reconciliation,4.0
2025,C0012,Medication Reconciliation,3.5
2025,C0013,Medication Reconciliation,3.5
2025,C0014,Medication Reconciliation,3.5
2025,C0015,Medication Reconciliation,3.5
2025,C0016,Medication Reconciliation,3.5
2025,C0017,Medication Reconciliation,3.5
2025,C0018,Medication Reconciliation,3.5
2025,C0019,Medication Reconciliation,4.0
2025,C0020,Medication Reconciliation,4.0
2025,C0021,Medication Reconciliation,3.5
2025,C0022,Medication Reconciliation,3.5
2025,C0023,Medication Reconciliation,3.5
2025,C0024,Medication Reconciliation,3.5
2025,C0025,Medication Reconciliation,3.5
2025,C0026,Medication Reconciliation,4.0
2025,C0027,Medication Reconciliation,3.5
2025,C0028,Medication Reconciliation,3.5
2025,C0029,Medication Reconciliation,3.5
2025,C0030,Medication Reconciliation,3.5
2025,C0031,Medication Reconciliation,3.5
2025,C0032,Medication Reconciliation,3.5
2025,C0033,Medication Reconciliation,3.5
2025,C0034,Medication Reconciliation,3.5
2025,C0035,Medication Reconciliation,3.5
2025,C0036,Medication Reconciliation,3.5
2025,C0037,Medication Reconciliation,3.5
2025,C0038,Medication Reconciliation,4.0
2025,C0039,Medication Reconciliation,3.5
2025,C0040,Medication Reconciliation,3.5
2025,C0041,Medication Reconciliation,4.0
2025,C0042,Medication Reconciliation,3.5
2025,C0043,Medication Reconciliation,3.5
2025,C0044,Medication Reconciliation,3.5
2025,C0045,Medication Reconciliation,3.5
2025,C0046,Medication Reconciliation,3.5
2025,C0047,Medication Reconciliation,3.5
2025,C0048,Medication Reconciliation,3.5
2025,C0049,Medication Reconciliation,3.5
2025,C0050,Medication Reconciliation,3.5
2025,C0051,Medication Reconciliation,3.5
2025,C0052,Medication Reconciliation,4.0
2025,C0053,Medication Reconciliation,3.5
2025,C0054,Medication Reconciliation,3.5
2025,C0055,Medication Reconciliation,3.5
2025,C0056,Medication Reconciliation,3.5
2025,C0057,Medication Reconciliation,3.5
2025,C0058,Medication Reconciliation,3.5
2025,C0059,Medication Reconciliation,4.0
2025,C0060,Medication Reconciliation,3.5
2025,C0061,Medication Reconciliation,3.5
2025,C0062,Medication Reconciliation,3.5
2025,C0063,Medication Reconciliation,3.5
2025,C0064,Medication Reconciliation,3.5
2025,C0065,Medication Reconciliation,3.5
2025,C0066,Medication Reconciliation,3.5
2025,C0067,Medication Reconciliation,3.5
2025,C0068,Medication Reconciliation,3.5
2025,C0069,Medication Reconciliation,3.5
2025,C0070,Medication Reconciliation,3.5
2025,C0071,Medication Reconciliation,3.5
2025,C0072,Medication Reconciliation,3.5
2025,C0073,Medication Reconciliation,3.5
2025,C0074,Medication Reconciliation,3.5
2025,C0075,Medication Reconciliation,3.5
2025,C0076,Medication Reconciliation,3.5
2025,C0077,Medication Reconciliation,3.5
2025,C0078,Medication Reconciliation,3.5
2025,C0079,Medication Reconciliation,4.0
2025,C0080,Medication Reconciliation,3.5
2025,C0081,Medication Reconciliation,3.5
2025,C0082,Medication Reconciliation,3.5
2025,C0083,Medication Reconciliation,3.5
2025,C0084,Medication Reconciliation,3.5
2025,C0085,Medication Reconciliation,3.5
2025,C0086,Medication Reconciliation,3.5
2025,C0087,Medication Reconciliation,3.5
2025,C0088,Medication Reconciliation,3.5
2025,C0089,Medication Reconciliation,3.5
2025,C0090,Medication Reconciliation,3.5
2025,C0091,Medication Reconciliation,3.5
2025,C0092,Medication Reconciliation,3.5
2025,C0093,Medication Reconciliation,3.5
2025,C0094,Medication Reconciliation,3.5
2025,C0095,Medication Reconciliation,3.5
2025,C0096,Medication Reconciliation,4.0
2025,C0097,Medication Reconciliation,3.5
2025,C0098,Medication Reconciliation,3.5
2025,C0099,Medication Reconciliation,3.5
2025,C0100,Medication Reconciliation,3.5
2025,C0101,Medication Reconciliation,3.5
2025,C0102,Medication Reconciliation,3.5
2025,C0103,Medication Reconciliation,3.5
2025,C0104,Medication Reconciliation,3.5
2025,C0105,Medication Reconciliation,3.5
2025,C0106,Medication Reconciliation,3.5
2025,C0107,Medication Reconciliation,4.0
2025,C0108,Medication Reconciliation,3.5
2025,C0109,Medication Reconciliation,3.5
2025,C0110,Medication Reconciliation,3.5
2025,C0111,Medication Reconciliation,3.5
2025,C0112,Medication Reconciliation,3.5
2025,C0113,Medication Reconciliation,3.5
2025,C0114,Medication Reconciliation,3.5
2025,C0115,Medication Reconciliation,4.0
2025,C0116,Medication Reconciliation,3.5
2025,C0117,Medication Reconciliation,3.5
2025,C0118,Medication Reconciliation,3.5
2025,C0119,Medication Reconciliation,3.5
2025,C0120,Medication Reconciliation,3.5
2025,C0121,Medication Reconciliation,3.5
2025,C0122,Medication Reconciliation,3.5
2025,C0123,Medication Reconciliation,3.5
2025,C0124,Medication Reconciliation,3.5
2025,C0125,Medication Reconciliation,4.0
2025,C0126,Medication Reconciliation,4.0
2025,C0127,Medication Reconciliation,3.5
2025,C0128,Medication Reconciliation,3.5
2025,C0129,Medication Reconciliation,3.5
2025,C0130,Medication Reconciliation,4.0
2025,C0131,Medication Reconciliation,4.0
2025,C0132,Medication Reconciliation,3.5
2025,C0133,Medication Reconciliation,3.5
2025,C0134,Medication Reconciliation,3.5
2025,C0135,Medication Reconciliation,3.5
2025,C0136,Medication Reconciliation,3.5
2025,C0137,Medication Reconciliation,3.5
2025,C0138,Medication Reconciliation,3.5
2025,C0139,Medication Reconciliation,3.5
2025,C0140,Medication Reconciliation,3.5
2025,C0141,Medication Reconciliation,3.5
2025,C0142,Medication Reconciliation,3.5
2025,C0143,Medication Reconciliation,3.5
2025,C0144,Medication Reconciliation,3.5
2025,C0145,Medication Reconciliation,3.5
2025,C0146,Medication Reconciliation,3.5
2025,C0147,Medication Reconciliation,3.5
2025,C0148,Medication Reconciliation,4.0
2025,C0149,Medication Reconciliation,3.5
2025,C0150,Medication Reconciliation,3.5
2025,C0151,Medication Reconciliation,3.5
2025,C0152,Medication Reconciliation,3.5
2025,C0153,Medication Reconciliation,3.5
2025,C0154,Medication Reconciliation,3.5
2025,C0155,Medication Reconciliation,3.5
2025,C0156,Medication Reconciliation,3.5
2025,C0157,Medication Reconciliation,3.5
2025,C0158,Medication Reconciliation,3.5
2025,C0159,Medication Reconciliation,3.5
2025,C0160,Medication Reconciliation,3.5
2025,C0161,Medication Reconciliation,4.0
2025,C0162,Medication Reconciliation,3.5
2025,C0163,Medication Reconciliation,4.0
2025,C0164,Medication Reconciliation,4.0
2025,C0165,Medication Reconciliation,4.0
2025,C0166,Medication Reconciliation,3.5
2025,C0167,Medication Reconciliation,3.5
2025,C0168,Medication Reconciliation,3.5
2025,C0169,Medication Reconciliation,3.5
2025,C0170,Medication Reconciliation,4.0
2025,C0171,Medication Reconciliation,3.5
2025,C0172,Medication Reconciliation,3.5
2025,C0173,Medication Reconciliation,3.5
2025,C0174,Medication Reconciliation,3.5
2025,C0175,Medication Reconciliation,3.5
2025,C0176,Medication Reconciliation,3.5
2025,C0177,Medication Reconciliation,3.5
2025,C0178,Medication Reconciliation,3.5
2025,C0179,Medication Reconciliation,3.5
2025,C0180,Medication Reconciliation,3.5
2025,C0181,Medication Reconciliation,3.5
2025,C0182,Medication Reconciliation,4.0
2025,C0183,Medication Reconciliation,4.0
2025,C0184,Medication Reconciliation,3.5
2025,C0185,Medication Reconciliation,3.5
2025,C0186,Medication Reconciliation,3.5
2025,C0187,Medication Reconciliation,3.5
2025,C0188,Medication Reconciliation,3.5
2025,C0189,Medication Reconciliation,3.5
2025,C0190,Medication Reconciliation,4.0
2025,C0191,Medication Reconciliation,3.5
2025,C0192,Medication Reconciliation,3.5
2025,C0193,Medication Reconciliation,3.5
2025,C0194,Medication Reconciliation,3.5
2025,C0195,Medication Reconciliation,3.5
2025,C0196,Medication Reconciliation,3.5
2025,C0197,Medication Reconciliation,3.5
2025,C0198,Medication Reconciliation,3.5
2025,C0199,Medication Reconciliation,3.5
2025,C0200,Medication Reconciliation,3.5
2025,C0201,Medication Reconciliation,3.5
2025,C0202,Medication Reconciliation,3.5
2025,C0203,Medication Reconciliation,4.0
2025,C0204,Medication Reconciliation,3.5
2025,C0205,Medication Reconciliation,3.5
2025,C0206,Medication Reconciliation,3.5
2025,C0207,Medication Reconciliation,3.5
2025,C0208,Medication Reconciliation,3.5
2025,C0209,Medication Reconciliation,3.5
2025,C0210,Medication Reconciliation,3.5
2025,C0211,Medication Reconciliation,3.5
2025,C0212,Medication Reconciliation,3.5
2025,C0213,Medication Reconciliation,3.5
2025,C0214,Medication Reconciliation,3.5
2025,C0215,Medication Reconciliation,3.5
2025,C0216,Medication Reconciliation,3.5
2025,C0217,Medication Reconciliation,3.5
2025,C0218,Medication Reconciliation,3.5
2025,C0219,Medication Reconciliation,4.0
2025,C0220,Medication Reconciliation,3.5
2025,C0221,Medication Reconciliation,3.5
2025,C0222,Medication Reconciliation,4.0
2025,C0223,Medication Reconciliation,3.5
2025,C0224,Medication Reconciliation,3.5
2025,C0225,Medication Reconciliation,3.5
2025,C0226,Medication Reconciliation,3.5
2025,C0227,Medication Reconciliation,3.5
2025,C0228,Medication Reconciliation,3.5
2025,C0229,Medication Reconciliation,3.5
2025,C0230,Medication Reconciliation,3.5
2025,C0231,Medication Reconciliation,3.5
2025,C0232,Medication Reconciliation,3.5
2025,C0233,Medication Reconciliation,3.5
2025,C0234,Medication Reconciliation,3.5
2025,C0235,Medication Reconciliation,3.5
2025,C0236,Medication Reconciliation,4.0
2025,C0237,Medication Reconciliation,3.5
2025,C0238,Medication Reconciliation,3.5
2025,C0239,Medication Reconciliation,3.5
2025,C0240,Medication Reconciliation,3.5
2025,C0241,Medication Reconciliation,3.5
2025,C0242,Medication Reconciliation,4.0
2025,C0243,Medication Reconciliation,3.5
2025,C0244,Medication Reconciliation,3.5
2025,C0245,Medication Reconciliation,3.5
2025,C0246,Medication Reconciliation,3.5
2025,C0247,Medication Reconciliation,3.5
2025,C0248,Medication Reconciliation,3.5
2025,C0249,Medication Reconciliation,3.5
2025,C0250,Medication Reconciliation,3.5
2025,C0001,Plan All-Cause Readmissions,4.0
2025,C0002,Plan All-Cause Readmissions,3.5
2025,C0003,Plan All-Cause Readmissions,3.5
2025,C0004,Plan All-Cause Readmissions,3.5
2025,C0005,Plan All-Cause Readmissions,4.0
2025,C0006,Plan All-Cause Readmissions,3.5
2025,C0007,Plan All-Cause Readmissions,3.5
2025,C0008,Plan All-Cause Readmissions,3.5
2025,C0009,Plan All-Cause Readmissions,4.0
2025,C0010,Plan All-Cause Readmissions,4.0
2025,C0011,Plan All-Cause Readmissions,4.0
2025,C0012,Plan All-Cause Readmissions,3.5
2025,C0013,Plan All-Cause Readmissions,3.5
2025,C0014,Plan All-Cause Readmissions,3.5
2025,C0015,Plan All-Cause Readmissions,3.5
2025,C0016,Plan All-Cause Readmissions,3.5
2025,C0017,Plan All-Cause Readmissions,3.5
2025,C0018,Plan All-Cause Readmissions,3.5
2025,C0019,Plan All-Cause Readmissions,4.0
2025,C0020,Plan All-Cause Readmissions,4.0
2025,C0021,Plan All-Cause Readmissions,3.5
2025,C0022,Plan All-Cause Readmissions,3.5
2025,C0023,Plan All-Cause Readmissions,4.0
2025,C0024,Plan All-Cause Readmissions,4.0
2025,C0025,Plan All-Cause Readmissions,3.5
2025,C0026,Plan All-Cause Readmissions,3.5
2025,C0027,Plan All-Cause Readmissions,4.0
2025,C0028,Plan All-Cause Readmissions,3.5
2025,C0029,Plan All-Cause Readmissions,3.5
2025,C0030,Plan All-Cause Readmissions,4.0
2025,C0031,Plan All-Cause Readmissions,4.0
2025,C0032,Plan All-Cause Readmissions,3.5
2025,C0033,Plan All-Cause Readmissions,3.5
2025,C0034,Plan All-Cause Readmissions,4.0
2025,C0035,Plan All-Cause Readmissions,3.5
2025,C0036,Plan All-Cause Readmissions,3.5
2025,C0037,Plan All-Cause Readmissions,4.0
2025,C0038,Plan All-Cause Readmissions,3.5
2025,C0039,Plan All-Cause Readmissions,3.5
2025,C0040,Plan All-Cause Readmissions,3.5
2025,C0041,Plan All-Cause Readmissions,3.5
2025,C0042,Plan All-Cause Readmissions,4.0
2025,C0043,Plan All-Cause Readmissions,3.5
2025,C0044,Plan All-Cause Readmissions,3.5
2025,C0045,Plan All-Cause Readmissions,3.5
2025,C0046,Plan All-Cause Readmissions,3.5
2025,C0047,Plan All-Cause Readmissions,3.5
2025,C0048,Plan All-Cause Readmissions,3.5
2025,C0049,Plan All-Cause Readmissions,3.5
2025,C0050,Plan All-Cause Readmissions,4.0
2025,C0051,Plan All-Cause Readmissions,4.0
2025,C0052,Plan All-Cause Readmissions,4.0
2025,C0053,Plan All-Cause Readmissions,4.0
2025,C0054,Plan All-Cause Readmissions,3.5
2025,C0055,Plan All-Cause Readmissions,3.5
2025,C0056,Plan All-Cause Readmissions,3.5
2025,C0057,Plan All-Cause Readmissions,3.5
2025,C0058,Plan All-Cause Readmissions,4.0
2025,C0059,Plan All-Cause Readmissions,3.5
2025,C0060,Plan All-Cause Readmissions,4.0
2025,C0061,Plan All-Cause Readmissions,4.0
2025,C0062,Plan All-Cause Readmissions,3.5
2025,C0063,Plan All-Cause Readmissions,3.5
2025,C0064,Plan All-Cause Readmissions,3.5
2025,C0065,Plan All-Cause Readmissions,3.5
2025,C0066,Plan All-Cause Readmissions,3.5
2025,C0067,Plan All-Cause Readmissions,4.0
2025,C0068,Plan All-Cause Readmissions,3.5
2025,C0069,Plan All-Cause Readmissions,4.0
2025,C0070,Plan All-Cause Readmissions,4.0
2025,C0071,Plan All-Cause Readmissions,3.5
2025,C0072,Plan All-Cause Readmissions,3.5
2025,C0073,Plan All-Cause Readmissions,3.5
2025,C0074,Plan All-Cause Readmissions,3.5
2025,C0075,Plan All-Cause Readmissions,3.5
2025,C0076,Plan All-Cause Readmissions,4.0
2025,C0077,Plan All-Cause Readmissions,4.0
2025,C0078,Plan All-Cause Readmissions,4.0
2025,C0079,Plan All-Cause Readmissions,4.0
2025,C0080,Plan All-Cause Readmissions,4.0
2025,C0081,Plan All-Cause Readmissions,4.0
2025,C0082,Plan All-Cause Readmissions,3.5
2025,C0083,Plan All-Cause Readmissions,4.0
2025,C0084,Plan All-Cause Readmissions,4.0
2025,C0085,Plan All-Cause Readmissions,3.5
2025,C0086,Plan All-Cause Readmissions,4.0
2025,C0087,Plan All-Cause Readmissions,4.0
2025,C0088,Plan All-Cause Readmissions,4.0
2025,C0089,Plan All-Cause Readmissions,3.5
2025,C0090,Plan All-Cause Readmissions,3.5
2025,C0091,Plan All-Cause Readmissions,3.5
2025,C0092,Plan All-Cause Readmissions,4.0
2025,C0093,Plan All-Cause Readmissions,4.0
2025,C0094,Plan All-Cause Readmissions,3.5
2025,C0095,Plan All-Cause Readmissions,4.0
2025,C0096,Plan All-Cause Readmissions,3.5
2025,C0097,Plan All-Cause Readmissions,4.0
2025,C0098,Plan All-Cause Readmissions,4.0
2025,C0099,Plan All-Cause Readmissions,4.0
2025,C0100,Plan All-Cause Readmissions,4.0
2025,C0101,Plan All-Cause Readmissions,4.0
2025,C0102,Plan All-Cause Readmissions,4.0
2025,C0103,Plan All-Cause Readmissions,3.5
2025,C0104,Plan All-Cause Readmissions,4.0
2025,C0105,Plan All-Cause Readmissions,3.5
2025,C0106,Plan All-Cause Readmissions,3.5
2025,C0107,Plan All-Cause Readmissions,4.0
2025,C0108,Plan All-Cause Readmissions,4.0
2025,C0109,Plan All-Cause Readmissions,3.5
2025,C0110,Plan All-Cause Readmissions,3.5
2025,C0111,Plan All-Cause Readmissions,4.0
2025,C0112,Plan All-Cause Readmissions,3.5
2025,C0113,Plan All-Cause Readmissions,3.5
2025,C0114,Plan All-Cause Readmissions,3.5
2025,C0115,Plan All-Cause Readmissions,3.5
2025,C0116,Plan All-Cause Readmissions,4.0
2025,C0117,Plan All-Cause Readmissions,3.5
2025,C0118,Plan All-Cause Readmissions,3.5
2025,C0119,Plan All-Cause Readmissions,4.0
2025,C0120,Plan All-Cause Readmissions,4.0
2025,C0121,Plan All-Cause Readmissions,3.5
2025,C0122,Plan All-Cause Readmissions,4.0
2025,C0123,Plan All-Cause Readmissions,3.5
2025,C0124,Plan All-Cause Readmissions,4.0
2025,C0125,Plan All-Cause Readmissions,3.5
2025,C0126,Plan All-Cause Readmissions,3.5
2025,C0127,Plan All-Cause Readmissions,4.0
2025,C0128,Plan All-Cause Readmissions,4.0
2025,C0129,Plan All-Cause Readmissions,4.0
2025,C0130,Plan All-Cause Readmissions,3.5
2025,C0131,Plan All-Cause Readmissions,3.5
2025,C0132,Plan All-Cause Readmissions,4.0
2025,C0133,Plan All-Cause Readmissions,3.5
2025,C0134,Plan All-Cause Readmissions,3.5
2025,C0135,Plan All-Cause Readmissions,3.5
2025,C0136,Plan All-Cause Readmissions,4.0
2025,C0137,Plan All-Cause Readmissions,3.5
2025,C0138,Plan All-Cause Readmissions,3.5
2025,C0139,Plan All-Cause Readmissions,3.5
2025,C0140,Plan All-Cause Readmissions,4.0
2025,C0141,Plan All-Cause Readmissions,3.5
2025,C0142,Plan All-Cause Readmissions,3.5
2025,C0143,Plan All-Cause Readmissions,3.5
2025,C0144,Plan All-Cause Readmissions,3.5
2025,C0145,Plan All-Cause Readmissions,4.0
2025,C0146,Plan All-Cause Readmissions,4.0
2025,C0147,Plan All-Cause Readmissions,4.0
2025,C0148,Plan All-Cause Readmissions,3.5
2025,C0149,Plan All-Cause Readmissions,3.5
2025,C0150,Plan All-Cause Readmissions,3.5
2025,C0151,Plan All-Cause Readmissions,4.0
2025,C0152,Plan All-Cause Readmissions,3.5
2025,C0153,Plan All-Cause Readmissions,4.0
2025,C0154,Plan All-Cause Readmissions,3.5
2025,C0155,Plan All-Cause Readmissions,3.5
2025,C0156,Plan All-Cause Readmissions,3.5
2025,C0157,Plan All-Cause Readmissions,3.5
2025,C0158,Plan All-Cause Readmissions,4.0
2025,C0159,Plan All-Cause Readmissions,4.0
2025,C0160,Plan All-Cause Readmissions,3.5
2025,C0161,Plan All-Cause Readmissions,4.0
2025,C0162,Plan All-Cause Readmissions,3.5
2025,C0163,Plan All-Cause Readmissions,3.5
2025,C0164,Plan All-Cause Readmissions,3.5
2025,C0165,Plan All-Cause Readmissions,3.5
2025,C0166,Plan All-Cause Readmissions,3.5
2025,C0167,Plan All-Cause Readmissions,4.0
2025,C0168,Plan All-Cause Readmissions,3.5
2025,C0169,Plan All-Cause Readmissions,3.5
2025,C0170,Plan All-Cause Readmissions,4.0
2025,C0171,Plan All-Cause Readmissions,3.5
2025,C0172,Plan All-Cause Readmissions,3.5
2025,C0173,Plan All-Cause Readmissions,3.5
2025,C0174,Plan All-Cause Readmissions,3.5
2025,C0175,Plan All-Cause Readmissions,3.5
2025,C0176,Plan All-Cause Readmissions,3.5
2025,C0177,Plan All-Cause Readmissions,4.0
2025,C0178,Plan All-Cause Readmissions,3.5
2025,C0179,Plan All-Cause Readmissions,3.5
2025,C0180,Plan All-Cause Readmissions,4.0
2025,C0181,Plan All-Cause Readmissions,3.5
2025,C0182,Plan All-Cause Readmissions,3.5
2025,C0183,Plan All-Cause Readmissions,3.5
2025,C0184,Plan All-Cause Readmissions,3.5
2025,C0185,Plan All-Cause Readmissions,4.0
2025,C0186,Plan All-Cause Readmissions,4.0
2025,C0187,Plan All-Cause Readmissions,3.5
2025,C0188,Plan All-Cause Readmissions,3.5
2025,C0189,Plan All-Cause Readmissions,3.5
2025,C0190,Plan All-Cause Readmissions,3.5
2025,C0191,Plan All-Cause Readmissions,3.5
2025,C0192,Plan All-Cause Readmissions,3.5
2025,C0193,Plan All-Cause Readmissions,4.0
2025,C0194,Plan All-Cause Readmissions,3.5
2025,C0195,Plan All-Cause Readmissions,4.0
2025,C0196,Plan All-Cause Readmissions,4.0
2025,C0197,Plan All-Cause Readmissions,3.5
2025,C0198,Plan All-Cause Readmissions,3.5
2025,C0199,Plan All-Cause Readmissions,3.5
2025,C0200,Plan All-Cause Readmissions,3.5
2025,C0201,Plan All-Cause Readmissions,3.5
2025,C0202,Plan All-Cause Readmissions,3.5
2025,C0203,Plan All-Cause Readmissions,3.5
2025,C0204,Plan All-Cause Readmissions,4.0
2025,C0205,Plan All-Cause Readmissions,3.5
2025,C0206,Plan All-Cause Readmissions,3.5
2025,C0207,Plan All-Cause Readmissions,3.5
2025,C0208,Plan All-Cause Readmissions,4.0
2025,C0209,Plan All-Cause Readmissions,4.0
2025,C0210,Plan All-Cause Readmissions,3.5
2025,C0211,Plan All-Cause Readmissions,3.5
2025,C0212,Plan All-Cause Readmissions,3.5
2025,C0213,Plan All-Cause Readmissions,4.0
2025,C0214,Plan All-Cause Readmissions,4.0
2025,C0215,Plan All-Cause Readmissions,3.5
2025,C0216,Plan All-Cause Readmissions,3.5
2025,C0217,Plan All-Cause Readmissions,3.5
2025,C0218,Plan All-Cause Readmissions,3.5
2025,C0219,Plan All-Cause Readmissions,3.5
2025,C0220,Plan All-Cause Readmissions,3.5
2025,C0221,Plan All-Cause Readmissions,4.0
2025,C0222,Plan All-Cause Readmissions,4.0
2025,C0223,Plan All-Cause Readmissions,4.0
2025,C0224,Plan All-Cause Readmissions,3.5
2025,C0225,Plan All-Cause Readmissions,3.5
2025,C0226,Plan All-Cause Readmissions,3.5
2025,C0227,Plan All-Cause Readmissions,4.0
2025,C0228,Plan All-Cause Readmissions,3.5
2025,C0229,Plan All-Cause Readmissions,3.5
2025,C0230,Plan All-Cause Readmissions,4.0
2025,C0231,Plan All-Cause Readmissions,4.0
2025,C0232,Plan All-Cause Readmissions,3.5
2025,C0233,Plan All-Cause Readmissions,3.5
2025,C0234,Plan All-Cause Readmissions,4.0
2025,C0235,Plan All-Cause Readmissions,3.5
2025,C0236,Plan All-Cause Readmissions,3.5
2025,C0237,Plan All-Cause Readmissions,4.0
2025,C0238,Plan All-Cause Readmissions,3.5
2025,C0239,Plan All-Cause Readmissions,3.5
2025,C0240,Plan All-Cause Readmissions,4.0
2025,C0241,Plan All-Cause Readmissions,3.5
2025,C0242,Plan All-Cause Readmissions,3.5
2025,C0243,Plan All-Cause Readmissions,3.5
2025,C0244,Plan All-Cause Readmissions,3.5
2025,C0245,Plan All-Cause Readmissions,4.0
2025,C0246,Plan All-Cause Readmissions,3.5
2025,C0247,Plan All-Cause Readmissions,3.5
2025,C0248,Plan All-Cause Readmissions,3.5
2025,C0249,Plan All-Cause Readmissions,3.5
2025,C0250,Plan All-Cause Readmissions,4.0
2025,C0001,Controlling Blood Pressure,4.0
2025,C0002,Controlling Blood Pressure,4.0
2025,C0003,Controlling Blood Pressure,4.0
2025,C0004,Controlling Blood Pressure,4.0
2025,C0005,Controlling Blood Pressure,4.0
2025,C0006,Controlling Blood Pressure,4.0
2025,C0007,Controlling Blood Pressure,4.0
2025,C0008,Controlling Blood Pressure,4.0
2025,C0009,Controlling Blood Pressure,4.0
2025,C0010,Controlling Blood Pressure,4.0
2025,C0011,Controlling Blood Pressure,4.0
2025,C0012,Controlling Blood Pressure,4.0
2025,C0013,Controlling Blood Pressure,4.0
2025,C0014,Controlling Blood Pressure,4.0
2025,C0015,Controlling Blood Pressure,4.0
2025,C0016,Controlling Blood Pressure,4.0
2025,C0017,Controlling Blood Pressure,4.0
2025,C0018,Controlling Blood Pressure,4.0
2025,C0019,Controlling Blood Pressure,4.0
2025,C0020,Controlling Blood Pressure,4.0
2025,C0021,Controlling Blood Pressure,4.0
2025,C0022,Controlling Blood Pressure,4.0
2025,C0023,Controlling Blood Pressure,3.5
2025,C0024,Controlling Blood Pressure,4.0
2025,C0025,Controlling Blood Pressure,4.0
2025,C0026,Controlling Blood Pressure,3.5
2025,C0027,Controlling Blood Pressure,4.0
2025,C0028,Controlling Blood Pressure,4.0
2025,C0029,Controlling Blood Pressure,3.5
2025,C0030,Controlling Blood Pressure,4.0
2025,C0031,Controlling Blood Pressure,4.0
2025,C0032,Controlling Blood Pressure,4.0
2025,C0033,Controlling Blood Pressure,4.0
2025,C0034,Controlling Blood Pressure,3.5
2025,C0035,Controlling Blood Pressure,4.0
2025,C0036,Controlling Blood Pressure,4.0
2025,C0037,Controlling Blood Pressure,4.0
2025,C0038,Controlling Blood Pressure,4.0
2025,C0039,Controlling Blood Pressure,4.0
2025,C0040,Controlling Blood Pressure,4.0
2025,C0041,Controlling Blood Pressure,4.0
2025,C0042,Controlling Blood Pressure,4.0
2025,C0043,Controlling Blood Pressure,4.0
2025,C0044,Controlling Blood Pressure,4.0
2025,C0045,Controlling Blood Pressure,4.0
2025,C0046,Controlling Blood Pressure,4.0
2025,C0047,Controlling Blood Pressure,3.5
2025,C0048,Controlling Blood Pressure,4.0
2025,C0049,Controlling Blood Pressure,4.0
2025,C0050,Controlling Blood Pressure,4.0
2025,C0051,Controlling Blood Pressure,4.0
2025,C0052,Controlling Blood Pressure,4.0
2025,C0053,Controlling Blood Pressure,4.0
2025,C0054,Controlling Blood Pressure,4.0
2025,C0055,Controlling Blood Pressure,4.0
2025,C0056,Controlling Blood Pressure,4.0
2025,C0057,Controlling Blood Pressure,4.0
2025,C0058,Controlling Blood Pressure,4.0
2025,C0059,Controlling Blood Pressure,4.0
2025,C0060,Controlling Blood Pressure,4.0
2025,C0061,Controlling Blood Pressure,4.0
2025,C0062,Controlling Blood Pressure,4.0
2025,C0063,Controlling Blood Pressure,4.0
2025,C0064,Controlling Blood Pressure,4.0
2025,C0065,Controlling Blood Pressure,4.0
2025,C0066,Controlling Blood Pressure,4.0
2025,C0067,Controlling Blood Pressure,4.0
2025,C0068,Controlling Blood Pressure,4.0
2025,C0069,Controlling Blood Pressure,4.0
2025,C0070,Controlling Blood Pressure,4.0
2025,C0071,Controlling Blood Pressure,4.0
2025,C0072,Controlling Blood Pressure,4.0
2025,C0073,Controlling Blood Pressure,3.5
2025,C0074,Controlling Blood Pressure,4.0
2025,C0075,Controlling Blood Pressure,4.0
2025,C0076,Controlling Blood Pressure,3.5
2025,C0077,Controlling Blood Pressure,3.5
2025,C0078,Controlling Blood Pressure,4.0
2025,C0079,Controlling Blood Pressure,4.0
2025,C0080,Controlling Blood Pressure,4.0
2025,C0081,Controlling Blood Pressure,4.0
2025,C0082,Controlling Blood Pressure,4.0
2025,C0083,Controlling Blood Pressure,4.0
2025,C0084,Controlling Blood Pressure,4.0
2025,C0085,Controlling Blood Pressure,4.0
2025,C0086,Controlling Blood Pressure,4.0
2025,C0087,Controlling Blood Pressure,4.0
2025,C0088,Controlling Blood Pressure,4.0
2025,C0089,Controlling Blood Pressure,4.0
2025,C0090,Controlling Blood Pressure,3.5
2025,C0091,Controlling Blood Pressure,4.0
2025,C0092,Controlling Blood Pressure,3.5
2025,C0093,Controlling Blood Pressure,4.0
2025,C0094,Controlling Blood Pressure,3.5
2025,C0095,Controlling Blood Pressure,4.0
2025,C0096,Controlling Blood Pressure,4.0
2025,C0097,Controlling Blood Pressure,4.0
2025,C0098,Controlling Blood Pressure,4.0
2025,C0099,Controlling Blood Pressure,4.0
2025,C0100,Controlling Blood Pressure,4.0
2025,C0101,Controlling Blood Pressure,4.0
2025,C0102,Controlling Blood Pressure,4.0
2025,C0103,Controlling Blood Pressure,4.0
2025,C0104,Controlling Blood Pressure,4.0
2025,C0105,Controlling Blood Pressure,4.0
2025,C0106,Controlling Blood Pressure,4.0
2025,C0107,Controlling Blood Pressure,4.0
2025,C0108,Controlling Blood Pressure,4.0
2025,C0109,Controlling Blood Pressure,4.0
2025,C0110,Controlling Blood Pressure,4.0
2025,C0111,Controlling Blood Pressure,4.0
2025,C0112,Controlling Blood Pressure,4.0
2025,C0113,Controlling Blood Pressure,4.0
2025,C0114,Controlling Blood Pressure,4.0
2025,C0115,Controlling Blood Pressure,4.0
2025,C0116,Controlling Blood Pressure,4.0
2025,C0117,Controlling Blood Pressure,4.0
2025,C0118,Controlling Blood Pressure,4.0
2025,C0119,Controlling Blood Pressure,4.0
2025,C0120,Controlling Blood Pressure,4.0
2025,C0121,Controlling Blood Pressure,4.0
2025,C0122,Controlling Blood Pressure,3.5
2025,C0123,Controlling Blood Pressure,4.0
2025,C0124,Controlling Blood Pressure,4.0
2025,C0125,Controlling Blood Pressure,4.0
2025,C0126,Controlling Blood Pressure,4.0
2025,C0127,Controlling Blood Pressure,4.0
2025,C0128,Controlling Blood Pressure,4.0
2025,C0129,Controlling Blood Pressure,4.0
2025,C0130,Controlling Blood Pressure,4.0
2025,C0131,Controlling Blood Pressure,4.0
2025,C0132,Controlling Blood Pressure,4.0
2025,C0133,Controlling Blood Pressure,4.0
2025,C0134,Controlling Blood Pressure,4.0
2025,C0135,Controlling Blood Pressure,3.5
2025,C0136,Controlling Blood Pressure,4.0
2025,C0137,Controlling Blood Pressure,4.0
2025,C0138,Controlling Blood Pressure,3.5
2025,C0139,Controlling Blood Pressure,3.5
2025,C0140,Controlling Blood Pressure,4.0
2025,C0141,Controlling Blood Pressure,4.0
2025,C0142,Controlling Blood Pressure,4.0
2025,C0143,Controlling Blood Pressure,4.0
2025,C0144,Controlling Blood Pressure,4.0
2025,C0145,Controlling Blood Pressure,4.0
2025,C0146,Controlling Blood Pressure,4.0
2025,C0147,Controlling Blood Pressure,4.0
2025,C0148,Controlling Blood Pressure,4.0
2025,C0149,Controlling Blood Pressure,4.0
2025,C0150,Controlling Blood Pressure,4.0
2025,C0151,Controlling Blood Pressure,3.5
2025,C0152,Controlling Blood Pressure,4.0
2025,C0153,Controlling Blood Pressure,4.0
2025,C0154,Controlling Blood Pressure,3.5
2025,C0155,Controlling Blood Pressure,4.0
2025,C0156,Controlling Blood Pressure,4.0
2025,C0157,Controlling Blood Pressure,4.0
2025,C0158,Controlling Blood Pressure,4.0
2025,C0159,Controlling Blood Pressure,4.0
2025,C0160,Controlling Blood Pressure,3.5
2025,C0161,Controlling Blood Pressure,4.0
2025,C0162,Controlling Blood Pressure,3.5
2025,C0163,Controlling Blood Pressure,4.0
2025,C0164,Controlling Blood Pressure,4.0
2025,C0165,Controlling Blood Pressure,4.0
2025,C0166,Controlling Blood Pressure,3.5
2025,C0167,Controlling Blood Pressure,4.0
2025,C0168,Controlling Blood Pressure,4.0
2025,C0169,Controlling Blood Pressure,4.0
2025,C0170,Controlling Blood Pressure,4.0
2025,C0171,Controlling Blood Pressure,4.0
2025,C0172,Controlling Blood Pressure,4.0
2025,C0173,Controlling Blood Pressure,4.0
2025,C0174,Controlling Blood Pressure,4.0
2025,C0175,Controlling Blood Pressure,4.0
2025,C0176,Controlling Blood Pressure,4.0
2025,C0177,Controlling Blood Pressure,4.0
2025,C0178,Controlling Blood Pressure,3.5
2025,C0179,Controlling Blood Pressure,4.0
2025,C0180,Controlling Blood Pressure,4.0
2025,C0181,Controlling Blood Pressure,4.0
2025,C0182,Controlling Blood Pressure,4.0
2025,C0183,Controlling Blood Pressure,3.5
2025,C0184,Controlling Blood Pressure,4.0
2025,C0185,Controlling Blood Pressure,4.0
2025,C0186,Controlling Blood Pressure,4.0
2025,C0187,Controlling Blood Pressure,4.0
2025,C0188,Controlling Blood Pressure,3.5
2025,C0189,Controlling Blood Pressure,4.0
2025,C0190,Controlling Blood Pressure,4.0
2025,C0191,Controlling Blood Pressure,4.0
2025,C0192,Controlling Blood Pressure,3.5
2025,C0193,Controlling Blood Pressure,3.5
2025,C0194,Controlling Blood Pressure,4.0
2025,C0195,Controlling Blood Pressure,4.0
2025,C0196,Controlling Blood Pressure,4.0
2025,C0197,Controlling Blood Pressure,4.0
2025,C0198,Controlling Blood Pressure,4.0
2025,C0199,Controlling Blood Pressure,4.0
2025,C0200,Controlling Blood Pressure,3.5
2025,C0201,Controlling Blood Pressure,3.5
2025,C0202,Controlling Blood Pressure,4.0
2025,C0203,Controlling Blood Pressure,4.0
2025,C0204,Controlling Blood Pressure,4.0
2025,C0205,Controlling Blood Pressure,4.0
2025,C0206,Controlling Blood Pressure,4.0
2025,C0207,Controlling Blood Pressure,4.0
2025,C0208,Controlling Blood Pressure,4.0
2025,C0209,Controlling Blood Pressure,3.5
2025,C0210,Controlling Blood Pressure,4.0
2025,C0211,Controlling Blood Pressure,4.0
2025,C0212,Controlling Blood Pressure,4.0
2025,C0213,Controlling Blood Pressure,4.0
2025,C0214,Controlling Blood Pressure,4.0
2025,C0215,Controlling Blood Pressure,4.0
2025,C0216,Controlling Blood Pressure,4.0
2025,C0217,Controlling Blood Pressure,4.0
2025,C0218,Controlling Blood Pressure,4.0
2025,C0219,Controlling Blood Pressure,4.0
2025,C0220,Controlling Blood Pressure,4.0
2025,C0221,Controlling Blood Pressure,3.5
2025,C0222,Controlling Blood Pressure,4.0
2025,C0223,Controlling Blood Pressure,4.0
2025,C0224,Controlling Blood Pressure,4.0
2025,C0225,Controlling Blood Pressure,4.0
2025,C0226,Controlling Blood Pressure,4.0
2025,C0227,Controlling Blood Pressure,4.0
2025,C0228,Controlling Blood Pressure,4.0
2025,C0229,Controlling Blood Pressure,4.0
2025,C0230,Controlling Blood Pressure,3.5
2025,C0231,Controlling Blood Pressure,4.0
2025,C0232,Controlling Blood Pressure,4.0
2025,C0233,Controlling Blood Pressure,3.5
2025,C0234,Controlling Blood Pressure,4.0
2025,C0235,Controlling Blood Pressure,4.0
2025,C0236,Controlling Blood Pressure,3.5
2025,C0237,Controlling Blood Pressure,4.0
2025,C0238,Controlling Blood Pressure,4.0
2025,C0239,Controlling Blood Pressure,4.0
2025,C0240,Controlling Blood Pressure,4.0
2025,C0241,Controlling Blood Pressure,4.0
2025,C0242,Controlling Blood Pressure,4.0
2025,C0243,Controlling Blood Pressure,4.0
2025,C0244,Controlling Blood Pressure,3.5
2025,C0245,Controlling Blood Pressure,4.0
2025,C0246,Controlling Blood Pressure,4.0
2025,C0247,Controlling Blood Pressure,4.0
2025,C0248,Controlling Blood Pressure,4.0
2025,C0249,Controlling Blood Pressure,4.0
2025,C0250,Controlling Blood Pressure,4.0
